PTID,DIAGNOSIS,label,VISCODE,EXAMDATE,PTGENDER,PTEDUCAT,PTETHCAT,PTRACCAT,MMSCORE,CDRSB,filepath,PTDOBYY,AGE
011_S_0003,Dementia,2,bl,2005-09-30,Male,18.0,Not Hispanic or Latino,White,20.0,4.5,C:\Users\arine\Downloads\ADNI1_Complete_1Yr_1.5T\ADNI\011_S_0003\MPR-R__GradWarp__B1_Correction__N3__Scaled\2005-09-01_10_42_12.0\I32237\ADNI_011_S_0003_MR_MPR-R__GradWarp__B1_Correction__N3__Scaled_Br_20061208111300610_S9127_I32237.nii,1924.0,81.0
011_S_0005,CN,0,bl,2005-09-30,Male,16.0,Not Hispanic or Latino,White,29.0,0.0,C:\Users\arine\Downloads\ADNI1_Complete_1Yr_1.5T\ADNI\011_S_0005\MPR-R__GradWarp__B1_Correction__N3__Scaled\2005-09-02_10_21_41.0\I32246\ADNI_011_S_0005_MR_MPR-R__GradWarp__B1_Correction__N3__Scaled_Br_20061208112603927_S9136_I32246.nii,1931.0,74.0
100_S_0015,CN,0,bl,2005-10-18,Male,18.0,Not Hispanic or Latino,White,29.0,0.0,C:\Users\arine\Downloads\ADNI1_Complete_1Yr_1.5T\ADNI\100_S_0015\MPR-R____N3__Scaled\2005-09-26_11_21_00.0\I33066\ADNI_100_S_0015_MR_MPR-R____N3__Scaled_Br_20061213154536487_S9246_I33066.nii,1924.0,81.0
100_S_0015,CN,0,bl,2005-10-18,Male,18.0,Not Hispanic or Latino,White,29.0,0.0,C:\Users\arine\Downloads\ADNI1_Complete_1Yr_1.5T\ADNI\100_S_0015\MPR-R____N3__Scaled\2005-09-26_11_21_00.0\I33066\ADNI_100_S_0015_MR_MPR-R____N3__Scaled_Br_20061213154536487_S9246_I33066.nii,1924.0,81.0
023_S_0030,MCI,1,bl,2005-10-20,Female,19.0,Not Hispanic or Latino,White,29.0,1.0,C:\Users\arine\Downloads\ADNI1_Complete_1Yr_1.5T\ADNI\023_S_0030\MPR__GradWarp__B1_Correction__N3__Scaled\2005-10-10_09_00_44.0\I31631\ADNI_023_S_0030_MR_MPR__GradWarp__B1_Correction__N3__Scaled_Br_20061204155608167_S9441_I31631.nii,1925.0,80.0
023_S_0031,CN,0,bl,2005-10-24,Female,18.0,Not Hispanic or Latino,White,30.0,0.0,C:\Users\arine\Downloads\ADNI1_Complete_1Yr_1.5T\ADNI\023_S_0031\MPR__GradWarp__B1_Correction__N3__Scaled\2005-10-12_15_48_09.0\I69612\ADNI_023_S_0031_MR_MPR__GradWarp__B1_Correction__N3__Scaled_Br_20070821182618561_S9785_I69612.nii,1928.0,77.0
023_S_0031,CN,0,bl,2005-10-24,Female,18.0,Not Hispanic or Latino,White,30.0,0.0,C:\Users\arine\Downloads\ADNI1_Complete_1Yr_1.5T\ADNI\023_S_0031\MPR__GradWarp__B1_Correction__N3__Scaled\2005-10-12_15_48_09.0\I69612\ADNI_023_S_0031_MR_MPR__GradWarp__B1_Correction__N3__Scaled_Br_20070821182618561_S9785_I69612.nii,1928.0,77.0
023_S_0031,CN,0,bl,2005-10-24,Female,18.0,Not Hispanic or Latino,White,30.0,0.0,C:\Users\arine\Downloads\ADNI1_Complete_1Yr_1.5T\ADNI\023_S_0031\MPR__GradWarp__B1_Correction__N3__Scaled\2005-10-12_15_48_09.0\I69612\ADNI_023_S_0031_MR_MPR__GradWarp__B1_Correction__N3__Scaled_Br_20070821182618561_S9785_I69612.nii,,75.71323529411765
023_S_0031,CN,0,bl,2005-10-24,Female,18.0,Not Hispanic or Latino,White,30.0,0.0,C:\Users\arine\Downloads\ADNI1_Complete_1Yr_1.5T\ADNI\023_S_0031\MPR__GradWarp__B1_Correction__N3__Scaled\2005-10-12_15_48_09.0\I69612\ADNI_023_S_0031_MR_MPR__GradWarp__B1_Correction__N3__Scaled_Br_20070821182618561_S9785_I69612.nii,1928.0,77.0
011_S_0016,CN,0,bl,2005-10-25,Male,9.0,Not Hispanic or Latino,Black or African American,28.0,0.0,C:\Users\arine\Downloads\ADNI1_Complete_1Yr_1.5T\ADNI\011_S_0016\MPR__GradWarp__B1_Correction__N3__Scaled\2005-09-27_11_12_22.0\I32306\ADNI_011_S_0016_MR_MPR__GradWarp__B1_Correction__N3__Scaled_Br_20061208143604106_S9253_I32306.nii,1940.0,65.0
011_S_0021,CN,0,bl,2005-11-01,Female,18.0,Not Hispanic or Latino,Black or African American,30.0,0.0,C:\Users\arine\Downloads\ADNI1_Complete_1Yr_1.5T\ADNI\011_S_0021\MPR__GradWarp__B1_Correction__N3__Scaled\2005-10-10_13_12_17.0\I32332\ADNI_011_S_0021_MR_MPR__GradWarp__B1_Correction__N3__Scaled_Br_20061208145032820_S9581_I32332.nii,1933.0,72.0
011_S_0021,CN,0,bl,2005-11-01,Female,18.0,Not Hispanic or Latino,Black or African American,30.0,0.0,C:\Users\arine\Downloads\ADNI1_Complete_1Yr_1.5T\ADNI\011_S_0021\MPR__GradWarp__B1_Correction__N3__Scaled\2005-10-10_13_12_17.0\I32332\ADNI_011_S_0021_MR_MPR__GradWarp__B1_Correction__N3__Scaled_Br_20061208145032820_S9581_I32332.nii,1933.0,72.0
011_S_0021,CN,0,bl,2005-11-01,Female,18.0,Not Hispanic or Latino,Black or African American,30.0,0.0,C:\Users\arine\Downloads\ADNI1_Complete_1Yr_1.5T\ADNI\011_S_0021\MPR__GradWarp__B1_Correction__N3__Scaled\2005-10-10_13_12_17.0\I32332\ADNI_011_S_0021_MR_MPR__GradWarp__B1_Correction__N3__Scaled_Br_20061208145032820_S9581_I32332.nii,,75.71323529411765
011_S_0021,CN,0,bl,2005-11-01,Female,18.0,Not Hispanic or Latino,Black or African American,30.0,0.0,C:\Users\arine\Downloads\ADNI1_Complete_1Yr_1.5T\ADNI\011_S_0021\MPR__GradWarp__B1_Correction__N3__Scaled\2005-10-10_13_12_17.0\I32332\ADNI_011_S_0021_MR_MPR__GradWarp__B1_Correction__N3__Scaled_Br_20061208145032820_S9581_I32332.nii,1933.0,72.0
011_S_0021,CN,0,bl,2005-11-01,Female,18.0,Not Hispanic or Latino,Black or African American,30.0,0.0,C:\Users\arine\Downloads\ADNI1_Complete_1Yr_1.5T\ADNI\011_S_0021\MPR__GradWarp__B1_Correction__N3__Scaled\2005-10-10_13_12_17.0\I32332\ADNI_011_S_0021_MR_MPR__GradWarp__B1_Correction__N3__Scaled_Br_20061208145032820_S9581_I32332.nii,1933.0,72.0
011_S_0022,CN,0,bl,2005-11-01,Male,17.0,Not Hispanic or Latino,Black or African American,29.0,0.0,C:\Users\arine\Downloads\ADNI1_Complete_1Yr_1.5T\ADNI\011_S_0022\MPR-R__GradWarp__B1_Correction__N3__Scaled\2005-10-10_08_47_02.0\I32389\ADNI_011_S_0022_MR_MPR-R__GradWarp__B1_Correction__N3__Scaled_Br_20061208150933591_S9617_I32389.nii,1942.0,63.0
022_S_0014,CN,0,bl,2005-11-04,Female,12.0,Hispanic or Latino,White,29.0,0.0,C:\Users\arine\Downloads\ADNI1_Complete_1Yr_1.5T\ADNI\022_S_0014\MPR__GradWarp__B1_Correction__N3__Scaled\2005-09-29_15_36_16.0\I59375\ADNI_022_S_0014_MR_MPR__GradWarp__B1_Correction__N3__Scaled_Br_20070712143051450_S9271_I59375.nii,1927.0,78.0
100_S_0035,CN,0,bl,2005-11-09,Male,18.0,Not Hispanic or Latino,White,30.0,0.0,C:\Users\arine\Downloads\ADNI1_Complete_1Yr_1.5T\ADNI\100_S_0035\MPR____N3__Scaled\2005-10-20_11_03_01.0\I33074\ADNI_100_S_0035_MR_MPR____N3__Scaled_Br_20061213155906774_S9959_I33074.nii,1928.0,77.0
100_S_0035,CN,0,bl,2005-11-09,Male,18.0,Not Hispanic or Latino,White,30.0,0.0,C:\Users\arine\Downloads\ADNI1_Complete_1Yr_1.5T\ADNI\100_S_0035\MPR____N3__Scaled\2005-10-20_11_03_01.0\I33074\ADNI_100_S_0035_MR_MPR____N3__Scaled_Br_20061213155906774_S9959_I33074.nii,1928.0,77.0
100_S_0035,CN,0,bl,2005-11-09,Male,18.0,Not Hispanic or Latino,White,30.0,0.0,C:\Users\arine\Downloads\ADNI1_Complete_1Yr_1.5T\ADNI\100_S_0035\MPR____N3__Scaled\2005-10-20_11_03_01.0\I33074\ADNI_100_S_0035_MR_MPR____N3__Scaled_Br_20061213155906774_S9959_I33074.nii,,75.71323529411765
100_S_0035,CN,0,bl,2005-11-09,Male,18.0,Not Hispanic or Latino,White,30.0,0.0,C:\Users\arine\Downloads\ADNI1_Complete_1Yr_1.5T\ADNI\100_S_0035\MPR____N3__Scaled\2005-10-20_11_03_01.0\I33074\ADNI_100_S_0035_MR_MPR____N3__Scaled_Br_20061213155906774_S9959_I33074.nii,1928.0,77.0
023_S_0042,MCI,1,bl,2005-11-10,Male,18.0,Not Hispanic or Latino,White,30.0,0.5,C:\Users\arine\Downloads\ADNI1_Complete_1Yr_1.5T\ADNI\023_S_0042\MPR-R__GradWarp__B1_Correction__N3__Scaled\2005-10-31_12_03_30.0\I31084\ADNI_023_S_0042_MR_MPR-R__GradWarp__B1_Correction__N3__Scaled_Br_20061130173634563_S8852_I31084.nii,1932.0,73.0
023_S_0042,MCI,1,bl,2005-11-10,Male,18.0,Not Hispanic or Latino,White,30.0,0.5,C:\Users\arine\Downloads\ADNI1_Complete_1Yr_1.5T\ADNI\023_S_0042\MPR-R__GradWarp__B1_Correction__N3__Scaled\2005-10-31_12_03_30.0\I31084\ADNI_023_S_0042_MR_MPR-R__GradWarp__B1_Correction__N3__Scaled_Br_20061130173634563_S8852_I31084.nii,1932.0,73.0
067_S_0029,Dementia,2,bl,2005-11-11,Male,18.0,Not Hispanic or Latino,White,21.0,4.0,C:\Users\arine\Downloads\ADNI1_Complete_1Yr_1.5T\ADNI\067_S_0029\MPR__GradWarp__B1_Correction__N3__Scaled\2005-10-14_08_56_24.0\I38717\ADNI_067_S_0029_MR_MPR__GradWarp__B1_Correction__N3__Scaled_Br_20070209160613449_S9904_I38717.nii,1941.0,64.0
007_S_0041,MCI,1,bl,2005-11-14,Female,14.0,Not Hispanic or Latino,White,25.0,1.5,C:\Users\arine\Downloads\ADNI1_Complete_1Yr_1.5T\ADNI\007_S_0041\MPR__GradWarp__B1_Correction__N3__Scaled\2005-10-21_09_06_32.0\I35734\ADNI_007_S_0041_MR_MPR__GradWarp__B1_Correction__N3__Scaled_Br_20070110204215685_S9994_I35734.nii,1934.0,71.0
022_S_0004,MCI,1,bl,2005-11-08,Male,10.0,Hispanic or Latino,White,27.0,1.0,C:\Users\arine\Downloads\ADNI1_Complete_1Yr_1.5T\ADNI\022_S_0004\MPR-R__GradWarp__B1_Correction__N3__Scaled\2005-09-22_14_08_50.0\I64631\ADNI_022_S_0004_MR_MPR-R__GradWarp__B1_Correction__N3__Scaled_Br_20070804134614900_S9234_I64631.nii,1938.0,67.0
100_S_0006,MCI,1,bl,2005-12-01,Female,13.0,Not Hispanic or Latino,White,25.0,0.5,C:\Users\arine\Downloads\ADNI1_Complete_1Yr_1.5T\ADNI\100_S_0006\MPR____N3__Scaled\2005-11-15_12_07_32.0\I33025\ADNI_100_S_0006_MR_MPR____N3__Scaled_Br_20061213150005090_S10145_I33025.nii,1925.0,80.0
022_S_0066,CN,0,bl,2005-12-07,Male,18.0,Not Hispanic or Latino,White,30.0,0.0,C:\Users\arine\Downloads\ADNI1_Complete_1Yr_1.5T\ADNI\022_S_0066\MPR__GradWarp__B1_Correction__N3__Scaled\2005-11-23_11_36_42.0\I59446\ADNI_022_S_0066_MR_MPR__GradWarp__B1_Correction__N3__Scaled_Br_20070712150156508_S10271_I59446.nii,1931.0,74.0
067_S_0019,CN,0,bl,2005-12-08,Female,18.0,Not Hispanic or Latino,White,29.0,0.0,C:\Users\arine\Downloads\ADNI1_Complete_1Yr_1.5T\ADNI\067_S_0019\MPR__GradWarp__B1_Correction__N3__Scaled\2005-10-12_10_40_27.0\I45228\ADNI_067_S_0019_MR_MPR__GradWarp__B1_Correction__N3__Scaled_Br_20070319180308737_S9539_I45228.nii,1932.0,73.0
023_S_0058,CN,0,bl,2005-12-12,Male,16.0,Not Hispanic or Latino,White,30.0,0.0,C:\Users\arine\Downloads\ADNI1_Complete_1Yr_1.5T\ADNI\023_S_0058\MPR__GradWarp__B1_Correction__N3__Scaled\2005-11-30_09_36_10.0\I108504\ADNI_023_S_0058_MR_MPR__GradWarp__B1_Correction__N3__Scaled_Br_20080605143248460_S10335_I108504.nii,1935.0,70.0
023_S_0058,CN,0,bl,2005-12-12,Male,16.0,Not Hispanic or Latino,White,30.0,0.0,C:\Users\arine\Downloads\ADNI1_Complete_1Yr_1.5T\ADNI\023_S_0058\MPR__GradWarp__B1_Correction__N3__Scaled\2005-11-30_09_36_10.0\I108504\ADNI_023_S_0058_MR_MPR__GradWarp__B1_Correction__N3__Scaled_Br_20080605143248460_S10335_I108504.nii,1935.0,70.0
007_S_0068,CN,0,bl,2005-12-14,Female,12.0,Not Hispanic or Latino,White,30.0,0.0,C:\Users\arine\Downloads\ADNI1_Complete_1Yr_1.5T\ADNI\007_S_0068\MPR-R__GradWarp__B1_Correction__N3__Scaled\2005-11-30_11_37_19.0\I35790\ADNI_007_S_0068_MR_MPR-R__GradWarp__B1_Correction__N3__Scaled_Br_20070110221450692_S10356_I35790.nii,1931.0,74.0
007_S_0068,CN,0,bl,2005-12-14,Female,12.0,Not Hispanic or Latino,White,30.0,0.0,C:\Users\arine\Downloads\ADNI1_Complete_1Yr_1.5T\ADNI\007_S_0068\MPR-R__GradWarp__B1_Correction__N3__Scaled\2005-11-30_11_37_19.0\I35790\ADNI_007_S_0068_MR_MPR-R__GradWarp__B1_Correction__N3__Scaled_Br_20070110221450692_S10356_I35790.nii,1931.0,74.0
023_S_0061,CN,0,bl,2005-12-15,Female,15.0,Not Hispanic or Latino,Black or African American,29.0,0.0,C:\Users\arine\Downloads\ADNI1_Complete_1Yr_1.5T\ADNI\023_S_0061\MPR-R__GradWarp__B1_Correction__N3__Scaled\2005-11-29_09_03_43.0\I31102\ADNI_023_S_0061_MR_MPR-R__GradWarp__B1_Correction__N3__Scaled_Br_20061130181357306_S10312_I31102.nii,1928.0,77.0
023_S_0061,CN,0,bl,2005-12-15,Female,15.0,Not Hispanic or Latino,Black or African American,29.0,0.0,C:\Users\arine\Downloads\ADNI1_Complete_1Yr_1.5T\ADNI\023_S_0061\MPR-R__GradWarp__B1_Correction__N3__Scaled\2005-11-29_09_03_43.0\I31102\ADNI_023_S_0061_MR_MPR-R__GradWarp__B1_Correction__N3__Scaled_Br_20061130181357306_S10312_I31102.nii,1928.0,77.0
023_S_0061,CN,0,bl,2005-12-15,Female,15.0,Not Hispanic or Latino,Black or African American,29.0,0.0,C:\Users\arine\Downloads\ADNI1_Complete_1Yr_1.5T\ADNI\023_S_0061\MPR-R__GradWarp__B1_Correction__N3__Scaled\2005-11-29_09_03_43.0\I31102\ADNI_023_S_0061_MR_MPR-R__GradWarp__B1_Correction__N3__Scaled_Br_20061130181357306_S10312_I31102.nii,,75.71323529411765
023_S_0061,CN,0,bl,2005-12-15,Female,15.0,Not Hispanic or Latino,Black or African American,29.0,0.0,C:\Users\arine\Downloads\ADNI1_Complete_1Yr_1.5T\ADNI\023_S_0061\MPR-R__GradWarp__B1_Correction__N3__Scaled\2005-11-29_09_03_43.0\I31102\ADNI_023_S_0061_MR_MPR-R__GradWarp__B1_Correction__N3__Scaled_Br_20061130181357306_S10312_I31102.nii,1928.0,77.0
023_S_0061,CN,0,bl,2005-12-15,Female,15.0,Not Hispanic or Latino,Black or African American,29.0,0.0,C:\Users\arine\Downloads\ADNI1_Complete_1Yr_1.5T\ADNI\023_S_0061\MPR-R__GradWarp__B1_Correction__N3__Scaled\2005-11-29_09_03_43.0\I31102\ADNI_023_S_0061_MR_MPR-R__GradWarp__B1_Correction__N3__Scaled_Br_20061130181357306_S10312_I31102.nii,,75.71323529411765
100_S_0047,CN,0,bl,2005-12-15,Male,20.0,Not Hispanic or Latino,White,30.0,0.0,C:\Users\arine\Downloads\ADNI1_Complete_1Yr_1.5T\ADNI\100_S_0047\MPR-R____N3__Scaled\2005-11-17_10_30_06.0\I33086\ADNI_100_S_0047_MR_MPR-R____N3__Scaled_Br_20061213161755301_S10215_I33086.nii,1921.0,84.0
100_S_0047,CN,0,bl,2005-12-15,Male,20.0,Not Hispanic or Latino,White,30.0,0.0,C:\Users\arine\Downloads\ADNI1_Complete_1Yr_1.5T\ADNI\100_S_0047\MPR-R____N3__Scaled\2005-11-17_10_30_06.0\I33086\ADNI_100_S_0047_MR_MPR-R____N3__Scaled_Br_20061213161755301_S10215_I33086.nii,,75.71323529411765
100_S_0047,CN,0,bl,2005-12-15,Male,20.0,Not Hispanic or Latino,White,30.0,0.0,C:\Users\arine\Downloads\ADNI1_Complete_1Yr_1.5T\ADNI\100_S_0047\MPR-R____N3__Scaled\2005-11-17_10_30_06.0\I33086\ADNI_100_S_0047_MR_MPR-R____N3__Scaled_Br_20061213161755301_S10215_I33086.nii,1921.0,84.0
100_S_0047,CN,0,bl,2005-12-15,Male,20.0,Not Hispanic or Latino,White,30.0,0.0,C:\Users\arine\Downloads\ADNI1_Complete_1Yr_1.5T\ADNI\100_S_0047\MPR-R____N3__Scaled\2005-11-17_10_30_06.0\I33086\ADNI_100_S_0047_MR_MPR-R____N3__Scaled_Br_20061213161755301_S10215_I33086.nii,1921.0,84.0
123_S_0050,MCI,1,bl,2005-12-02,Male,16.0,Not Hispanic or Latino,White,26.0,3.5,C:\Users\arine\Downloads\ADNI1_Complete_1Yr_1.5T\ADNI\123_S_0050\MPR____N3__Scaled\2005-11-11_13_51_11.0\I64390\ADNI_123_S_0050_MR_MPR____N3__Scaled_Br_20070802214257605_S10053_I64390.nii,1928.0,77.0
123_S_0050,MCI,1,bl,2005-12-02,Male,16.0,Not Hispanic or Latino,White,26.0,3.5,C:\Users\arine\Downloads\ADNI1_Complete_1Yr_1.5T\ADNI\123_S_0050\MPR____N3__Scaled\2005-11-11_13_51_11.0\I64390\ADNI_123_S_0050_MR_MPR____N3__Scaled_Br_20070802214257605_S10053_I64390.nii,,75.05882352941177
067_S_0038,MCI,1,bl,2005-12-16,Male,12.0,Not Hispanic or Latino,White,25.0,1.0,C:\Users\arine\Downloads\ADNI1_Complete_1Yr_1.5T\ADNI\067_S_0038\MPR__GradWarp__B1_Correction__N3__Scaled\2005-11-10_09_28_42.0\I35875\ADNI_067_S_0038_MR_MPR__GradWarp__B1_Correction__N3__Scaled_Br_20070111003037819_S10026_I35875.nii,1929.0,76.0
035_S_0033,MCI,1,bl,2005-12-09,Male,20.0,Not Hispanic or Latino,White,29.0,2.0,C:\Users\arine\Downloads\ADNI1_Complete_1Yr_1.5T\ADNI\035_S_0033\MPR__GradWarp__B1_Correction__N3__Scaled\2005-11-22_10_19_43.0\I45166\ADNI_035_S_0033_MR_MPR__GradWarp__B1_Correction__N3__Scaled_Br_20070319170758998_S10396_I45166.nii,1922.0,83.0
035_S_0048,CN,0,bl,2005-12-19,Male,14.0,Not Hispanic or Latino,Asian,29.0,0.0,C:\Users\arine\Downloads\ADNI1_Complete_1Yr_1.5T\ADNI\035_S_0048\MPR__GradWarp__B1_Correction__N3__Scaled\2005-11-22_13_31_20.0\I45183\ADNI_035_S_0048_MR_MPR__GradWarp__B1_Correction__N3__Scaled_Br_20070319171821233_S10257_I45183.nii,1927.0,78.0
067_S_0056,CN,0,bl,2005-12-22,Female,13.0,Not Hispanic or Latino,Black or African American,28.0,0.0,C:\Users\arine\Downloads\ADNI1_Complete_1Yr_1.5T\ADNI\067_S_0056\MPR__GradWarp__B1_Correction__N3__Scaled\2005-11-09_09_25_54.0\I35893\ADNI_067_S_0056_MR_MPR__GradWarp__B1_Correction__N3__Scaled_Br_20070111005541331_S8723_I35893.nii,1936.0,69.0
067_S_0056,CN,0,bl,2005-12-22,Female,13.0,Not Hispanic or Latino,Black or African American,28.0,0.0,C:\Users\arine\Downloads\ADNI1_Complete_1Yr_1.5T\ADNI\067_S_0056\MPR__GradWarp__B1_Correction__N3__Scaled\2005-11-09_09_25_54.0\I35893\ADNI_067_S_0056_MR_MPR__GradWarp__B1_Correction__N3__Scaled_Br_20070111005541331_S8723_I35893.nii,1936.0,69.0
067_S_0056,CN,0,bl,2005-12-22,Female,13.0,Not Hispanic or Latino,Black or African American,28.0,0.0,C:\Users\arine\Downloads\ADNI1_Complete_1Yr_1.5T\ADNI\067_S_0056\MPR__GradWarp__B1_Correction__N3__Scaled\2005-11-09_09_25_54.0\I35893\ADNI_067_S_0056_MR_MPR__GradWarp__B1_Correction__N3__Scaled_Br_20070111005541331_S8723_I35893.nii,,75.71323529411765
067_S_0056,CN,0,bl,2005-12-22,Female,13.0,Not Hispanic or Latino,Black or African American,28.0,0.0,C:\Users\arine\Downloads\ADNI1_Complete_1Yr_1.5T\ADNI\067_S_0056\MPR__GradWarp__B1_Correction__N3__Scaled\2005-11-09_09_25_54.0\I35893\ADNI_067_S_0056_MR_MPR__GradWarp__B1_Correction__N3__Scaled_Br_20070111005541331_S8723_I35893.nii,1936.0,69.0
099_S_0051,MCI,1,bl,2005-12-29,Male,18.0,Not Hispanic or Latino,White,27.0,1.0,C:\Users\arine\Downloads\ADNI1_Complete_1Yr_1.5T\ADNI\099_S_0051\MPR__GradWarp__B1_Correction__N3__Scaled\2005-11-15_18_49_32.0\I35819\ADNI_099_S_0051_MR_MPR__GradWarp__B1_Correction__N3__Scaled_Br_20070110230400919_S10325_I35819.nii,1939.0,66.0
099_S_0051,MCI,1,bl,2005-12-29,Male,18.0,Not Hispanic or Latino,White,27.0,1.0,C:\Users\arine\Downloads\ADNI1_Complete_1Yr_1.5T\ADNI\099_S_0051\MPR__GradWarp__B1_Correction__N3__Scaled\2005-11-15_18_49_32.0\I35819\ADNI_099_S_0051_MR_MPR__GradWarp__B1_Correction__N3__Scaled_Br_20070110230400919_S10325_I35819.nii,1939.0,66.0
099_S_0040,CN,0,bl,2005-12-29,Male,18.0,Not Hispanic or Latino,White,29.0,0.0,C:\Users\arine\Downloads\ADNI1_Complete_1Yr_1.5T\ADNI\099_S_0040\MPR-R__GradWarp__B1_Correction__N3__Scaled\2005-10-24_11_52_01.0\I34607\ADNI_099_S_0040_MR_MPR-R__GradWarp__B1_Correction__N3__Scaled_Br_20061228155835034_S8920_I34607.nii,1932.0,73.0
011_S_0010,Dementia,2,bl,2005-11-10,Female,12.0,Not Hispanic or Latino,White,24.0,5.0,C:\Users\arine\Downloads\ADNI1_Complete_1Yr_1.5T\ADNI\011_S_0010\MPR__GradWarp__B1_Correction__N3__Scaled\2005-11-07_08_19_30.0\I32270\ADNI_011_S_0010_MR_MPR__GradWarp__B1_Correction__N3__Scaled_Br_20061208114538147_S8800_I32270.nii,1931.0,74.0
011_S_0023,CN,0,bl,2005-11-08,Male,14.0,Not Hispanic or Latino,Black or African American,26.0,0.0,C:\Users\arine\Downloads\ADNI1_Complete_1Yr_1.5T\ADNI\011_S_0023\MPR__GradWarp__B1_Correction__N3__Scaled\2005-10-31_09_18_49.0\I32409\ADNI_011_S_0023_MR_MPR__GradWarp__B1_Correction__N3__Scaled_Br_20061208151654929_S8868_I32409.nii,1934.0,71.0
011_S_0023,CN,0,bl,2005-11-08,Male,14.0,Not Hispanic or Latino,Black or African American,26.0,0.0,C:\Users\arine\Downloads\ADNI1_Complete_1Yr_1.5T\ADNI\011_S_0023\MPR__GradWarp__B1_Correction__N3__Scaled\2005-10-31_09_18_49.0\I32409\ADNI_011_S_0023_MR_MPR__GradWarp__B1_Correction__N3__Scaled_Br_20061208151654929_S8868_I32409.nii,,75.71323529411765
011_S_0023,CN,0,bl,2005-11-08,Male,14.0,Not Hispanic or Latino,Black or African American,26.0,0.0,C:\Users\arine\Downloads\ADNI1_Complete_1Yr_1.5T\ADNI\011_S_0023\MPR__GradWarp__B1_Correction__N3__Scaled\2005-10-31_09_18_49.0\I32409\ADNI_011_S_0023_MR_MPR__GradWarp__B1_Correction__N3__Scaled_Br_20061208151654929_S8868_I32409.nii,1934.0,71.0
011_S_0023,CN,0,bl,2005-11-08,Male,14.0,Not Hispanic or Latino,Black or African American,26.0,0.0,C:\Users\arine\Downloads\ADNI1_Complete_1Yr_1.5T\ADNI\011_S_0023\MPR__GradWarp__B1_Correction__N3__Scaled\2005-10-31_09_18_49.0\I32409\ADNI_011_S_0023_MR_MPR__GradWarp__B1_Correction__N3__Scaled_Br_20061208151654929_S8868_I32409.nii,,75.71323529411765
011_S_0023,CN,0,bl,2005-11-08,Male,14.0,Not Hispanic or Latino,Black or African American,26.0,0.0,C:\Users\arine\Downloads\ADNI1_Complete_1Yr_1.5T\ADNI\011_S_0023\MPR__GradWarp__B1_Correction__N3__Scaled\2005-10-31_09_18_49.0\I32409\ADNI_011_S_0023_MR_MPR__GradWarp__B1_Correction__N3__Scaled_Br_20061208151654929_S8868_I32409.nii,1934.0,71.0
011_S_0053,Dementia,2,bl,2005-11-29,Male,12.0,Not Hispanic or Latino,White,23.0,4.0,C:\Users\arine\Downloads\ADNI1_Complete_1Yr_1.5T\ADNI\011_S_0053\MPR-R__GradWarp__B1_Correction__N3__Scaled\2005-11-14_09_12_27.0\I35486\ADNI_011_S_0053_MR_MPR-R__GradWarp__B1_Correction__N3__Scaled_Br_20070108231357675_S10064_I35486.nii,1925.0,80.0
099_S_0054,MCI,1,bl,2005-12-29,Female,20.0,Not Hispanic or Latino,White,27.0,2.5,C:\Users\arine\Downloads\ADNI1_Complete_1Yr_1.5T\ADNI\099_S_0054\MPR__GradWarp__B1_Correction__N3__Scaled\2005-11-16_08_09_41.0\I35825\ADNI_099_S_0054_MR_MPR__GradWarp__B1_Correction__N3__Scaled_Br_20070110231208591_S10329_I35825.nii,1924.0,81.0
123_S_0091,Dementia,2,bl,2006-01-03,Male,20.0,Not Hispanic or Latino,White,25.0,3.0,C:\Users\arine\Downloads\ADNI1_Complete_1Yr_1.5T\ADNI\123_S_0091\MPR____N3__Scaled\2005-12-23_07_04_12.0\I64405\ADNI_123_S_0091_MR_MPR____N3__Scaled_Br_20070802215937761_S10708_I64405.nii,1943.0,63.0
007_S_0101,MCI,1,bl,2006-01-05,Male,18.0,Not Hispanic or Latino,White,27.0,0.5,C:\Users\arine\Downloads\ADNI1_Complete_1Yr_1.5T\ADNI\007_S_0101\MPR__GradWarp__B1_Correction__N3__Scaled\2005-12-20_10_20_16.0\I36726\ADNI_007_S_0101_MR_MPR__GradWarp__B1_Correction__N3__Scaled_Br_20070118231627932_S10679_I36726.nii,1932.0,74.0
007_S_0101,MCI,1,bl,2006-01-05,Male,18.0,Not Hispanic or Latino,White,27.0,0.5,C:\Users\arine\Downloads\ADNI1_Complete_1Yr_1.5T\ADNI\007_S_0101\MPR__GradWarp__B1_Correction__N3__Scaled\2005-12-20_10_20_16.0\I36726\ADNI_007_S_0101_MR_MPR__GradWarp__B1_Correction__N3__Scaled_Br_20070118231627932_S10679_I36726.nii,1932.0,74.0
123_S_0094,Dementia,2,bl,2006-01-05,Female,14.0,Not Hispanic or Latino,White,21.0,5.0,C:\Users\arine\Downloads\ADNI1_Complete_1Yr_1.5T\ADNI\123_S_0094\MPR____N3__Scaled\2005-12-28_16_05_07.0\I64410\ADNI_123_S_0094_MR_MPR____N3__Scaled_Br_20070802220504756_S10712_I64410.nii,1935.0,71.0
123_S_0094,Dementia,2,bl,2006-01-05,Female,14.0,Not Hispanic or Latino,White,21.0,5.0,C:\Users\arine\Downloads\ADNI1_Complete_1Yr_1.5T\ADNI\123_S_0094\MPR____N3__Scaled\2005-12-28_16_05_07.0\I64410\ADNI_123_S_0094_MR_MPR____N3__Scaled_Br_20070802220504756_S10712_I64410.nii,,74.94117647058823
027_S_0074,CN,0,bl,2006-01-10,Male,20.0,Not Hispanic or Latino,White,30.0,0.0,C:\Users\arine\Downloads\ADNI1_Complete_1Yr_1.5T\ADNI\027_S_0074\MPR__GradWarp__B1_Correction__N3__Scaled\2005-12-09_10_31_57.0\I34316\ADNI_027_S_0074_MR_MPR__GradWarp__B1_Correction__N3__Scaled_Br_20061227115631612_S10605_I34316.nii,1927.0,79.0
027_S_0074,CN,0,bl,2006-01-10,Male,20.0,Not Hispanic or Latino,White,30.0,0.0,C:\Users\arine\Downloads\ADNI1_Complete_1Yr_1.5T\ADNI\027_S_0074\MPR__GradWarp__B1_Correction__N3__Scaled\2005-12-09_10_31_57.0\I34316\ADNI_027_S_0074_MR_MPR__GradWarp__B1_Correction__N3__Scaled_Br_20061227115631612_S10605_I34316.nii,1927.0,79.0
027_S_0074,CN,0,bl,2006-01-10,Male,20.0,Not Hispanic or Latino,White,30.0,0.0,C:\Users\arine\Downloads\ADNI1_Complete_1Yr_1.5T\ADNI\027_S_0074\MPR__GradWarp__B1_Correction__N3__Scaled\2005-12-09_10_31_57.0\I34316\ADNI_027_S_0074_MR_MPR__GradWarp__B1_Correction__N3__Scaled_Br_20061227115631612_S10605_I34316.nii,1927.0,79.0
067_S_0059,CN,0,bl,2006-01-10,Female,13.0,Not Hispanic or Latino,Black or African American,29.0,0.0,C:\Users\arine\Downloads\ADNI1_Complete_1Yr_1.5T\ADNI\067_S_0059\MPR__GradWarp__B1_Correction__N3__Scaled\2005-12-12_09_12_14.0\I35902\ADNI_067_S_0059_MR_MPR__GradWarp__B1_Correction__N3__Scaled_Br_20070111010838738_S10517_I35902.nii,1935.0,71.0
067_S_0059,CN,0,bl,2006-01-10,Female,13.0,Not Hispanic or Latino,Black or African American,29.0,0.0,C:\Users\arine\Downloads\ADNI1_Complete_1Yr_1.5T\ADNI\067_S_0059\MPR__GradWarp__B1_Correction__N3__Scaled\2005-12-12_09_12_14.0\I35902\ADNI_067_S_0059_MR_MPR__GradWarp__B1_Correction__N3__Scaled_Br_20070111010838738_S10517_I35902.nii,1935.0,71.0
067_S_0059,CN,0,bl,2006-01-10,Female,13.0,Not Hispanic or Latino,Black or African American,29.0,0.0,C:\Users\arine\Downloads\ADNI1_Complete_1Yr_1.5T\ADNI\067_S_0059\MPR__GradWarp__B1_Correction__N3__Scaled\2005-12-12_09_12_14.0\I35902\ADNI_067_S_0059_MR_MPR__GradWarp__B1_Correction__N3__Scaled_Br_20070111010838738_S10517_I35902.nii,,75.71323529411765
067_S_0059,CN,0,bl,2006-01-10,Female,13.0,Not Hispanic or Latino,Black or African American,29.0,0.0,C:\Users\arine\Downloads\ADNI1_Complete_1Yr_1.5T\ADNI\067_S_0059\MPR__GradWarp__B1_Correction__N3__Scaled\2005-12-12_09_12_14.0\I35902\ADNI_067_S_0059_MR_MPR__GradWarp__B1_Correction__N3__Scaled_Br_20070111010838738_S10517_I35902.nii,1935.0,71.0
023_S_0078,Dementia,2,bl,2006-01-12,Female,18.0,Not Hispanic or Latino,White,24.0,3.0,C:\Users\arine\Downloads\ADNI1_Complete_1Yr_1.5T\ADNI\023_S_0078\MPR-R__GradWarp__B1_Correction__N3__Scaled\2005-12-16_09_46_57.0\I51999\ADNI_023_S_0078_MR_MPR-R__GradWarp__B1_Correction__N3__Scaled_Br_20070427190117586_S10619_I51999.nii,1929.0,77.0
067_S_0076,Dementia,2,bl,2006-01-13,Male,12.0,Not Hispanic or Latino,White,25.0,4.0,C:\Users\arine\Downloads\ADNI1_Complete_1Yr_1.5T\ADNI\067_S_0076\MPR__GradWarp__B1_Correction__N3__Scaled\2005-12-06_11_34_31.0\I35911\ADNI_067_S_0076_MR_MPR__GradWarp__B1_Correction__N3__Scaled_Br_20070111012139914_S10468_I35911.nii,1927.0,79.0
100_S_0069,CN,0,bl,2006-01-17,Male,16.0,Not Hispanic or Latino,White,28.0,0.0,C:\Users\arine\Downloads\ADNI1_Complete_1Yr_1.5T\ADNI\100_S_0069\MPR____N3__Scaled\2005-12-13_10_15_08.0\I33105\ADNI_100_S_0069_MR_MPR____N3__Scaled_Br_20061213163828351_S10563_I33105.nii,1933.0,73.0
100_S_0069,CN,0,bl,2006-01-17,Male,16.0,Not Hispanic or Latino,White,28.0,0.0,C:\Users\arine\Downloads\ADNI1_Complete_1Yr_1.5T\ADNI\100_S_0069\MPR____N3__Scaled\2005-12-13_10_15_08.0\I33105\ADNI_100_S_0069_MR_MPR____N3__Scaled_Br_20061213163828351_S10563_I33105.nii,1933.0,73.0
100_S_0069,CN,0,bl,2006-01-17,Male,16.0,Not Hispanic or Latino,White,28.0,0.0,C:\Users\arine\Downloads\ADNI1_Complete_1Yr_1.5T\ADNI\100_S_0069\MPR____N3__Scaled\2005-12-13_10_15_08.0\I33105\ADNI_100_S_0069_MR_MPR____N3__Scaled_Br_20061213163828351_S10563_I33105.nii,,75.71323529411765
100_S_0069,CN,0,bl,2006-01-17,Male,16.0,Not Hispanic or Latino,White,28.0,0.0,C:\Users\arine\Downloads\ADNI1_Complete_1Yr_1.5T\ADNI\100_S_0069\MPR____N3__Scaled\2005-12-13_10_15_08.0\I33105\ADNI_100_S_0069_MR_MPR____N3__Scaled_Br_20061213163828351_S10563_I33105.nii,1933.0,73.0
100_S_0069,CN,0,bl,2006-01-17,Male,16.0,Not Hispanic or Latino,White,28.0,0.0,C:\Users\arine\Downloads\ADNI1_Complete_1Yr_1.5T\ADNI\100_S_0069\MPR____N3__Scaled\2005-12-13_10_15_08.0\I33105\ADNI_100_S_0069_MR_MPR____N3__Scaled_Br_20061213163828351_S10563_I33105.nii,1933.0,73.0
099_S_0060,MCI,1,bl,2006-01-17,Male,20.0,Not Hispanic or Latino,White,27.0,1.0,C:\Users\arine\Downloads\ADNI1_Complete_1Yr_1.5T\ADNI\099_S_0060\MPR__GradWarp__B1_Correction__N3__Scaled\2005-12-07_08_58_03.0\I35833\ADNI_099_S_0060_MR_MPR__GradWarp__B1_Correction__N3__Scaled_Br_20070110232355304_S10478_I35833.nii,1935.0,71.0
010_S_0067,CN,0,bl,2006-01-18,Male,17.0,Not Hispanic or Latino,White,27.0,0.0,C:\Users\arine\Downloads\ADNI1_Complete_1Yr_1.5T\ADNI\010_S_0067\MPR____N3__Scaled\2005-11-30_15_18_13.0\I96211\ADNI_010_S_0067_MR_MPR____N3__Scaled_Br_20080308121553394_S10344_I96211.nii,1931.0,75.0
018_S_0057,MCI,1,bl,2006-01-18,Male,20.0,Not Hispanic or Latino,White,27.0,1.5,C:\Users\arine\Downloads\ADNI1_Complete_1Yr_1.5T\ADNI\018_S_0057\MPR-R____N3__Scaled\2005-11-17_13_18_18.0\I36501\ADNI_018_S_0057_MR_MPR-R____N3__Scaled_Br_20070118010453591_S10209_I36501.nii,1928.0,78.0
032_S_0095,CN,0,bl,2006-01-19,Male,12.0,Not Hispanic or Latino,White,26.0,0.0,C:\Users\arine\Downloads\ADNI1_Complete_1Yr_1.5T\ADNI\032_S_0095\MPR____N3__Scaled\2005-12-22_09_58_24.0\I63424\ADNI_032_S_0095_MR_MPR____N3__Scaled_Br_20070731174115956_S10729_I63424.nii,1934.0,72.0
018_S_0055,CN,0,bl,2006-01-18,Male,20.0,Not Hispanic or Latino,White,29.0,0.0,C:\Users\arine\Downloads\ADNI1_Complete_1Yr_1.5T\ADNI\018_S_0055\MPR____N3__Scaled\2005-12-01_13_24_36.0\I86354\ADNI_018_S_0055_MR_MPR____N3__Scaled_Br_20071229181121821_S10371_I86354.nii,1930.0,76.0
018_S_0055,CN,0,bl,2006-01-18,Male,20.0,Not Hispanic or Latino,White,29.0,0.0,C:\Users\arine\Downloads\ADNI1_Complete_1Yr_1.5T\ADNI\018_S_0055\MPR____N3__Scaled\2005-12-01_13_24_36.0\I86354\ADNI_018_S_0055_MR_MPR____N3__Scaled_Br_20071229181121821_S10371_I86354.nii,1930.0,76.0
018_S_0055,CN,0,bl,2006-01-18,Male,20.0,Not Hispanic or Latino,White,29.0,0.0,C:\Users\arine\Downloads\ADNI1_Complete_1Yr_1.5T\ADNI\018_S_0055\MPR____N3__Scaled\2005-12-01_13_24_36.0\I86354\ADNI_018_S_0055_MR_MPR____N3__Scaled_Br_20071229181121821_S10371_I86354.nii,1930.0,76.0
023_S_0084,Dementia,2,bl,2006-01-24,Female,14.0,Not Hispanic or Latino,White,24.0,2.0,C:\Users\arine\Downloads\ADNI1_Complete_1Yr_1.5T\ADNI\023_S_0084\MPR-R__GradWarp__B1_Correction__N3__Scaled\2006-01-04_09_01_25.0\I31205\ADNI_023_S_0084_MR_MPR-R__GradWarp__B1_Correction__N3__Scaled_Br_20061201102044695_S10764_I31205.nii,1930.0,76.0
123_S_0072,CN,0,bl,2006-01-17,Male,16.0,Not Hispanic or Latino,White,28.0,0.0,C:\Users\arine\Downloads\ADNI1_Complete_1Yr_1.5T\ADNI\123_S_0072\MPR____N3__Scaled\2006-01-04_14_58_17.0\I64395\ADNI_123_S_0072_MR_MPR____N3__Scaled_Br_20070802214830990_S10776_I64395.nii,1935.0,71.0
123_S_0072,CN,0,bl,2006-01-17,Male,16.0,Not Hispanic or Latino,White,28.0,0.0,C:\Users\arine\Downloads\ADNI1_Complete_1Yr_1.5T\ADNI\123_S_0072\MPR____N3__Scaled\2006-01-04_14_58_17.0\I64395\ADNI_123_S_0072_MR_MPR____N3__Scaled_Br_20070802214830990_S10776_I64395.nii,1935.0,71.0
123_S_0072,CN,0,bl,2006-01-17,Male,16.0,Not Hispanic or Latino,White,28.0,0.0,C:\Users\arine\Downloads\ADNI1_Complete_1Yr_1.5T\ADNI\123_S_0072\MPR____N3__Scaled\2006-01-04_14_58_17.0\I64395\ADNI_123_S_0072_MR_MPR____N3__Scaled_Br_20070802214830990_S10776_I64395.nii,,75.71323529411765
123_S_0072,CN,0,bl,2006-01-17,Male,16.0,Not Hispanic or Latino,White,28.0,0.0,C:\Users\arine\Downloads\ADNI1_Complete_1Yr_1.5T\ADNI\123_S_0072\MPR____N3__Scaled\2006-01-04_14_58_17.0\I64395\ADNI_123_S_0072_MR_MPR____N3__Scaled_Br_20070802214830990_S10776_I64395.nii,1935.0,71.0
123_S_0072,CN,0,bl,2006-01-17,Male,16.0,Not Hispanic or Latino,White,28.0,0.0,C:\Users\arine\Downloads\ADNI1_Complete_1Yr_1.5T\ADNI\123_S_0072\MPR____N3__Scaled\2006-01-04_14_58_17.0\I64395\ADNI_123_S_0072_MR_MPR____N3__Scaled_Br_20070802214830990_S10776_I64395.nii,1935.0,71.0
023_S_0081,CN,0,bl,2006-01-25,Male,18.0,Not Hispanic or Latino,White,30.0,0.0,C:\Users\arine\Downloads\ADNI1_Complete_1Yr_1.5T\ADNI\023_S_0081\MPR__GradWarp__B1_Correction__N3__Scaled\2006-01-10_08_27_21.0\I31125\ADNI_023_S_0081_MR_MPR__GradWarp__B1_Correction__N3__Scaled_Br_20061130190355722_S10813_I31125.nii,1935.0,71.0
023_S_0083,Dementia,2,bl,2006-01-19,Male,17.0,Not Hispanic or Latino,White,22.0,2.5,C:\Users\arine\Downloads\ADNI1_Complete_1Yr_1.5T\ADNI\023_S_0083\MPR__GradWarp__B1_Correction__N3__Scaled\2005-12-14_08_30_26.0\I31143\ADNI_023_S_0083_MR_MPR__GradWarp__B1_Correction__N3__Scaled_Br_20061130194138457_S10568_I31143.nii,1932.0,74.0
068_S_0109,Dementia,2,bl,2006-02-02,Female,16.0,Not Hispanic or Latino,White,25.0,3.0,C:\Users\arine\Downloads\ADNI1_Complete_1Yr_1.5T\ADNI\068_S_0109\MPR____N3__Scaled\2006-01-03_17_00_17.0\I63454\ADNI_068_S_0109_MR_MPR____N3__Scaled_Br_20070731181048264_S10772_I63454.nii,1935.0,71.0
023_S_0139,Dementia,2,bl,2006-02-02,Female,13.0,Not Hispanic or Latino,White,25.0,3.5,C:\Users\arine\Downloads\ADNI1_Complete_1Yr_1.5T\ADNI\023_S_0139\MPR__GradWarp__B1_Correction__N3__Scaled\2006-01-24_11_12_57.0\I31300\ADNI_023_S_0139_MR_MPR__GradWarp__B1_Correction__N3__Scaled_Br_20061201144502375_S11079_I31300.nii,1940.0,66.0
123_S_0106,CN,0,bl,2006-02-01,Female,15.0,Not Hispanic or Latino,White,30.0,0.0,C:\Users\arine\Downloads\ADNI1_Complete_1Yr_1.5T\ADNI\123_S_0106\MPR____N3__Scaled\2006-01-20_13_03_17.0\I65478\ADNI_123_S_0106_MR_MPR____N3__Scaled_Br_20070807114033316_S11010_I65478.nii,1932.0,74.0
123_S_0106,CN,0,bl,2006-02-01,Female,15.0,Not Hispanic or Latino,White,30.0,0.0,C:\Users\arine\Downloads\ADNI1_Complete_1Yr_1.5T\ADNI\123_S_0106\MPR____N3__Scaled\2006-01-20_13_03_17.0\I65478\ADNI_123_S_0106_MR_MPR____N3__Scaled_Br_20070807114033316_S11010_I65478.nii,1932.0,74.0
123_S_0106,CN,0,bl,2006-02-01,Female,15.0,Not Hispanic or Latino,White,30.0,0.0,C:\Users\arine\Downloads\ADNI1_Complete_1Yr_1.5T\ADNI\123_S_0106\MPR____N3__Scaled\2006-01-20_13_03_17.0\I65478\ADNI_123_S_0106_MR_MPR____N3__Scaled_Br_20070807114033316_S11010_I65478.nii,1932.0,74.0
123_S_0106,CN,0,bl,2006-02-01,Female,15.0,Not Hispanic or Latino,White,30.0,0.0,C:\Users\arine\Downloads\ADNI1_Complete_1Yr_1.5T\ADNI\123_S_0106\MPR____N3__Scaled\2006-01-20_13_03_17.0\I65478\ADNI_123_S_0106_MR_MPR____N3__Scaled_Br_20070807114033316_S11010_I65478.nii,,75.71323529411765
018_S_0087,MCI,1,bl,2006-02-03,Male,14.0,Not Hispanic or Latino,White,29.0,1.5,C:\Users\arine\Downloads\ADNI1_Complete_1Yr_1.5T\ADNI\018_S_0087\MPR____N3__Scaled\2005-12-22_12_58_37.0\I36504\ADNI_018_S_0087_MR_MPR____N3__Scaled_Br_20070118010954116_S10687_I36504.nii,1930.0,76.0
022_S_0096,CN,0,bl,2006-02-06,Male,20.0,Not Hispanic or Latino,White,30.0,0.0,C:\Users\arine\Downloads\ADNI1_Complete_1Yr_1.5T\ADNI\022_S_0096\MPR__GradWarp__B1_Correction__N3__Scaled\2006-01-18_12_32_57.0\I59456\ADNI_022_S_0096_MR_MPR__GradWarp__B1_Correction__N3__Scaled_Br_20070712150800206_S11006_I59456.nii,1926.0,80.0
022_S_0096,CN,0,bl,2006-02-06,Male,20.0,Not Hispanic or Latino,White,30.0,0.0,C:\Users\arine\Downloads\ADNI1_Complete_1Yr_1.5T\ADNI\022_S_0096\MPR__GradWarp__B1_Correction__N3__Scaled\2006-01-18_12_32_57.0\I59456\ADNI_022_S_0096_MR_MPR__GradWarp__B1_Correction__N3__Scaled_Br_20070712150800206_S11006_I59456.nii,1926.0,80.0
022_S_0096,CN,0,bl,2006-02-06,Male,20.0,Not Hispanic or Latino,White,30.0,0.0,C:\Users\arine\Downloads\ADNI1_Complete_1Yr_1.5T\ADNI\022_S_0096\MPR__GradWarp__B1_Correction__N3__Scaled\2006-01-18_12_32_57.0\I59456\ADNI_022_S_0096_MR_MPR__GradWarp__B1_Correction__N3__Scaled_Br_20070712150800206_S11006_I59456.nii,1926.0,80.0
018_S_0043,CN,0,bl,2006-02-03,Male,16.0,Not Hispanic or Latino,White,29.0,0.0,C:\Users\arine\Downloads\ADNI1_Complete_1Yr_1.5T\ADNI\018_S_0043\MPR____N3__Scaled\2005-12-08_13_16_26.0\I36485\ADNI_018_S_0043_MR_MPR____N3__Scaled_Br_20070118005318572_S10493_I36485.nii,1929.0,77.0
022_S_0130,CN,0,bl,2006-02-07,Male,16.0,Not Hispanic or Latino,White,30.0,0.0,C:\Users\arine\Downloads\ADNI1_Complete_1Yr_1.5T\ADNI\022_S_0130\MPR__GradWarp__B1_Correction__N3__Scaled\2006-01-23_13_33_37.0\I59524\ADNI_022_S_0130_MR_MPR__GradWarp__B1_Correction__N3__Scaled_Br_20070712154033261_S11089_I59524.nii,1932.0,74.0
022_S_0130,CN,0,bl,2006-02-07,Male,16.0,Not Hispanic or Latino,White,30.0,0.0,C:\Users\arine\Downloads\ADNI1_Complete_1Yr_1.5T\ADNI\022_S_0130\MPR__GradWarp__B1_Correction__N3__Scaled\2006-01-23_13_33_37.0\I59524\ADNI_022_S_0130_MR_MPR__GradWarp__B1_Correction__N3__Scaled_Br_20070712154033261_S11089_I59524.nii,1932.0,74.0
022_S_0130,CN,0,bl,2006-02-07,Male,16.0,Not Hispanic or Latino,White,30.0,0.0,C:\Users\arine\Downloads\ADNI1_Complete_1Yr_1.5T\ADNI\022_S_0130\MPR__GradWarp__B1_Correction__N3__Scaled\2006-01-23_13_33_37.0\I59524\ADNI_022_S_0130_MR_MPR__GradWarp__B1_Correction__N3__Scaled_Br_20070712154033261_S11089_I59524.nii,1932.0,74.0
098_S_0149,Dementia,2,bl,2006-02-08,Male,16.0,Not Hispanic or Latino,White,20.0,4.5,C:\Users\arine\Downloads\ADNI1_Complete_1Yr_1.5T\ADNI\098_S_0149\MPR__GradWarp__B1_Correction__N3__Scaled\2006-01-22_16_37_48.0\I89429\ADNI_098_S_0149_MR_MPR__GradWarp__B1_Correction__N3__Scaled_Br_20080206083054086_S11021_I89429.nii,1918.0,88.0
099_S_0090,CN,0,bl,2006-02-07,Male,20.0,Not Hispanic or Latino,White,29.0,0.0,C:\Users\arine\Downloads\ADNI1_Complete_1Yr_1.5T\ADNI\099_S_0090\MPR__GradWarp__B1_Correction__N3__Scaled\2006-01-11_07_06_46.0\I35841\ADNI_099_S_0090_MR_MPR__GradWarp__B1_Correction__N3__Scaled_Br_20070110233602074_S10835_I35841.nii,1936.0,70.0
007_S_0128,MCI,1,bl,2006-02-06,Female,20.0,Not Hispanic or Latino,White,29.0,0.5,C:\Users\arine\Downloads\ADNI1_Complete_1Yr_1.5T\ADNI\007_S_0128\MPR__GradWarp__B1_Correction__N3__Scaled\2006-01-16_11_50_23.0\I36640\ADNI_007_S_0128_MR_MPR__GradWarp__B1_Correction__N3__Scaled_Br_20070118045422141_S10936_I36640.nii,1941.0,65.0
007_S_0128,MCI,1,bl,2006-02-06,Female,20.0,Not Hispanic or Latino,White,29.0,0.5,C:\Users\arine\Downloads\ADNI1_Complete_1Yr_1.5T\ADNI\007_S_0128\MPR__GradWarp__B1_Correction__N3__Scaled\2006-01-16_11_50_23.0\I36640\ADNI_007_S_0128_MR_MPR__GradWarp__B1_Correction__N3__Scaled_Br_20070118045422141_S10936_I36640.nii,1941.0,65.0
007_S_0128,MCI,1,bl,2006-02-06,Female,20.0,Not Hispanic or Latino,White,29.0,0.5,C:\Users\arine\Downloads\ADNI1_Complete_1Yr_1.5T\ADNI\007_S_0128\MPR__GradWarp__B1_Correction__N3__Scaled\2006-01-16_11_50_23.0\I36640\ADNI_007_S_0128_MR_MPR__GradWarp__B1_Correction__N3__Scaled_Br_20070118045422141_S10936_I36640.nii,,75.05882352941177
007_S_0070,CN,0,bl,2006-02-08,Male,14.0,Not Hispanic or Latino,White,27.0,0.0,C:\Users\arine\Downloads\ADNI1_Complete_1Yr_1.5T\ADNI\007_S_0070\MPR-R__GradWarp__B1_Correction__N3__Scaled\2006-01-18_14_49_22.0\I36628\ADNI_007_S_0070_MR_MPR-R__GradWarp__B1_Correction__N3__Scaled_Br_20070118043705519_S10950_I36628.nii,1932.0,74.0
022_S_0129,Dementia,2,bl,2006-02-13,Female,16.0,Not Hispanic or Latino,White,22.0,4.5,C:\Users\arine\Downloads\ADNI1_Complete_1Yr_1.5T\ADNI\022_S_0129\MPR__GradWarp__B1_Correction__N3__Scaled\2006-02-06_11_54_32.0\I59484\ADNI_022_S_0129_MR_MPR__GradWarp__B1_Correction__N3__Scaled_Br_20070712152611314_S11485_I59484.nii,1925.0,81.0
131_S_0123,CN,0,bl,2006-02-14,Male,20.0,Not Hispanic or Latino,White,30.0,0.0,C:\Users\arine\Downloads\ADNI1_Complete_1Yr_1.5T\ADNI\131_S_0123\MPR__GradWarp__B1_Correction__N3__Scaled\2006-01-19_07_52_31.0\I63784\ADNI_131_S_0123_MR_MPR__GradWarp__B1_Correction__N3__Scaled_Br_20070801185420724_S10960_I63784.nii,1932.0,74.0
131_S_0123,CN,0,bl,2006-02-14,Male,20.0,Not Hispanic or Latino,White,30.0,0.0,C:\Users\arine\Downloads\ADNI1_Complete_1Yr_1.5T\ADNI\131_S_0123\MPR__GradWarp__B1_Correction__N3__Scaled\2006-01-19_07_52_31.0\I63784\ADNI_131_S_0123_MR_MPR__GradWarp__B1_Correction__N3__Scaled_Br_20070801185420724_S10960_I63784.nii,,75.71323529411765
131_S_0123,CN,0,bl,2006-02-14,Male,20.0,Not Hispanic or Latino,White,30.0,0.0,C:\Users\arine\Downloads\ADNI1_Complete_1Yr_1.5T\ADNI\131_S_0123\MPR__GradWarp__B1_Correction__N3__Scaled\2006-01-19_07_52_31.0\I63784\ADNI_131_S_0123_MR_MPR__GradWarp__B1_Correction__N3__Scaled_Br_20070801185420724_S10960_I63784.nii,1932.0,74.0
131_S_0123,CN,0,bl,2006-02-14,Male,20.0,Not Hispanic or Latino,White,30.0,0.0,C:\Users\arine\Downloads\ADNI1_Complete_1Yr_1.5T\ADNI\131_S_0123\MPR__GradWarp__B1_Correction__N3__Scaled\2006-01-19_07_52_31.0\I63784\ADNI_131_S_0123_MR_MPR__GradWarp__B1_Correction__N3__Scaled_Br_20070801185420724_S10960_I63784.nii,1932.0,74.0
099_S_0111,MCI,1,bl,2006-02-10,Female,16.0,Not Hispanic or Latino,White,24.0,2.5,C:\Users\arine\Downloads\ADNI1_Complete_1Yr_1.5T\ADNI\099_S_0111\MPR__GradWarp__B1_Correction__N3__Scaled\2006-01-18_08_46_50.0\I35849\ADNI_099_S_0111_MR_MPR__GradWarp__B1_Correction__N3__Scaled_Br_20070110234851842_S10933_I35849.nii,1930.0,76.0
023_S_0126,MCI,1,bl,2006-02-16,Female,14.0,Not Hispanic or Latino,White,25.0,1.0,C:\Users\arine\Downloads\ADNI1_Complete_1Yr_1.5T\ADNI\023_S_0126\MPR-R__GradWarp__B1_Correction__N3__Scaled\2006-02-08_12_51_15.0\I31271\ADNI_023_S_0126_MR_MPR-R__GradWarp__B1_Correction__N3__Scaled_Br_20061201141412569_S11525_I31271.nii,1928.0,78.0
023_S_0126,MCI,1,bl,2006-02-16,Female,14.0,Not Hispanic or Latino,White,25.0,1.0,C:\Users\arine\Downloads\ADNI1_Complete_1Yr_1.5T\ADNI\023_S_0126\MPR-R__GradWarp__B1_Correction__N3__Scaled\2006-02-08_12_51_15.0\I31271\ADNI_023_S_0126_MR_MPR-R__GradWarp__B1_Correction__N3__Scaled_Br_20061201141412569_S11525_I31271.nii,1928.0,78.0
023_S_0126,MCI,1,bl,2006-02-16,Female,14.0,Not Hispanic or Latino,White,25.0,1.0,C:\Users\arine\Downloads\ADNI1_Complete_1Yr_1.5T\ADNI\023_S_0126\MPR-R__GradWarp__B1_Correction__N3__Scaled\2006-02-08_12_51_15.0\I31271\ADNI_023_S_0126_MR_MPR-R__GradWarp__B1_Correction__N3__Scaled_Br_20061201141412569_S11525_I31271.nii,,75.05882352941177
023_S_0126,MCI,1,bl,2006-02-16,Female,14.0,Not Hispanic or Latino,White,25.0,1.0,C:\Users\arine\Downloads\ADNI1_Complete_1Yr_1.5T\ADNI\023_S_0126\MPR-R__GradWarp__B1_Correction__N3__Scaled\2006-02-08_12_51_15.0\I31271\ADNI_023_S_0126_MR_MPR-R__GradWarp__B1_Correction__N3__Scaled_Br_20061201141412569_S11525_I31271.nii,1928.0,78.0
027_S_0116,MCI,1,bl,2006-02-15,Male,18.0,Not Hispanic or Latino,White,30.0,0.5,C:\Users\arine\Downloads\ADNI1_Complete_1Yr_1.5T\ADNI\027_S_0116\MPR__GradWarp__B1_Correction__N3__Scaled\2006-01-27_10_13_22.0\I34325\ADNI_027_S_0116_MR_MPR__GradWarp__B1_Correction__N3__Scaled_Br_20061227121133462_S11442_I34325.nii,1927.0,79.0
027_S_0116,MCI,1,bl,2006-02-15,Male,18.0,Not Hispanic or Latino,White,30.0,0.5,C:\Users\arine\Downloads\ADNI1_Complete_1Yr_1.5T\ADNI\027_S_0116\MPR__GradWarp__B1_Correction__N3__Scaled\2006-01-27_10_13_22.0\I34325\ADNI_027_S_0116_MR_MPR__GradWarp__B1_Correction__N3__Scaled_Br_20061227121133462_S11442_I34325.nii,1927.0,79.0
027_S_0116,MCI,1,bl,2006-02-15,Male,18.0,Not Hispanic or Latino,White,30.0,0.5,C:\Users\arine\Downloads\ADNI1_Complete_1Yr_1.5T\ADNI\027_S_0116\MPR__GradWarp__B1_Correction__N3__Scaled\2006-01-27_10_13_22.0\I34325\ADNI_027_S_0116_MR_MPR__GradWarp__B1_Correction__N3__Scaled_Br_20061227121133462_S11442_I34325.nii,,75.05882352941177
027_S_0116,MCI,1,bl,2006-02-15,Male,18.0,Not Hispanic or Latino,White,30.0,0.5,C:\Users\arine\Downloads\ADNI1_Complete_1Yr_1.5T\ADNI\027_S_0116\MPR__GradWarp__B1_Correction__N3__Scaled\2006-01-27_10_13_22.0\I34325\ADNI_027_S_0116_MR_MPR__GradWarp__B1_Correction__N3__Scaled_Br_20061227121133462_S11442_I34325.nii,1927.0,79.0
014_S_0169,MCI,1,bl,2006-02-16,Female,16.0,Not Hispanic or Latino,White,29.0,0.5,C:\Users\arine\Downloads\ADNI1_Complete_1Yr_1.5T\ADNI\014_S_0169\MPR-R__GradWarp__B1_Correction__N3__Scaled\2006-02-07_16_40_39.0\I40858\ADNI_014_S_0169_MR_MPR-R__GradWarp__B1_Correction__N3__Scaled_Br_20070217040959687_S11565_I40858.nii,1934.0,72.0
014_S_0169,MCI,1,bl,2006-02-16,Female,16.0,Not Hispanic or Latino,White,29.0,0.5,C:\Users\arine\Downloads\ADNI1_Complete_1Yr_1.5T\ADNI\014_S_0169\MPR-R__GradWarp__B1_Correction__N3__Scaled\2006-02-07_16_40_39.0\I40858\ADNI_014_S_0169_MR_MPR-R__GradWarp__B1_Correction__N3__Scaled_Br_20070217040959687_S11565_I40858.nii,1934.0,72.0
014_S_0169,MCI,1,bl,2006-02-16,Female,16.0,Not Hispanic or Latino,White,29.0,0.5,C:\Users\arine\Downloads\ADNI1_Complete_1Yr_1.5T\ADNI\014_S_0169\MPR-R__GradWarp__B1_Correction__N3__Scaled\2006-02-07_16_40_39.0\I40858\ADNI_014_S_0169_MR_MPR-R__GradWarp__B1_Correction__N3__Scaled_Br_20070217040959687_S11565_I40858.nii,1934.0,72.0
018_S_0142,MCI,1,bl,2006-02-20,Male,14.0,Not Hispanic or Latino,White,29.0,0.5,C:\Users\arine\Downloads\ADNI1_Complete_1Yr_1.5T\ADNI\018_S_0142\MPR____N3__Scaled\2006-01-19_13_09_59.0\I36886\ADNI_018_S_0142_MR_MPR____N3__Scaled_Br_20070119225705049_S10989_I36886.nii,1926.0,80.0
018_S_0142,MCI,1,bl,2006-02-20,Male,14.0,Not Hispanic or Latino,White,29.0,0.5,C:\Users\arine\Downloads\ADNI1_Complete_1Yr_1.5T\ADNI\018_S_0142\MPR____N3__Scaled\2006-01-19_13_09_59.0\I36886\ADNI_018_S_0142_MR_MPR____N3__Scaled_Br_20070119225705049_S10989_I36886.nii,1926.0,80.0
018_S_0142,MCI,1,bl,2006-02-20,Male,14.0,Not Hispanic or Latino,White,29.0,0.5,C:\Users\arine\Downloads\ADNI1_Complete_1Yr_1.5T\ADNI\018_S_0142\MPR____N3__Scaled\2006-01-19_13_09_59.0\I36886\ADNI_018_S_0142_MR_MPR____N3__Scaled_Br_20070119225705049_S10989_I36886.nii,,75.05882352941177
018_S_0142,MCI,1,bl,2006-02-20,Male,14.0,Not Hispanic or Latino,White,29.0,0.5,C:\Users\arine\Downloads\ADNI1_Complete_1Yr_1.5T\ADNI\018_S_0142\MPR____N3__Scaled\2006-01-19_13_09_59.0\I36886\ADNI_018_S_0142_MR_MPR____N3__Scaled_Br_20070119225705049_S10989_I36886.nii,1926.0,80.0
123_S_0088,Dementia,2,bl,2006-02-13,Male,8.0,Not Hispanic or Latino,White,21.0,3.0,C:\Users\arine\Downloads\ADNI1_Complete_1Yr_1.5T\ADNI\123_S_0088\MPR____N3__Scaled\2006-01-06_13_29_04.0\I64400\ADNI_123_S_0088_MR_MPR____N3__Scaled_Br_20070802215356737_S10795_I64400.nii,1940.0,66.0
123_S_0088,Dementia,2,bl,2006-02-13,Male,8.0,Not Hispanic or Latino,White,21.0,3.0,C:\Users\arine\Downloads\ADNI1_Complete_1Yr_1.5T\ADNI\123_S_0088\MPR____N3__Scaled\2006-01-06_13_29_04.0\I64400\ADNI_123_S_0088_MR_MPR____N3__Scaled_Br_20070802215356737_S10795_I64400.nii,,74.94117647058823
123_S_0108,MCI,1,bl,2006-02-14,Male,18.0,Not Hispanic or Latino,White,27.0,2.0,C:\Users\arine\Downloads\ADNI1_Complete_1Yr_1.5T\ADNI\123_S_0108\MPR-R____N3__Scaled\2006-02-01_19_00_27.0\I64417\ADNI_123_S_0108_MR_MPR-R____N3__Scaled_Br_20070802221227923_S11415_I64417.nii,1927.0,79.0
123_S_0108,MCI,1,bl,2006-02-14,Male,18.0,Not Hispanic or Latino,White,27.0,2.0,C:\Users\arine\Downloads\ADNI1_Complete_1Yr_1.5T\ADNI\123_S_0108\MPR-R____N3__Scaled\2006-02-01_19_00_27.0\I64417\ADNI_123_S_0108_MR_MPR-R____N3__Scaled_Br_20070802221227923_S11415_I64417.nii,1927.0,79.0
123_S_0108,MCI,1,bl,2006-02-14,Male,18.0,Not Hispanic or Latino,White,27.0,2.0,C:\Users\arine\Downloads\ADNI1_Complete_1Yr_1.5T\ADNI\123_S_0108\MPR-R____N3__Scaled\2006-02-01_19_00_27.0\I64417\ADNI_123_S_0108_MR_MPR-R____N3__Scaled_Br_20070802221227923_S11415_I64417.nii,1927.0,79.0
027_S_0120,CN,0,bl,2006-02-16,Male,20.0,Not Hispanic or Latino,White,30.0,0.0,C:\Users\arine\Downloads\ADNI1_Complete_1Yr_1.5T\ADNI\027_S_0120\MPR__GradWarp__B1_Correction__N3__Scaled\2006-02-06_13_41_47.0\I34332\ADNI_027_S_0120_MR_MPR__GradWarp__B1_Correction__N3__Scaled_Br_20061227122431347_S11535_I34332.nii,1934.0,72.0
027_S_0120,CN,0,bl,2006-02-16,Male,20.0,Not Hispanic or Latino,White,30.0,0.0,C:\Users\arine\Downloads\ADNI1_Complete_1Yr_1.5T\ADNI\027_S_0120\MPR__GradWarp__B1_Correction__N3__Scaled\2006-02-06_13_41_47.0\I34332\ADNI_027_S_0120_MR_MPR__GradWarp__B1_Correction__N3__Scaled_Br_20061227122431347_S11535_I34332.nii,1934.0,72.0
027_S_0120,CN,0,bl,2006-02-16,Male,20.0,Not Hispanic or Latino,White,30.0,0.0,C:\Users\arine\Downloads\ADNI1_Complete_1Yr_1.5T\ADNI\027_S_0120\MPR__GradWarp__B1_Correction__N3__Scaled\2006-02-06_13_41_47.0\I34332\ADNI_027_S_0120_MR_MPR__GradWarp__B1_Correction__N3__Scaled_Br_20061227122431347_S11535_I34332.nii,1934.0,72.0
032_S_0147,Dementia,2,bl,2006-02-22,Female,18.0,Not Hispanic or Latino,White,25.0,4.5,C:\Users\arine\Downloads\ADNI1_Complete_1Yr_1.5T\ADNI\032_S_0147\MPR____N3__Scaled\2006-01-26_11_40_52.0\I37210\ADNI_032_S_0147_MR_MPR____N3__Scaled_Br_20070123192754258_S11186_I37210.nii,1946.0,60.0
098_S_0171,CN,0,bl,2006-02-21,Female,17.0,Not Hispanic or Latino,White,30.0,0.0,C:\Users\arine\Downloads\ADNI1_Complete_1Yr_1.5T\ADNI\098_S_0171\MPR-R__GradWarp__B1_Correction__N3__Scaled\2006-02-04_17_01_34.0\I65752\ADNI_098_S_0171_MR_MPR-R__GradWarp__B1_Correction__N3__Scaled_Br_20070807181732526_S11460_I65752.nii,1927.0,79.0
098_S_0171,CN,0,bl,2006-02-21,Female,17.0,Not Hispanic or Latino,White,30.0,0.0,C:\Users\arine\Downloads\ADNI1_Complete_1Yr_1.5T\ADNI\098_S_0171\MPR-R__GradWarp__B1_Correction__N3__Scaled\2006-02-04_17_01_34.0\I65752\ADNI_098_S_0171_MR_MPR-R__GradWarp__B1_Correction__N3__Scaled_Br_20070807181732526_S11460_I65752.nii,1927.0,79.0
041_S_0125,CN,0,bl,2006-02-27,Male,18.0,Not Hispanic or Latino,White,29.0,0.0,C:\Users\arine\Downloads\ADNI1_Complete_1Yr_1.5T\ADNI\041_S_0125\MPR__GradWarp__B1_Correction__N3__Scaled\2006-01-13_13_00_31.0\I35671\ADNI_041_S_0125_MR_MPR__GradWarp__B1_Correction__N3__Scaled_Br_20070109234918469_S10883_I35671.nii,1932.0,74.0
041_S_0125,CN,0,bl,2006-02-27,Male,18.0,Not Hispanic or Latino,White,29.0,0.0,C:\Users\arine\Downloads\ADNI1_Complete_1Yr_1.5T\ADNI\041_S_0125\MPR__GradWarp__B1_Correction__N3__Scaled\2006-01-13_13_00_31.0\I35671\ADNI_041_S_0125_MR_MPR__GradWarp__B1_Correction__N3__Scaled_Br_20070109234918469_S10883_I35671.nii,1932.0,74.0
023_S_0217,MCI,1,bl,2006-02-28,Female,18.0,Not Hispanic or Latino,White,27.0,1.0,C:\Users\arine\Downloads\ADNI1_Complete_1Yr_1.5T\ADNI\023_S_0217\MPR-R__GradWarp__B1_Correction__N3__Scaled\2006-02-21_10_09_10.0\I31346\ADNI_023_S_0217_MR_MPR-R__GradWarp__B1_Correction__N3__Scaled_Br_20061201155914899_S11731_I31346.nii,1922.0,84.0
023_S_0217,MCI,1,bl,2006-02-28,Female,18.0,Not Hispanic or Latino,White,27.0,1.0,C:\Users\arine\Downloads\ADNI1_Complete_1Yr_1.5T\ADNI\023_S_0217\MPR-R__GradWarp__B1_Correction__N3__Scaled\2006-02-21_10_09_10.0\I31346\ADNI_023_S_0217_MR_MPR-R__GradWarp__B1_Correction__N3__Scaled_Br_20061201155914899_S11731_I31346.nii,1922.0,84.0
023_S_0217,MCI,1,bl,2006-02-28,Female,18.0,Not Hispanic or Latino,White,27.0,1.0,C:\Users\arine\Downloads\ADNI1_Complete_1Yr_1.5T\ADNI\023_S_0217\MPR-R__GradWarp__B1_Correction__N3__Scaled\2006-02-21_10_09_10.0\I31346\ADNI_023_S_0217_MR_MPR-R__GradWarp__B1_Correction__N3__Scaled_Br_20061201155914899_S11731_I31346.nii,,75.05882352941177
023_S_0217,MCI,1,bl,2006-02-28,Female,18.0,Not Hispanic or Latino,White,27.0,1.0,C:\Users\arine\Downloads\ADNI1_Complete_1Yr_1.5T\ADNI\023_S_0217\MPR-R__GradWarp__B1_Correction__N3__Scaled\2006-02-21_10_09_10.0\I31346\ADNI_023_S_0217_MR_MPR-R__GradWarp__B1_Correction__N3__Scaled_Br_20061201155914899_S11731_I31346.nii,1922.0,84.0
114_S_0166,CN,0,bl,2006-02-28,Female,18.0,Not Hispanic or Latino,White,30.0,0.0,C:\Users\arine\Downloads\ADNI1_Complete_1Yr_1.5T\ADNI\114_S_0166\MPR__GradWarp__B1_Correction__N3__Scaled\2006-02-10_14_13_20.0\I39810\ADNI_114_S_0166_MR_MPR__GradWarp__B1_Correction__N3__Scaled_Br_20070213190900184_S11584_I39810.nii,1933.0,73.0
114_S_0166,CN,0,bl,2006-02-28,Female,18.0,Not Hispanic or Latino,White,30.0,0.0,C:\Users\arine\Downloads\ADNI1_Complete_1Yr_1.5T\ADNI\114_S_0166\MPR__GradWarp__B1_Correction__N3__Scaled\2006-02-10_14_13_20.0\I39810\ADNI_114_S_0166_MR_MPR__GradWarp__B1_Correction__N3__Scaled_Br_20070213190900184_S11584_I39810.nii,1933.0,73.0
114_S_0166,CN,0,bl,2006-02-28,Female,18.0,Not Hispanic or Latino,White,30.0,0.0,C:\Users\arine\Downloads\ADNI1_Complete_1Yr_1.5T\ADNI\114_S_0166\MPR__GradWarp__B1_Correction__N3__Scaled\2006-02-10_14_13_20.0\I39810\ADNI_114_S_0166_MR_MPR__GradWarp__B1_Correction__N3__Scaled_Br_20070213190900184_S11584_I39810.nii,,75.71323529411765
114_S_0166,CN,0,bl,2006-02-28,Female,18.0,Not Hispanic or Latino,White,30.0,0.0,C:\Users\arine\Downloads\ADNI1_Complete_1Yr_1.5T\ADNI\114_S_0166\MPR__GradWarp__B1_Correction__N3__Scaled\2006-02-10_14_13_20.0\I39810\ADNI_114_S_0166_MR_MPR__GradWarp__B1_Correction__N3__Scaled_Br_20070213190900184_S11584_I39810.nii,1933.0,73.0
114_S_0173,CN,0,bl,2006-02-28,Male,18.0,Not Hispanic or Latino,White,30.0,0.0,C:\Users\arine\Downloads\ADNI1_Complete_1Yr_1.5T\ADNI\114_S_0173\MPR-R__GradWarp__B1_Correction__N3__Scaled\2006-02-10_15_18_02.0\I96321\ADNI_114_S_0173_MR_MPR-R__GradWarp__B1_Correction__N3__Scaled_Br_20080308132846805_S11594_I96321.nii,1932.0,74.0
114_S_0173,CN,0,bl,2006-02-28,Male,18.0,Not Hispanic or Latino,White,30.0,0.0,C:\Users\arine\Downloads\ADNI1_Complete_1Yr_1.5T\ADNI\114_S_0173\MPR-R__GradWarp__B1_Correction__N3__Scaled\2006-02-10_15_18_02.0\I96321\ADNI_114_S_0173_MR_MPR-R__GradWarp__B1_Correction__N3__Scaled_Br_20080308132846805_S11594_I96321.nii,1932.0,74.0
136_S_0107,MCI,1,bl,2006-02-27,Female,19.0,Not Hispanic or Latino,White,28.0,0.5,C:\Users\arine\Downloads\ADNI1_Complete_1Yr_1.5T\ADNI\136_S_0107\MPR__GradWarp__B1_Correction__N3__Scaled\2006-02-17_11_04_05.0\I40445\ADNI_136_S_0107_MR_MPR__GradWarp__B1_Correction__N3__Scaled_Br_20070215231549893_S11707_I40445.nii,1945.0,61.0
136_S_0107,MCI,1,bl,2006-02-27,Female,19.0,Not Hispanic or Latino,White,28.0,0.5,C:\Users\arine\Downloads\ADNI1_Complete_1Yr_1.5T\ADNI\136_S_0107\MPR__GradWarp__B1_Correction__N3__Scaled\2006-02-17_11_04_05.0\I40445\ADNI_136_S_0107_MR_MPR__GradWarp__B1_Correction__N3__Scaled_Br_20070215231549893_S11707_I40445.nii,1945.0,61.0
035_S_0204,MCI,1,bl,2006-02-23,Female,16.0,Not Hispanic or Latino,White,25.0,1.5,C:\Users\arine\Downloads\ADNI1_Complete_1Yr_1.5T\ADNI\035_S_0204\MPR__GradWarp__B1_Correction__N3__Scaled\2006-02-14_09_03_52.0\I39542\ADNI_035_S_0204_MR_MPR__GradWarp__B1_Correction__N3__Scaled_Br_20070212215946185_S11661_I39542.nii,1934.0,72.0
035_S_0156,CN,0,bl,2006-02-16,Male,17.0,Not Hispanic or Latino,White,30.0,0.0,C:\Users\arine\Downloads\ADNI1_Complete_1Yr_1.5T\ADNI\035_S_0156\MPR__GradWarp__B1_Correction__N3__Scaled\2006-01-31_15_19_50.0\I39533\ADNI_035_S_0156_MR_MPR__GradWarp__B1_Correction__N3__Scaled_Br_20070212214638392_S11391_I39533.nii,1931.0,75.0
035_S_0156,CN,0,bl,2006-02-16,Male,17.0,Not Hispanic or Latino,White,30.0,0.0,C:\Users\arine\Downloads\ADNI1_Complete_1Yr_1.5T\ADNI\035_S_0156\MPR__GradWarp__B1_Correction__N3__Scaled\2006-01-31_15_19_50.0\I39533\ADNI_035_S_0156_MR_MPR__GradWarp__B1_Correction__N3__Scaled_Br_20070212214638392_S11391_I39533.nii,1931.0,75.0
035_S_0156,CN,0,bl,2006-02-16,Male,17.0,Not Hispanic or Latino,White,30.0,0.0,C:\Users\arine\Downloads\ADNI1_Complete_1Yr_1.5T\ADNI\035_S_0156\MPR__GradWarp__B1_Correction__N3__Scaled\2006-01-31_15_19_50.0\I39533\ADNI_035_S_0156_MR_MPR__GradWarp__B1_Correction__N3__Scaled_Br_20070212214638392_S11391_I39533.nii,1931.0,75.0
021_S_0141,MCI,1,bl,2006-03-01,Male,12.0,Not Hispanic or Latino,White,27.0,3.0,C:\Users\arine\Downloads\ADNI1_Complete_1Yr_1.5T\ADNI\021_S_0141\MPR__GradWarp__N3__Scaled\2006-01-23_10_41_00.0\I33396\ADNI_021_S_0141_MR_MPR__GradWarp__N3__Scaled_Br_20061217092830688_S11036_I33396.nii,1924.0,82.0
073_S_0089,CN,0,bl,2006-01-31,Male,20.0,Not Hispanic or Latino,White,30.0,0.0,C:\Users\arine\Downloads\ADNI1_Complete_1Yr_1.5T\ADNI\073_S_0089\MPR-R__GradWarp__B1_Correction__N3__Scaled\2006-01-26_13_40_43.0\I49675\ADNI_073_S_0089_MR_MPR-R__GradWarp__B1_Correction__N3__Scaled_Br_20070419143933845_S11161_I49675.nii,1940.0,66.0
073_S_0089,CN,0,bl,2006-01-31,Male,20.0,Not Hispanic or Latino,White,30.0,0.0,C:\Users\arine\Downloads\ADNI1_Complete_1Yr_1.5T\ADNI\073_S_0089\MPR-R__GradWarp__B1_Correction__N3__Scaled\2006-01-26_13_40_43.0\I49675\ADNI_073_S_0089_MR_MPR-R__GradWarp__B1_Correction__N3__Scaled_Br_20070419143933845_S11161_I49675.nii,1940.0,66.0
073_S_0089,CN,0,bl,2006-01-31,Male,20.0,Not Hispanic or Latino,White,30.0,0.0,C:\Users\arine\Downloads\ADNI1_Complete_1Yr_1.5T\ADNI\073_S_0089\MPR-R__GradWarp__B1_Correction__N3__Scaled\2006-01-26_13_40_43.0\I49675\ADNI_073_S_0089_MR_MPR-R__GradWarp__B1_Correction__N3__Scaled_Br_20070419143933845_S11161_I49675.nii,1940.0,66.0
073_S_0089,CN,0,bl,2006-01-31,Male,20.0,Not Hispanic or Latino,White,30.0,0.0,C:\Users\arine\Downloads\ADNI1_Complete_1Yr_1.5T\ADNI\073_S_0089\MPR-R__GradWarp__B1_Correction__N3__Scaled\2006-01-26_13_40_43.0\I49675\ADNI_073_S_0089_MR_MPR-R__GradWarp__B1_Correction__N3__Scaled_Br_20070419143933845_S11161_I49675.nii,1940.0,66.0
068_S_0210,CN,0,bl,2006-03-02,Female,13.0,Not Hispanic or Latino,White,29.0,0.0,C:\Users\arine\Downloads\ADNI1_Complete_1Yr_1.5T\ADNI\068_S_0210\MPR____N3__Scaled\2006-02-16_14_07_47.0\I63114\ADNI_068_S_0210_MR_MPR____N3__Scaled_Br_20070731111943751_S11713_I63114.nii,1933.0,73.0
068_S_0210,CN,0,bl,2006-03-02,Female,13.0,Not Hispanic or Latino,White,29.0,0.0,C:\Users\arine\Downloads\ADNI1_Complete_1Yr_1.5T\ADNI\068_S_0210\MPR____N3__Scaled\2006-02-16_14_07_47.0\I63114\ADNI_068_S_0210_MR_MPR____N3__Scaled_Br_20070731111943751_S11713_I63114.nii,1933.0,73.0
068_S_0127,CN,0,bl,2006-03-02,Male,17.0,Not Hispanic or Latino,White,29.0,0.0,C:\Users\arine\Downloads\ADNI1_Complete_1Yr_1.5T\ADNI\068_S_0127\MPR____N3__Scaled\2006-02-14_10_25_06.0\I63111\ADNI_068_S_0127_MR_MPR____N3__Scaled_Br_20070731111719131_S11653_I63111.nii,1935.0,71.0
068_S_0127,CN,0,bl,2006-03-02,Male,17.0,Not Hispanic or Latino,White,29.0,0.0,C:\Users\arine\Downloads\ADNI1_Complete_1Yr_1.5T\ADNI\068_S_0127\MPR____N3__Scaled\2006-02-14_10_25_06.0\I63111\ADNI_068_S_0127_MR_MPR____N3__Scaled_Br_20070731111719131_S11653_I63111.nii,1935.0,71.0
068_S_0127,CN,0,bl,2006-03-02,Male,17.0,Not Hispanic or Latino,White,29.0,0.0,C:\Users\arine\Downloads\ADNI1_Complete_1Yr_1.5T\ADNI\068_S_0127\MPR____N3__Scaled\2006-02-14_10_25_06.0\I63111\ADNI_068_S_0127_MR_MPR____N3__Scaled_Br_20070731111719131_S11653_I63111.nii,1935.0,71.0
032_S_0187,MCI,1,bl,2006-03-02,Male,16.0,Not Hispanic or Latino,White,28.0,1.0,C:\Users\arine\Downloads\ADNI1_Complete_1Yr_1.5T\ADNI\032_S_0187\MPR-R____N3__Scaled\2006-02-13_13_03_52.0\I37217\ADNI_032_S_0187_MR_MPR-R____N3__Scaled_Br_20070123194533661_S11617_I37217.nii,1928.0,78.0
021_S_0159,CN,0,bl,2006-03-03,Female,17.0,Not Hispanic or Latino,White,30.0,0.0,C:\Users\arine\Downloads\ADNI1_Complete_1Yr_1.5T\ADNI\021_S_0159\MPR-R__GradWarp__N3__Scaled\2006-01-30_13_55_29.0\I33489\ADNI_021_S_0159_MR_MPR-R__GradWarp__N3__Scaled_Br_20061217141337814_S11314_I33489.nii,1928.0,78.0
021_S_0159,CN,0,bl,2006-03-03,Female,17.0,Not Hispanic or Latino,White,30.0,0.0,C:\Users\arine\Downloads\ADNI1_Complete_1Yr_1.5T\ADNI\021_S_0159\MPR-R__GradWarp__N3__Scaled\2006-01-30_13_55_29.0\I33489\ADNI_021_S_0159_MR_MPR-R__GradWarp__N3__Scaled_Br_20061217141337814_S11314_I33489.nii,1928.0,78.0
021_S_0159,CN,0,bl,2006-03-03,Female,17.0,Not Hispanic or Latino,White,30.0,0.0,C:\Users\arine\Downloads\ADNI1_Complete_1Yr_1.5T\ADNI\021_S_0159\MPR-R__GradWarp__N3__Scaled\2006-01-30_13_55_29.0\I33489\ADNI_021_S_0159_MR_MPR-R__GradWarp__N3__Scaled_Br_20061217141337814_S11314_I33489.nii,,75.71323529411765
021_S_0159,CN,0,bl,2006-03-03,Female,17.0,Not Hispanic or Latino,White,30.0,0.0,C:\Users\arine\Downloads\ADNI1_Complete_1Yr_1.5T\ADNI\021_S_0159\MPR-R__GradWarp__N3__Scaled\2006-01-30_13_55_29.0\I33489\ADNI_021_S_0159_MR_MPR-R__GradWarp__N3__Scaled_Br_20061217141337814_S11314_I33489.nii,1928.0,78.0
136_S_0186,CN,0,bl,2006-03-06,Female,16.0,Not Hispanic or Latino,White,27.0,0.5,C:\Users\arine\Downloads\ADNI1_Complete_1Yr_1.5T\ADNI\136_S_0186\MPR__GradWarp__B1_Correction__N3__Scaled\2006-02-24_07_56_11.0\I40201\ADNI_136_S_0186_MR_MPR__GradWarp__B1_Correction__N3__Scaled_Br_20070215175726720_S11774_I40201.nii,1925.0,81.0
136_S_0186,CN,0,bl,2006-03-06,Female,16.0,Not Hispanic or Latino,White,27.0,0.5,C:\Users\arine\Downloads\ADNI1_Complete_1Yr_1.5T\ADNI\136_S_0186\MPR__GradWarp__B1_Correction__N3__Scaled\2006-02-24_07_56_11.0\I40201\ADNI_136_S_0186_MR_MPR__GradWarp__B1_Correction__N3__Scaled_Br_20070215175726720_S11774_I40201.nii,1925.0,81.0
027_S_0118,CN,0,bl,2006-02-10,Male,20.0,Not Hispanic or Latino,White,29.0,0.0,C:\Users\arine\Downloads\ADNI1_Complete_1Yr_1.5T\ADNI\027_S_0118\MPR__GradWarp__B1_Correction__N3__Scaled\2006-02-24_14_55_16.0\I34114\ADNI_027_S_0118_MR_MPR__GradWarp__B1_Correction__N3__Scaled_Br_20061222172848171_S11796_I34114.nii,1925.0,81.0
027_S_0118,CN,0,bl,2006-02-10,Male,20.0,Not Hispanic or Latino,White,29.0,0.0,C:\Users\arine\Downloads\ADNI1_Complete_1Yr_1.5T\ADNI\027_S_0118\MPR__GradWarp__B1_Correction__N3__Scaled\2006-02-24_14_55_16.0\I34114\ADNI_027_S_0118_MR_MPR__GradWarp__B1_Correction__N3__Scaled_Br_20061222172848171_S11796_I34114.nii,1925.0,81.0
027_S_0118,CN,0,bl,2006-02-10,Male,20.0,Not Hispanic or Latino,White,29.0,0.0,C:\Users\arine\Downloads\ADNI1_Complete_1Yr_1.5T\ADNI\027_S_0118\MPR__GradWarp__B1_Correction__N3__Scaled\2006-02-24_14_55_16.0\I34114\ADNI_027_S_0118_MR_MPR__GradWarp__B1_Correction__N3__Scaled_Br_20061222172848171_S11796_I34114.nii,,75.71323529411765
123_S_0162,Dementia,2,bl,2006-03-09,Male,18.0,Not Hispanic or Latino,White,24.0,1.5,C:\Users\arine\Downloads\ADNI1_Complete_1Yr_1.5T\ADNI\123_S_0162\MPR-R____N3__Scaled\2006-02-08_15_27_32.0\I64422\ADNI_123_S_0162_MR_MPR-R____N3__Scaled_Br_20070802221804531_S11551_I64422.nii,1934.0,72.0
032_S_0214,MCI,1,bl,2006-03-10,Male,18.0,Not Hispanic or Latino,White,27.0,1.0,C:\Users\arine\Downloads\ADNI1_Complete_1Yr_1.5T\ADNI\032_S_0214\MPR-R____N3__Scaled\2006-02-20_14_14_08.0\I37224\ADNI_032_S_0214_MR_MPR-R____N3__Scaled_Br_20070123195815556_S11740_I37224.nii,1941.0,65.0
032_S_0214,MCI,1,bl,2006-03-10,Male,18.0,Not Hispanic or Latino,White,27.0,1.0,C:\Users\arine\Downloads\ADNI1_Complete_1Yr_1.5T\ADNI\032_S_0214\MPR-R____N3__Scaled\2006-02-20_14_14_08.0\I37224\ADNI_032_S_0214_MR_MPR-R____N3__Scaled_Br_20070123195815556_S11740_I37224.nii,1941.0,65.0
032_S_0214,MCI,1,bl,2006-03-10,Male,18.0,Not Hispanic or Latino,White,27.0,1.0,C:\Users\arine\Downloads\ADNI1_Complete_1Yr_1.5T\ADNI\032_S_0214\MPR-R____N3__Scaled\2006-02-20_14_14_08.0\I37224\ADNI_032_S_0214_MR_MPR-R____N3__Scaled_Br_20070123195815556_S11740_I37224.nii,1941.0,65.0
007_S_0249,MCI,1,bl,2006-03-14,Female,16.0,Not Hispanic or Latino,White,29.0,1.5,C:\Users\arine\Downloads\ADNI1_Complete_1Yr_1.5T\ADNI\007_S_0249\MPR__GradWarp__B1_Correction__N3__Scaled\2006-03-02_09_55_02.0\I36530\ADNI_007_S_0249_MR_MPR__GradWarp__B1_Correction__N3__Scaled_Br_20070118015240816_S11911_I36530.nii,1934.0,72.0
020_S_0097,CN,0,bl,2006-03-16,Female,14.0,Not Hispanic or Latino,White,30.0,0.0,C:\Users\arine\Downloads\ADNI1_Complete_1Yr_1.5T\ADNI\020_S_0097\MPR__GradWarp__B1_Correction__N3__Scaled\2006-01-12_10_30_14.0\I64046\ADNI_020_S_0097_MR_MPR__GradWarp__B1_Correction__N3__Scaled_Br_20070802170349114_S10858_I64046.nii,1933.0,73.0
027_S_0179,MCI,1,bl,2006-03-10,Male,16.0,Not Hispanic or Latino,White,24.0,0.5,C:\Users\arine\Downloads\ADNI1_Complete_1Yr_1.5T\ADNI\027_S_0179\MPR-R__GradWarp__B1_Correction__N3__Scaled\2006-02-24_13_59_24.0\I34136\ADNI_027_S_0179_MR_MPR-R__GradWarp__B1_Correction__N3__Scaled_Br_20061222180304669_S11781_I34136.nii,1925.0,81.0
005_S_0222,MCI,1,bl,2006-03-17,Male,18.0,Not Hispanic or Latino,White,25.0,3.0,C:\Users\arine\Downloads\ADNI1_Complete_1Yr_1.5T\ADNI\005_S_0222\MPR__GradWarp__B1_Correction__N3__Scaled\2006-02-21_09_55_57.0\I54686\ADNI_005_S_0222_MR_MPR__GradWarp__B1_Correction__N3__Scaled_Br_20070517132037539_S11754_I54686.nii,1920.0,86.0
005_S_0222,MCI,1,bl,2006-03-17,Male,18.0,Not Hispanic or Latino,White,25.0,3.0,C:\Users\arine\Downloads\ADNI1_Complete_1Yr_1.5T\ADNI\005_S_0222\MPR__GradWarp__B1_Correction__N3__Scaled\2006-02-21_09_55_57.0\I54686\ADNI_005_S_0222_MR_MPR__GradWarp__B1_Correction__N3__Scaled_Br_20070517132037539_S11754_I54686.nii,,75.05882352941177
137_S_0158,MCI,1,bl,2006-03-20,Female,13.0,Not Hispanic or Latino,White,29.0,1.5,C:\Users\arine\Downloads\ADNI1_Complete_1Yr_1.5T\ADNI\137_S_0158\MPR__GradWarp__N3__Scaled\2006-02-14_10_55_37.0\I45872\ADNI_137_S_0158_MR_MPR__GradWarp__N3__Scaled_Br_20070321170559168_S11648_I45872.nii,1925.0,81.0
137_S_0158,MCI,1,bl,2006-03-20,Female,13.0,Not Hispanic or Latino,White,29.0,1.5,C:\Users\arine\Downloads\ADNI1_Complete_1Yr_1.5T\ADNI\137_S_0158\MPR__GradWarp__N3__Scaled\2006-02-14_10_55_37.0\I45872\ADNI_137_S_0158_MR_MPR__GradWarp__N3__Scaled_Br_20070321170559168_S11648_I45872.nii,,75.05882352941177
021_S_0231,MCI,1,bl,2006-03-23,Male,18.0,Not Hispanic or Latino,White,29.0,1.5,C:\Users\arine\Downloads\ADNI1_Complete_1Yr_1.5T\ADNI\021_S_0231\MPR-R__GradWarp__N3__Scaled\2006-02-28_09_14_28.0\I33493\ADNI_021_S_0231_MR_MPR-R__GradWarp__N3__Scaled_Br_20061217142113223_S11835_I33493.nii,1945.0,61.0
123_S_0113,CN,0,bl,2006-03-15,Male,20.0,Not Hispanic or Latino,White,28.0,0.0,C:\Users\arine\Downloads\ADNI1_Complete_1Yr_1.5T\ADNI\123_S_0113\MPR____N3__Scaled\2006-03-08_18_32_04.0\I63551\ADNI_123_S_0113_MR_MPR____N3__Scaled_Br_20070731194237767_S12020_I63551.nii,1930.0,76.0
123_S_0113,CN,0,bl,2006-03-15,Male,20.0,Not Hispanic or Latino,White,28.0,0.0,C:\Users\arine\Downloads\ADNI1_Complete_1Yr_1.5T\ADNI\123_S_0113\MPR____N3__Scaled\2006-03-08_18_32_04.0\I63551\ADNI_123_S_0113_MR_MPR____N3__Scaled_Br_20070731194237767_S12020_I63551.nii,1930.0,76.0
123_S_0113,CN,0,bl,2006-03-15,Male,20.0,Not Hispanic or Latino,White,28.0,0.0,C:\Users\arine\Downloads\ADNI1_Complete_1Yr_1.5T\ADNI\123_S_0113\MPR____N3__Scaled\2006-03-08_18_32_04.0\I63551\ADNI_123_S_0113_MR_MPR____N3__Scaled_Br_20070731194237767_S12020_I63551.nii,,75.71323529411765
123_S_0113,CN,0,bl,2006-03-15,Male,20.0,Not Hispanic or Latino,White,28.0,0.0,C:\Users\arine\Downloads\ADNI1_Complete_1Yr_1.5T\ADNI\123_S_0113\MPR____N3__Scaled\2006-03-08_18_32_04.0\I63551\ADNI_123_S_0113_MR_MPR____N3__Scaled_Br_20070731194237767_S12020_I63551.nii,1930.0,76.0
136_S_0184,CN,0,bl,2006-03-27,Female,14.0,Not Hispanic or Latino,White,29.0,0.0,C:\Users\arine\Downloads\ADNI1_Complete_1Yr_1.5T\ADNI\136_S_0184\MPR__GradWarp__B1_Correction__N3__Scaled\2006-03-06_13_22_28.0\I40179\ADNI_136_S_0184_MR_MPR__GradWarp__B1_Correction__N3__Scaled_Br_20070215173137879_S11974_I40179.nii,1927.0,79.0
018_S_0155,MCI,1,bl,2006-03-24,Male,16.0,Not Hispanic or Latino,White,28.0,1.5,C:\Users\arine\Downloads\ADNI1_Complete_1Yr_1.5T\ADNI\018_S_0155\MPR____N3__Scaled\2006-02-23_13_49_02.0\I36892\ADNI_018_S_0155_MR_MPR____N3__Scaled_Br_20070119230259800_S11767_I36892.nii,1925.0,81.0
005_S_0223,CN,0,bl,2006-03-24,Female,18.0,Not Hispanic or Latino,White,30.0,0.0,C:\Users\arine\Downloads\ADNI1_Complete_1Yr_1.5T\ADNI\005_S_0223\MPR__GradWarp__B1_Correction__N3__Scaled\2006-02-28_09_31_12.0\I32855\ADNI_005_S_0223_MR_MPR__GradWarp__B1_Correction__N3__Scaled_Br_20061212164022848_S11981_I32855.nii,1928.0,78.0
005_S_0221,Dementia,2,bl,2006-03-23,Male,18.0,Not Hispanic or Latino,White,20.0,7.0,C:\Users\arine\Downloads\ADNI1_Complete_1Yr_1.5T\ADNI\005_S_0221\MPR__GradWarp__B1_Correction__N3__Scaled\2006-02-22_09_57_53.0\I72128\ADNI_005_S_0221_MR_MPR__GradWarp__B1_Correction__N3__Scaled_Br_20070910164745994_S11958_I72128.nii,1938.0,68.0
007_S_0293,MCI,1,bl,2006-03-28,Male,12.0,Not Hispanic or Latino,White,25.0,1.0,C:\Users\arine\Downloads\ADNI1_Complete_1Yr_1.5T\ADNI\007_S_0293\MPR__GradWarp__B1_Correction__N3__Scaled\2006-03-14_10_51_53.0\I36549\ADNI_007_S_0293_MR_MPR__GradWarp__B1_Correction__N3__Scaled_Br_20070118022549519_S12193_I36549.nii,1918.0,88.0
007_S_0293,MCI,1,bl,2006-03-28,Male,12.0,Not Hispanic or Latino,White,25.0,1.0,C:\Users\arine\Downloads\ADNI1_Complete_1Yr_1.5T\ADNI\007_S_0293\MPR__GradWarp__B1_Correction__N3__Scaled\2006-03-14_10_51_53.0\I36549\ADNI_007_S_0293_MR_MPR__GradWarp__B1_Correction__N3__Scaled_Br_20070118022549519_S12193_I36549.nii,,75.05882352941177
067_S_0098,MCI,1,bl,2006-03-29,Female,16.0,Not Hispanic or Latino,White,26.0,2.0,C:\Users\arine\Downloads\ADNI1_Complete_1Yr_1.5T\ADNI\067_S_0098\MPR__GradWarp__B1_Correction__N3__Scaled\2006-01-30_10_45_45.0\I35920\ADNI_067_S_0098_MR_MPR__GradWarp__B1_Correction__N3__Scaled_Br_20070111013448257_S11324_I35920.nii,1921.0,85.0
127_S_0259,CN,0,bl,2006-03-28,Male,20.0,Not Hispanic or Latino,White,30.0,0.0,C:\Users\arine\Downloads\ADNI1_Complete_1Yr_1.5T\ADNI\127_S_0259\MPR__GradWarp__B1_Correction__N3__Scaled\2006-03-13_14_23_07.0\I34362\ADNI_127_S_0259_MR_MPR__GradWarp__B1_Correction__N3__Scaled_Br_20061227141745908_S12137_I34362.nii,1935.0,71.0
127_S_0259,CN,0,bl,2006-03-28,Male,20.0,Not Hispanic or Latino,White,30.0,0.0,C:\Users\arine\Downloads\ADNI1_Complete_1Yr_1.5T\ADNI\127_S_0259\MPR__GradWarp__B1_Correction__N3__Scaled\2006-03-13_14_23_07.0\I34362\ADNI_127_S_0259_MR_MPR__GradWarp__B1_Correction__N3__Scaled_Br_20061227141745908_S12137_I34362.nii,1935.0,71.0
127_S_0259,CN,0,bl,2006-03-28,Male,20.0,Not Hispanic or Latino,White,30.0,0.0,C:\Users\arine\Downloads\ADNI1_Complete_1Yr_1.5T\ADNI\127_S_0259\MPR__GradWarp__B1_Correction__N3__Scaled\2006-03-13_14_23_07.0\I34362\ADNI_127_S_0259_MR_MPR__GradWarp__B1_Correction__N3__Scaled_Br_20061227141745908_S12137_I34362.nii,1935.0,71.0
021_S_0276,MCI,1,bl,2006-03-31,Male,18.0,Not Hispanic or Latino,White,30.0,1.0,C:\Users\arine\Downloads\ADNI1_Complete_1Yr_1.5T\ADNI\021_S_0276\MPR__GradWarp__N3__Scaled\2006-03-17_10_43_55.0\I33433\ADNI_021_S_0276_MR_MPR__GradWarp__N3__Scaled_Br_20061217123049639_S12260_I33433.nii,1935.0,71.0
021_S_0276,MCI,1,bl,2006-03-31,Male,18.0,Not Hispanic or Latino,White,30.0,1.0,C:\Users\arine\Downloads\ADNI1_Complete_1Yr_1.5T\ADNI\021_S_0276\MPR__GradWarp__N3__Scaled\2006-03-17_10_43_55.0\I33433\ADNI_021_S_0276_MR_MPR__GradWarp__N3__Scaled_Br_20061217123049639_S12260_I33433.nii,1935.0,71.0
021_S_0276,MCI,1,bl,2006-03-31,Male,18.0,Not Hispanic or Latino,White,30.0,1.0,C:\Users\arine\Downloads\ADNI1_Complete_1Yr_1.5T\ADNI\021_S_0276\MPR__GradWarp__N3__Scaled\2006-03-17_10_43_55.0\I33433\ADNI_021_S_0276_MR_MPR__GradWarp__N3__Scaled_Br_20061217123049639_S12260_I33433.nii,,75.05882352941177
021_S_0276,MCI,1,bl,2006-03-31,Male,18.0,Not Hispanic or Latino,White,30.0,1.0,C:\Users\arine\Downloads\ADNI1_Complete_1Yr_1.5T\ADNI\021_S_0276\MPR__GradWarp__N3__Scaled\2006-03-17_10_43_55.0\I33433\ADNI_021_S_0276_MR_MPR__GradWarp__N3__Scaled_Br_20061217123049639_S12260_I33433.nii,1935.0,71.0
098_S_0172,CN,0,bl,2006-03-30,Female,18.0,Not Hispanic or Latino,White,29.0,0.0,C:\Users\arine\Downloads\ADNI1_Complete_1Yr_1.5T\ADNI\098_S_0172\MPR__GradWarp__B1_Correction__N3__Scaled\2006-02-26_16_58_06.0\I65757\ADNI_098_S_0172_MR_MPR__GradWarp__B1_Correction__N3__Scaled_Br_20070807182244575_S11812_I65757.nii,1935.0,71.0
098_S_0172,CN,0,bl,2006-03-30,Female,18.0,Not Hispanic or Latino,White,29.0,0.0,C:\Users\arine\Downloads\ADNI1_Complete_1Yr_1.5T\ADNI\098_S_0172\MPR__GradWarp__B1_Correction__N3__Scaled\2006-02-26_16_58_06.0\I65757\ADNI_098_S_0172_MR_MPR__GradWarp__B1_Correction__N3__Scaled_Br_20070807182244575_S11812_I65757.nii,1935.0,71.0
136_S_0195,MCI,1,bl,2006-04-04,Male,18.0,Not Hispanic or Latino,White,25.0,2.5,C:\Users\arine\Downloads\ADNI1_Complete_1Yr_1.5T\ADNI\136_S_0195\MPR__GradWarp__B1_Correction__N3__Scaled\2006-03-13_14_22_12.0\I40452\ADNI_136_S_0195_MR_MPR__GradWarp__B1_Correction__N3__Scaled_Br_20070215232522388_S12523_I40452.nii,1926.0,80.0
027_S_0256,MCI,1,bl,2006-04-05,Male,20.0,Not Hispanic or Latino,White,27.0,0.5,C:\Users\arine\Downloads\ADNI1_Complete_1Yr_1.5T\ADNI\027_S_0256\MPR__GradWarp__B1_Correction__N3__Scaled\2006-03-21_12_02_55.0\I34150\ADNI_027_S_0256_MR_MPR__GradWarp__B1_Correction__N3__Scaled_Br_20061222182443469_S12357_I34150.nii,1936.0,70.0
027_S_0256,MCI,1,bl,2006-04-05,Male,20.0,Not Hispanic or Latino,White,27.0,0.5,C:\Users\arine\Downloads\ADNI1_Complete_1Yr_1.5T\ADNI\027_S_0256\MPR__GradWarp__B1_Correction__N3__Scaled\2006-03-21_12_02_55.0\I34150\ADNI_027_S_0256_MR_MPR__GradWarp__B1_Correction__N3__Scaled_Br_20061222182443469_S12357_I34150.nii,1936.0,70.0
027_S_0256,MCI,1,bl,2006-04-05,Male,20.0,Not Hispanic or Latino,White,27.0,0.5,C:\Users\arine\Downloads\ADNI1_Complete_1Yr_1.5T\ADNI\027_S_0256\MPR__GradWarp__B1_Correction__N3__Scaled\2006-03-21_12_02_55.0\I34150\ADNI_027_S_0256_MR_MPR__GradWarp__B1_Correction__N3__Scaled_Br_20061222182443469_S12357_I34150.nii,1936.0,70.0
021_S_0273,MCI,1,bl,2006-04-11,Male,12.0,Not Hispanic or Latino,White,30.0,1.0,C:\Users\arine\Downloads\ADNI1_Complete_1Yr_1.5T\ADNI\021_S_0273\MPR__GradWarp__N3__Scaled\2006-03-14_10_55_38.0\I33428\ADNI_021_S_0273_MR_MPR__GradWarp__N3__Scaled_Br_20061217122235127_S12168_I33428.nii,1943.0,63.0
023_S_0331,MCI,1,bl,2006-04-06,Female,14.0,Not Hispanic or Latino,White,27.0,2.0,C:\Users\arine\Downloads\ADNI1_Complete_1Yr_1.5T\ADNI\023_S_0331\MPR__GradWarp__B1_Correction__N3__Scaled\2006-03-23_16_08_20.0\I31369\ADNI_023_S_0331_MR_MPR__GradWarp__B1_Correction__N3__Scaled_Br_20061201162554355_S12428_I31369.nii,1941.0,65.0
023_S_0331,MCI,1,bl,2006-04-06,Female,14.0,Not Hispanic or Latino,White,27.0,2.0,C:\Users\arine\Downloads\ADNI1_Complete_1Yr_1.5T\ADNI\023_S_0331\MPR__GradWarp__B1_Correction__N3__Scaled\2006-03-23_16_08_20.0\I31369\ADNI_023_S_0331_MR_MPR__GradWarp__B1_Correction__N3__Scaled_Br_20061201162554355_S12428_I31369.nii,1941.0,65.0
014_S_0328,Dementia,2,bl,2006-04-13,Male,17.0,Not Hispanic or Latino,White,24.0,2.0,C:\Users\arine\Downloads\ADNI1_Complete_1Yr_1.5T\ADNI\014_S_0328\MPR__GradWarp__B1_Correction__N3__Scaled\2006-03-22_10_37_28.0\I39620\ADNI_014_S_0328_MR_MPR__GradWarp__B1_Correction__N3__Scaled_Br_20070212231950856_S12402_I39620.nii,1929.0,77.0
035_S_0292,MCI,1,bl,2006-04-12,Male,16.0,Not Hispanic or Latino,Asian,24.0,2.0,C:\Users\arine\Downloads\ADNI1_Complete_1Yr_1.5T\ADNI\035_S_0292\MPR__GradWarp__B1_Correction__N3__Scaled\2006-03-22_12_45_11.0\I39569\ADNI_035_S_0292_MR_MPR__GradWarp__B1_Correction__N3__Scaled_Br_20070212221314426_S12408_I39569.nii,1929.0,77.0
035_S_0292,MCI,1,bl,2006-04-12,Male,16.0,Not Hispanic or Latino,Asian,24.0,2.0,C:\Users\arine\Downloads\ADNI1_Complete_1Yr_1.5T\ADNI\035_S_0292\MPR__GradWarp__B1_Correction__N3__Scaled\2006-03-22_12_45_11.0\I39569\ADNI_035_S_0292_MR_MPR__GradWarp__B1_Correction__N3__Scaled_Br_20070212221314426_S12408_I39569.nii,1929.0,77.0
035_S_0292,MCI,1,bl,2006-04-12,Male,16.0,Not Hispanic or Latino,Asian,24.0,2.0,C:\Users\arine\Downloads\ADNI1_Complete_1Yr_1.5T\ADNI\035_S_0292\MPR__GradWarp__B1_Correction__N3__Scaled\2006-03-22_12_45_11.0\I39569\ADNI_035_S_0292_MR_MPR__GradWarp__B1_Correction__N3__Scaled_Br_20070212221314426_S12408_I39569.nii,1929.0,77.0
072_S_0315,CN,0,bl,2006-04-17,Male,16.0,Not Hispanic or Latino,White,28.0,0.0,C:\Users\arine\Downloads\ADNI1_Complete_1Yr_1.5T\ADNI\072_S_0315\MPR____N3__Scaled\2006-03-29_11_23_47.0\I86438\ADNI_072_S_0315_MR_MPR____N3__Scaled_Br_20071229191129752_S12549_I86438.nii,1934.0,72.0
072_S_0315,CN,0,bl,2006-04-17,Male,16.0,Not Hispanic or Latino,White,28.0,0.0,C:\Users\arine\Downloads\ADNI1_Complete_1Yr_1.5T\ADNI\072_S_0315\MPR____N3__Scaled\2006-03-29_11_23_47.0\I86438\ADNI_072_S_0315_MR_MPR____N3__Scaled_Br_20071229191129752_S12549_I86438.nii,1934.0,72.0
011_S_0183,Dementia,2,bl,2006-04-04,Female,14.0,Not Hispanic or Latino,White,21.0,4.5,C:\Users\arine\Downloads\ADNI1_Complete_1Yr_1.5T\ADNI\011_S_0183\MPR__GradWarp__B1_Correction__N3__Scaled\2006-03-03_12_21_01.0\I32003\ADNI_011_S_0183_MR_MPR__GradWarp__B1_Correction__N3__Scaled_Br_20061206183315171_S12000_I32003.nii,1933.0,73.0
011_S_0183,Dementia,2,bl,2006-04-04,Female,14.0,Not Hispanic or Latino,White,21.0,4.5,C:\Users\arine\Downloads\ADNI1_Complete_1Yr_1.5T\ADNI\011_S_0183\MPR__GradWarp__B1_Correction__N3__Scaled\2006-03-03_12_21_01.0\I32003\ADNI_011_S_0183_MR_MPR__GradWarp__B1_Correction__N3__Scaled_Br_20061206183315171_S12000_I32003.nii,,74.94117647058823
023_S_0376,MCI,1,bl,2006-04-20,Male,15.0,Not Hispanic or Latino,White,28.0,2.5,C:\Users\arine\Downloads\ADNI1_Complete_1Yr_1.5T\ADNI\023_S_0376\MPR__GradWarp__B1_Correction__N3__Scaled\2006-04-03_10_30_11.0\I31384\ADNI_023_S_0376_MR_MPR__GradWarp__B1_Correction__N3__Scaled_Br_20061201164531518_S12652_I31384.nii,1935.0,71.0
023_S_0376,MCI,1,bl,2006-04-20,Male,15.0,Not Hispanic or Latino,White,28.0,2.5,C:\Users\arine\Downloads\ADNI1_Complete_1Yr_1.5T\ADNI\023_S_0376\MPR__GradWarp__B1_Correction__N3__Scaled\2006-04-03_10_30_11.0\I31384\ADNI_023_S_0376_MR_MPR__GradWarp__B1_Correction__N3__Scaled_Br_20061201164531518_S12652_I31384.nii,1935.0,71.0
023_S_0376,MCI,1,bl,2006-04-20,Male,15.0,Not Hispanic or Latino,White,28.0,2.5,C:\Users\arine\Downloads\ADNI1_Complete_1Yr_1.5T\ADNI\023_S_0376\MPR__GradWarp__B1_Correction__N3__Scaled\2006-04-03_10_30_11.0\I31384\ADNI_023_S_0376_MR_MPR__GradWarp__B1_Correction__N3__Scaled_Br_20061201164531518_S12652_I31384.nii,,75.05882352941177
023_S_0376,MCI,1,bl,2006-04-20,Male,15.0,Not Hispanic or Latino,White,28.0,2.5,C:\Users\arine\Downloads\ADNI1_Complete_1Yr_1.5T\ADNI\023_S_0376\MPR__GradWarp__B1_Correction__N3__Scaled\2006-04-03_10_30_11.0\I31384\ADNI_023_S_0376_MR_MPR__GradWarp__B1_Correction__N3__Scaled_Br_20061201164531518_S12652_I31384.nii,1935.0,71.0
067_S_0177,CN,0,bl,2006-04-14,Female,14.0,Not Hispanic or Latino,White,29.0,0.0,C:\Users\arine\Downloads\ADNI1_Complete_1Yr_1.5T\ADNI\067_S_0177\MPR__GradWarp__B1_Correction__N3__Scaled\2006-03-10_14_39_05.0\I34806\ADNI_067_S_0177_MR_MPR__GradWarp__B1_Correction__N3__Scaled_Br_20061229174432739_S12187_I34806.nii,1931.0,75.0
031_S_0321,Dementia,2,bl,2006-04-21,Male,18.0,Not Hispanic or Latino,White,26.0,1.5,C:\Users\arine\Downloads\ADNI1_Complete_1Yr_1.5T\ADNI\031_S_0321\MPR__GradWarp__N3__Scaled\2006-03-21_12_55_50.0\I65383\ADNI_031_S_0321_MR_MPR__GradWarp__N3__Scaled_Br_20070807093706127_S12365_I65383.nii,1937.0,69.0
041_S_0262,CN,0,bl,2006-04-24,Male,14.0,Not Hispanic or Latino,White,29.0,0.0,C:\Users\arine\Downloads\ADNI1_Complete_1Yr_1.5T\ADNI\041_S_0262\MPR__GradWarp__B1_Correction__N3__Scaled\2006-03-17_11_27_22.0\I124897\ADNI_041_S_0262_MR_MPR__GradWarp__B1_Correction__N3__Scaled_Br_20081103091239359_S12292_I124897.nii,1920.0,86.0
136_S_0194,Dementia,2,bl,2006-04-24,Female,12.0,Not Hispanic or Latino,White,24.0,3.0,C:\Users\arine\Downloads\ADNI1_Complete_1Yr_1.5T\ADNI\136_S_0194\MPR-R__GradWarp__B1_Correction__N3__Scaled\2006-04-10_17_41_48.0\I40239\ADNI_136_S_0194_MR_MPR-R__GradWarp__B1_Correction__N3__Scaled_Br_20070215183625381_S13178_I40239.nii,1925.0,81.0
114_S_0374,Dementia,2,bl,2006-04-19,Female,15.0,Unknown,White,26.0,4.5,C:\Users\arine\Downloads\ADNI1_Complete_1Yr_1.5T\ADNI\114_S_0374\MPR__GradWarp__B1_Correction__N3__Scaled\2006-04-10_11_29_43.0\I39817\ADNI_114_S_0374_MR_MPR__GradWarp__B1_Correction__N3__Scaled_Br_20070213191859176_S13031_I39817.nii,1930.0,76.0
131_S_0384,MCI,1,bl,2006-04-25,Male,14.0,Not Hispanic or Latino,White,29.0,1.5,C:\Users\arine\Downloads\ADNI1_Complete_1Yr_1.5T\ADNI\131_S_0384\MPR__GradWarp__B1_Correction__N3__Scaled\2006-03-27_12_56_46.0\I48002\ADNI_131_S_0384_MR_MPR__GradWarp__B1_Correction__N3__Scaled_Br_20070403132511604_S12790_I48002.nii,1926.0,80.0
131_S_0384,MCI,1,bl,2006-04-25,Male,14.0,Not Hispanic or Latino,White,29.0,1.5,C:\Users\arine\Downloads\ADNI1_Complete_1Yr_1.5T\ADNI\131_S_0384\MPR__GradWarp__B1_Correction__N3__Scaled\2006-03-27_12_56_46.0\I48002\ADNI_131_S_0384_MR_MPR__GradWarp__B1_Correction__N3__Scaled_Br_20070403132511604_S12790_I48002.nii,,75.05882352941177
131_S_0384,MCI,1,bl,2006-04-25,Male,14.0,Not Hispanic or Latino,White,29.0,1.5,C:\Users\arine\Downloads\ADNI1_Complete_1Yr_1.5T\ADNI\131_S_0384\MPR__GradWarp__B1_Correction__N3__Scaled\2006-03-27_12_56_46.0\I48002\ADNI_131_S_0384_MR_MPR__GradWarp__B1_Correction__N3__Scaled_Br_20070403132511604_S12790_I48002.nii,1926.0,80.0
131_S_0384,MCI,1,bl,2006-04-25,Male,14.0,Not Hispanic or Latino,White,29.0,1.5,C:\Users\arine\Downloads\ADNI1_Complete_1Yr_1.5T\ADNI\131_S_0384\MPR__GradWarp__B1_Correction__N3__Scaled\2006-03-27_12_56_46.0\I48002\ADNI_131_S_0384_MR_MPR__GradWarp__B1_Correction__N3__Scaled_Br_20070403132511604_S12790_I48002.nii,1926.0,80.0
007_S_0316,Dementia,2,bl,2006-04-24,Male,16.0,Not Hispanic or Latino,White,26.0,5.0,C:\Users\arine\Downloads\ADNI1_Complete_1Yr_1.5T\ADNI\007_S_0316\MPR-R__GradWarp__B1_Correction__N3__Scaled\2006-03-29_15_12_37.0\I36573\ADNI_007_S_0316_MR_MPR-R__GradWarp__B1_Correction__N3__Scaled_Br_20070118030943701_S12583_I36573.nii,1925.0,81.0
005_S_0324,MCI,1,bl,2006-04-21,Female,14.0,Not Hispanic or Latino,White,24.0,1.5,C:\Users\arine\Downloads\ADNI1_Complete_1Yr_1.5T\ADNI\005_S_0324\MPR-R__GradWarp__B1_Correction__N3__Scaled\2006-03-30_09_11_57.0\I32891\ADNI_005_S_0324_MR_MPR-R__GradWarp__B1_Correction__N3__Scaled_Br_20061212171617702_S12599_I32891.nii,1930.0,76.0
100_S_0296,MCI,1,bl,2006-04-28,Male,10.0,Not Hispanic or Latino,White,26.0,1.5,C:\Users\arine\Downloads\ADNI1_Complete_1Yr_1.5T\ADNI\100_S_0296\MPR-R____N3__Scaled\2006-04-03_12_22_57.0\I33121\ADNI_100_S_0296_MR_MPR-R____N3__Scaled_Br_20061213170304861_S12814_I33121.nii,1927.0,79.0
100_S_0296,MCI,1,bl,2006-04-28,Male,10.0,Not Hispanic or Latino,White,26.0,1.5,C:\Users\arine\Downloads\ADNI1_Complete_1Yr_1.5T\ADNI\100_S_0296\MPR-R____N3__Scaled\2006-04-03_12_22_57.0\I33121\ADNI_100_S_0296_MR_MPR-R____N3__Scaled_Br_20061213170304861_S12814_I33121.nii,1927.0,79.0
100_S_0296,MCI,1,bl,2006-04-28,Male,10.0,Not Hispanic or Latino,White,26.0,1.5,C:\Users\arine\Downloads\ADNI1_Complete_1Yr_1.5T\ADNI\100_S_0296\MPR-R____N3__Scaled\2006-04-03_12_22_57.0\I33121\ADNI_100_S_0296_MR_MPR-R____N3__Scaled_Br_20061213170304861_S12814_I33121.nii,1927.0,79.0
035_S_0341,Dementia,2,bl,2006-04-26,Male,16.0,Not Hispanic or Latino,White,25.0,4.0,C:\Users\arine\Downloads\ADNI1_Complete_1Yr_1.5T\ADNI\035_S_0341\MPR__GradWarp__B1_Correction__N3__Scaled\2006-04-06_10_28_57.0\I45213\ADNI_035_S_0341_MR_MPR__GradWarp__B1_Correction__N3__Scaled_Br_20070319175003745_S12952_I45213.nii,1932.0,74.0
136_S_0196,CN,0,bl,2006-05-01,Female,18.0,Not Hispanic or Latino,White,29.0,0.0,C:\Users\arine\Downloads\ADNI1_Complete_1Yr_1.5T\ADNI\136_S_0196\MPR__GradWarp__B1_Correction__N3__Scaled\2006-04-17_13_05_31.0\I40260\ADNI_136_S_0196_MR_MPR__GradWarp__B1_Correction__N3__Scaled_Br_20070215190453184_S13253_I40260.nii,1928.0,78.0
137_S_0283,CN,0,bl,2006-05-01,Male,12.0,Not Hispanic or Latino,White,28.0,0.0,C:\Users\arine\Downloads\ADNI1_Complete_1Yr_1.5T\ADNI\137_S_0283\MPR__GradWarp__N3__Scaled\2006-03-15_11_02_28.0\I66428\ADNI_137_S_0283_MR_MPR__GradWarp__N3__Scaled_Br_20070809154734674_S12218_I66428.nii,1927.0,79.0
137_S_0301,CN,0,bl,2006-05-01,Female,13.0,Not Hispanic or Latino,White,28.0,0.0,C:\Users\arine\Downloads\ADNI1_Complete_1Yr_1.5T\ADNI\137_S_0301\MPR__GradWarp__N3__Scaled\2006-03-30_09_25_29.0\I45881\ADNI_137_S_0301_MR_MPR__GradWarp__N3__Scaled_Br_20070321171902017_S12563_I45881.nii,1932.0,74.0
137_S_0301,CN,0,bl,2006-05-01,Female,13.0,Not Hispanic or Latino,White,28.0,0.0,C:\Users\arine\Downloads\ADNI1_Complete_1Yr_1.5T\ADNI\137_S_0301\MPR__GradWarp__N3__Scaled\2006-03-30_09_25_29.0\I45881\ADNI_137_S_0301_MR_MPR__GradWarp__N3__Scaled_Br_20070321171902017_S12563_I45881.nii,1932.0,74.0
123_S_0298,CN,0,bl,2006-04-27,Male,14.0,Not Hispanic or Latino,White,30.0,0.0,C:\Users\arine\Downloads\ADNI1_Complete_1Yr_1.5T\ADNI\123_S_0298\MPR-R____N3__Scaled\2006-04-11_15_08_54.0\I64427\ADNI_123_S_0298_MR_MPR-R____N3__Scaled_Br_20070802222338555_S13153_I64427.nii,1929.0,77.0
123_S_0298,CN,0,bl,2006-04-27,Male,14.0,Not Hispanic or Latino,White,30.0,0.0,C:\Users\arine\Downloads\ADNI1_Complete_1Yr_1.5T\ADNI\123_S_0298\MPR-R____N3__Scaled\2006-04-11_15_08_54.0\I64427\ADNI_123_S_0298_MR_MPR-R____N3__Scaled_Br_20070802222338555_S13153_I64427.nii,1929.0,77.0
123_S_0298,CN,0,bl,2006-04-27,Male,14.0,Not Hispanic or Latino,White,30.0,0.0,C:\Users\arine\Downloads\ADNI1_Complete_1Yr_1.5T\ADNI\123_S_0298\MPR-R____N3__Scaled\2006-04-11_15_08_54.0\I64427\ADNI_123_S_0298_MR_MPR-R____N3__Scaled_Br_20070802222338555_S13153_I64427.nii,,75.71323529411765
123_S_0298,CN,0,bl,2006-04-27,Male,14.0,Not Hispanic or Latino,White,30.0,0.0,C:\Users\arine\Downloads\ADNI1_Complete_1Yr_1.5T\ADNI\123_S_0298\MPR-R____N3__Scaled\2006-04-11_15_08_54.0\I64427\ADNI_123_S_0298_MR_MPR-R____N3__Scaled_Br_20070802222338555_S13153_I64427.nii,1929.0,77.0
027_S_0307,MCI,1,bl,2006-04-28,Male,19.0,Not Hispanic or Latino,White,28.0,1.0,C:\Users\arine\Downloads\ADNI1_Complete_1Yr_1.5T\ADNI\027_S_0307\MPR__GradWarp__B1_Correction__N3__Scaled\2006-04-06_14_44_38.0\I34159\ADNI_027_S_0307_MR_MPR__GradWarp__B1_Correction__N3__Scaled_Br_20061222183929043_S13072_I34159.nii,1927.0,79.0
027_S_0307,MCI,1,bl,2006-04-28,Male,19.0,Not Hispanic or Latino,White,28.0,1.0,C:\Users\arine\Downloads\ADNI1_Complete_1Yr_1.5T\ADNI\027_S_0307\MPR__GradWarp__B1_Correction__N3__Scaled\2006-04-06_14_44_38.0\I34159\ADNI_027_S_0307_MR_MPR__GradWarp__B1_Correction__N3__Scaled_Br_20061222183929043_S13072_I34159.nii,1927.0,79.0
027_S_0307,MCI,1,bl,2006-04-28,Male,19.0,Not Hispanic or Latino,White,28.0,1.0,C:\Users\arine\Downloads\ADNI1_Complete_1Yr_1.5T\ADNI\027_S_0307\MPR__GradWarp__B1_Correction__N3__Scaled\2006-04-06_14_44_38.0\I34159\ADNI_027_S_0307_MR_MPR__GradWarp__B1_Correction__N3__Scaled_Br_20061222183929043_S13072_I34159.nii,,75.05882352941177
027_S_0307,MCI,1,bl,2006-04-28,Male,19.0,Not Hispanic or Latino,White,28.0,1.0,C:\Users\arine\Downloads\ADNI1_Complete_1Yr_1.5T\ADNI\027_S_0307\MPR__GradWarp__B1_Correction__N3__Scaled\2006-04-06_14_44_38.0\I34159\ADNI_027_S_0307_MR_MPR__GradWarp__B1_Correction__N3__Scaled_Br_20061222183929043_S13072_I34159.nii,1927.0,79.0
127_S_0260,CN,0,bl,2006-05-02,Female,13.0,Not Hispanic or Latino,White,30.0,0.0,C:\Users\arine\Downloads\ADNI1_Complete_1Yr_1.5T\ADNI\127_S_0260\MPR-R__GradWarp__B1_Correction__N3__Scaled\2006-03-23_14_07_04.0\I34384\ADNI_127_S_0260_MR_MPR-R__GradWarp__B1_Correction__N3__Scaled_Br_20061227145555834_S12419_I34384.nii,1927.0,79.0
127_S_0260,CN,0,bl,2006-05-02,Female,13.0,Not Hispanic or Latino,White,30.0,0.0,C:\Users\arine\Downloads\ADNI1_Complete_1Yr_1.5T\ADNI\127_S_0260\MPR-R__GradWarp__B1_Correction__N3__Scaled\2006-03-23_14_07_04.0\I34384\ADNI_127_S_0260_MR_MPR-R__GradWarp__B1_Correction__N3__Scaled_Br_20061227145555834_S12419_I34384.nii,1927.0,79.0
127_S_0260,CN,0,bl,2006-05-02,Female,13.0,Not Hispanic or Latino,White,30.0,0.0,C:\Users\arine\Downloads\ADNI1_Complete_1Yr_1.5T\ADNI\127_S_0260\MPR-R__GradWarp__B1_Correction__N3__Scaled\2006-03-23_14_07_04.0\I34384\ADNI_127_S_0260_MR_MPR-R__GradWarp__B1_Correction__N3__Scaled_Br_20061227145555834_S12419_I34384.nii,1927.0,79.0
023_S_0388,MCI,1,bl,2006-04-25,Male,15.0,Not Hispanic or Latino,White,25.0,2.0,C:\Users\arine\Downloads\ADNI1_Complete_1Yr_1.5T\ADNI\023_S_0388\MPR__GradWarp__B1_Correction__N3__Scaled\2006-04-10_09_53_55.0\I31437\ADNI_023_S_0388_MR_MPR__GradWarp__B1_Correction__N3__Scaled_Br_20061203115439863_S13076_I31437.nii,1935.0,71.0
021_S_0337,CN,0,bl,2006-05-04,Male,20.0,Not Hispanic or Latino,White,30.0,0.0,C:\Users\arine\Downloads\ADNI1_Complete_1Yr_1.5T\ADNI\021_S_0337\MPR__GradWarp__N3__Scaled\2006-03-28_10_05_12.0\I33437\ADNI_021_S_0337_MR_MPR__GradWarp__N3__Scaled_Br_20061217123842517_S12485_I33437.nii,1930.0,76.0
021_S_0337,CN,0,bl,2006-05-04,Male,20.0,Not Hispanic or Latino,White,30.0,0.0,C:\Users\arine\Downloads\ADNI1_Complete_1Yr_1.5T\ADNI\021_S_0337\MPR__GradWarp__N3__Scaled\2006-03-28_10_05_12.0\I33437\ADNI_021_S_0337_MR_MPR__GradWarp__N3__Scaled_Br_20061217123842517_S12485_I33437.nii,1930.0,76.0
021_S_0337,CN,0,bl,2006-05-04,Male,20.0,Not Hispanic or Latino,White,30.0,0.0,C:\Users\arine\Downloads\ADNI1_Complete_1Yr_1.5T\ADNI\021_S_0337\MPR__GradWarp__N3__Scaled\2006-03-28_10_05_12.0\I33437\ADNI_021_S_0337_MR_MPR__GradWarp__N3__Scaled_Br_20061217123842517_S12485_I33437.nii,1930.0,76.0
021_S_0337,CN,0,bl,2006-05-04,Male,20.0,Not Hispanic or Latino,White,30.0,0.0,C:\Users\arine\Downloads\ADNI1_Complete_1Yr_1.5T\ADNI\021_S_0337\MPR__GradWarp__N3__Scaled\2006-03-28_10_05_12.0\I33437\ADNI_021_S_0337_MR_MPR__GradWarp__N3__Scaled_Br_20061217123842517_S12485_I33437.nii,1930.0,76.0
021_S_0332,Dementia,2,bl,2006-05-05,Male,16.0,Not Hispanic or Latino,White,25.0,2.5,C:\Users\arine\Downloads\ADNI1_Complete_1Yr_1.5T\ADNI\021_S_0332\MPR-R__GradWarp__N3__Scaled\2006-04-04_13_16_35.0\I33599\ADNI_021_S_0332_MR_MPR-R__GradWarp__N3__Scaled_Br_20061218165657362_S12756_I33599.nii,1936.0,70.0
021_S_0343,Dementia,2,bl,2006-05-05,Male,12.0,Not Hispanic or Latino,White,22.0,4.5,C:\Users\arine\Downloads\ADNI1_Complete_1Yr_1.5T\ADNI\021_S_0343\MPR__GradWarp__N3__Scaled\2006-04-06_09_35_50.0\I33444\ADNI_021_S_0343_MR_MPR__GradWarp__N3__Scaled_Br_20061217125152228_S12836_I33444.nii,1934.0,72.0
041_S_0314,MCI,1,bl,2006-05-08,Male,19.0,Not Hispanic or Latino,White,28.0,0.5,C:\Users\arine\Downloads\ADNI1_Complete_1Yr_1.5T\ADNI\041_S_0314\MPR__GradWarp__B1_Correction__N3__Scaled\2006-03-28_11_26_06.0\I34680\ADNI_041_S_0314_MR_MPR__GradWarp__B1_Correction__N3__Scaled_Br_20061229141726504_S12492_I34680.nii,1934.0,72.0
136_S_0086,CN,0,bl,2006-05-08,Female,18.0,Not Hispanic or Latino,White,30.0,0.0,C:\Users\arine\Downloads\ADNI1_Complete_1Yr_1.5T\ADNI\136_S_0086\MPR-R__GradWarp__B1_Correction__N3__Scaled\2006-03-31_11_08_03.0\I66413\ADNI_136_S_0086_MR_MPR-R__GradWarp__B1_Correction__N3__Scaled_Br_20070809152344644_S13191_I66413.nii,1925.0,81.0
123_S_0390,MCI,1,bl,2006-05-08,Male,16.0,Not Hispanic or Latino,White,30.0,0.5,C:\Users\arine\Downloads\ADNI1_Complete_1Yr_1.5T\ADNI\123_S_0390\MPR____N3__Scaled\2006-04-11_06_40_32.0\I64430\ADNI_123_S_0390_MR_MPR____N3__Scaled_Br_20070802222719446_S13099_I64430.nii,1925.0,81.0
037_S_0303,CN,0,bl,2006-05-09,Male,16.0,Not Hispanic or Latino,White,29.0,0.0,C:\Users\arine\Downloads\ADNI1_Complete_1Yr_1.5T\ADNI\037_S_0303\MPR-R__GradWarp__N3__Scaled\2006-04-07_13_31_36.0\I65148\ADNI_037_S_0303_MR_MPR-R__GradWarp__N3__Scaled_Br_20070806153911498_S12982_I65148.nii,1921.0,85.0
037_S_0303,CN,0,bl,2006-05-09,Male,16.0,Not Hispanic or Latino,White,29.0,0.0,C:\Users\arine\Downloads\ADNI1_Complete_1Yr_1.5T\ADNI\037_S_0303\MPR-R__GradWarp__N3__Scaled\2006-04-07_13_31_36.0\I65148\ADNI_037_S_0303_MR_MPR-R__GradWarp__N3__Scaled_Br_20070806153911498_S12982_I65148.nii,1921.0,85.0
032_S_0400,Dementia,2,bl,2006-05-09,Male,18.0,Not Hispanic or Latino,White,26.0,2.0,C:\Users\arine\Downloads\ADNI1_Complete_1Yr_1.5T\ADNI\032_S_0400\MPR____N3__Scaled\2006-04-17_11_44_52.0\I36459\ADNI_032_S_0400_MR_MPR____N3__Scaled_Br_20070118000329335_S13238_I36459.nii,1937.0,69.0
020_S_0213,Dementia,2,bl,2006-04-10,Male,18.0,Not Hispanic or Latino,White,24.0,4.0,C:\Users\arine\Downloads\ADNI1_Complete_1Yr_1.5T\ADNI\020_S_0213\MPR__GradWarp__B1_Correction__N3__Scaled\2006-03-22_13_33_31.0\I60600\ADNI_020_S_0213_MR_MPR__GradWarp__B1_Correction__N3__Scaled_Br_20070718120158728_S12386_I60600.nii,1943.0,63.0
114_S_0416,CN,0,bl,2006-05-04,Female,14.0,Not Hispanic or Latino,White,29.0,0.0,C:\Users\arine\Downloads\ADNI1_Complete_1Yr_1.5T\ADNI\114_S_0416\MPR-R__GradWarp__B1_Correction__N3__Scaled\2006-04-20_14_14_38.0\I39836\ADNI_114_S_0416_MR_MPR-R__GradWarp__B1_Correction__N3__Scaled_Br_20070213194404047_S13556_I39836.nii,1930.0,76.0
114_S_0416,CN,0,bl,2006-05-04,Female,14.0,Not Hispanic or Latino,White,29.0,0.0,C:\Users\arine\Downloads\ADNI1_Complete_1Yr_1.5T\ADNI\114_S_0416\MPR-R__GradWarp__B1_Correction__N3__Scaled\2006-04-20_14_14_38.0\I39836\ADNI_114_S_0416_MR_MPR-R__GradWarp__B1_Correction__N3__Scaled_Br_20070213194404047_S13556_I39836.nii,1930.0,76.0
114_S_0416,CN,0,bl,2006-05-04,Female,14.0,Not Hispanic or Latino,White,29.0,0.0,C:\Users\arine\Downloads\ADNI1_Complete_1Yr_1.5T\ADNI\114_S_0416\MPR-R__GradWarp__B1_Correction__N3__Scaled\2006-04-20_14_14_38.0\I39836\ADNI_114_S_0416_MR_MPR-R__GradWarp__B1_Correction__N3__Scaled_Br_20070213194404047_S13556_I39836.nii,1930.0,76.0
002_S_0413,CN,0,bl,2006-05-10,Female,16.0,Not Hispanic or Latino,White,29.0,0.0,C:\Users\arine\Downloads\ADNI1_Complete_1Yr_1.5T\ADNI\002_S_0413\MPR__GradWarp__B1_Correction__N3__Scaled\2006-05-02_12_31_52.0\I45117\ADNI_002_S_0413_MR_MPR__GradWarp__B1_Correction__N3__Scaled_Br_20070319115331858_S13893_I45117.nii,1929.0,77.0
002_S_0413,CN,0,bl,2006-05-10,Female,16.0,Not Hispanic or Latino,White,29.0,0.0,C:\Users\arine\Downloads\ADNI1_Complete_1Yr_1.5T\ADNI\002_S_0413\MPR__GradWarp__B1_Correction__N3__Scaled\2006-05-02_12_31_52.0\I45117\ADNI_002_S_0413_MR_MPR__GradWarp__B1_Correction__N3__Scaled_Br_20070319115331858_S13893_I45117.nii,,75.71323529411765
002_S_0413,CN,0,bl,2006-05-10,Female,16.0,Not Hispanic or Latino,White,29.0,0.0,C:\Users\arine\Downloads\ADNI1_Complete_1Yr_1.5T\ADNI\002_S_0413\MPR__GradWarp__B1_Correction__N3__Scaled\2006-05-02_12_31_52.0\I45117\ADNI_002_S_0413_MR_MPR__GradWarp__B1_Correction__N3__Scaled_Br_20070319115331858_S13893_I45117.nii,1929.0,77.0
002_S_0413,CN,0,bl,2006-05-10,Female,16.0,Not Hispanic or Latino,White,29.0,0.0,C:\Users\arine\Downloads\ADNI1_Complete_1Yr_1.5T\ADNI\002_S_0413\MPR__GradWarp__B1_Correction__N3__Scaled\2006-05-02_12_31_52.0\I45117\ADNI_002_S_0413_MR_MPR__GradWarp__B1_Correction__N3__Scaled_Br_20070319115331858_S13893_I45117.nii,1929.0,77.0
002_S_0295,CN,0,bl,2006-05-10,Male,18.0,Not Hispanic or Latino,White,28.0,0.0,C:\Users\arine\Downloads\ADNI1_Complete_1Yr_1.5T\ADNI\002_S_0295\MPR__GradWarp__B1_Correction__N3__Scaled\2006-04-18_08_20_30.0\I45108\ADNI_002_S_0295_MR_MPR__GradWarp__B1_Correction__N3__Scaled_Br_20070319113623975_S13408_I45108.nii,1921.0,85.0
002_S_0295,CN,0,bl,2006-05-10,Male,18.0,Not Hispanic or Latino,White,28.0,0.0,C:\Users\arine\Downloads\ADNI1_Complete_1Yr_1.5T\ADNI\002_S_0295\MPR__GradWarp__B1_Correction__N3__Scaled\2006-04-18_08_20_30.0\I45108\ADNI_002_S_0295_MR_MPR__GradWarp__B1_Correction__N3__Scaled_Br_20070319113623975_S13408_I45108.nii,1921.0,85.0
131_S_0441,CN,0,bl,2006-05-11,Female,16.0,Not Hispanic or Latino,White,29.0,0.0,C:\Users\arine\Downloads\ADNI1_Complete_1Yr_1.5T\ADNI\131_S_0441\MPR__GradWarp__B1_Correction__N3__Scaled\2006-04-24_11_12_33.0\I48029\ADNI_131_S_0441_MR_MPR__GradWarp__B1_Correction__N3__Scaled_Br_20070403135521962_S13681_I48029.nii,1933.0,73.0
131_S_0441,CN,0,bl,2006-05-11,Female,16.0,Not Hispanic or Latino,White,29.0,0.0,C:\Users\arine\Downloads\ADNI1_Complete_1Yr_1.5T\ADNI\131_S_0441\MPR__GradWarp__B1_Correction__N3__Scaled\2006-04-24_11_12_33.0\I48029\ADNI_131_S_0441_MR_MPR__GradWarp__B1_Correction__N3__Scaled_Br_20070403135521962_S13681_I48029.nii,1933.0,73.0
131_S_0441,CN,0,bl,2006-05-11,Female,16.0,Not Hispanic or Latino,White,29.0,0.0,C:\Users\arine\Downloads\ADNI1_Complete_1Yr_1.5T\ADNI\131_S_0441\MPR__GradWarp__B1_Correction__N3__Scaled\2006-04-24_11_12_33.0\I48029\ADNI_131_S_0441_MR_MPR__GradWarp__B1_Correction__N3__Scaled_Br_20070403135521962_S13681_I48029.nii,,75.71323529411765
131_S_0441,CN,0,bl,2006-05-11,Female,16.0,Not Hispanic or Latino,White,29.0,0.0,C:\Users\arine\Downloads\ADNI1_Complete_1Yr_1.5T\ADNI\131_S_0441\MPR__GradWarp__B1_Correction__N3__Scaled\2006-04-24_11_12_33.0\I48029\ADNI_131_S_0441_MR_MPR__GradWarp__B1_Correction__N3__Scaled_Br_20070403135521962_S13681_I48029.nii,1933.0,73.0
027_S_0403,CN,0,bl,2006-05-04,Male,16.0,Not Hispanic or Latino,White,30.0,0.0,C:\Users\arine\Downloads\ADNI1_Complete_1Yr_1.5T\ADNI\027_S_0403\MPR-R__GradWarp__B1_Correction__N3__Scaled\2006-04-20_16_05_37.0\I34181\ADNI_027_S_0403_MR_MPR-R__GradWarp__B1_Correction__N3__Scaled_Br_20061222191351273_S13717_I34181.nii,1929.0,77.0
114_S_0410,MCI,1,bl,2006-05-11,Female,16.0,Not Hispanic or Latino,White,29.0,2.0,C:\Users\arine\Downloads\ADNI1_Complete_1Yr_1.5T\ADNI\114_S_0410\MPR__GradWarp__B1_Correction__N3__Scaled\2006-04-18_08_18_41.0\I39824\ADNI_114_S_0410_MR_MPR__GradWarp__B1_Correction__N3__Scaled_Br_20070213192831089_S13289_I39824.nii,1944.0,62.0
027_S_0404,Dementia,2,bl,2006-05-12,Female,14.0,Not Hispanic or Latino,White,20.0,6.0,C:\Users\arine\Downloads\ADNI1_Complete_1Yr_1.5T\ADNI\027_S_0404\MPR__GradWarp__B1_Correction__N3__Scaled\2006-04-27_16_28_47.0\I34204\ADNI_027_S_0404_MR_MPR__GradWarp__B1_Correction__N3__Scaled_Br_20061222194841960_S13866_I34204.nii,1918.0,88.0
136_S_0299,Dementia,2,bl,2006-05-12,Female,20.0,Not Hispanic or Latino,White,26.0,1.5,C:\Users\arine\Downloads\ADNI1_Complete_1Yr_1.5T\ADNI\136_S_0299\MPR__GradWarp__B1_Correction__N3__Scaled\2006-05-01_16_13_47.0\I40312\ADNI_136_S_0299_MR_MPR__GradWarp__B1_Correction__N3__Scaled_Br_20070215202408595_S13839_I40312.nii,1917.0,89.0
021_S_0424,MCI,1,bl,2006-05-15,Male,16.0,Not Hispanic or Latino,White,27.0,1.5,C:\Users\arine\Downloads\ADNI1_Complete_1Yr_1.5T\ADNI\021_S_0424\MPR-R__GradWarp__N3__Scaled\2006-04-20_12_28_39.0\I33644\ADNI_021_S_0424_MR_MPR-R__GradWarp__N3__Scaled_Br_20061219090034974_S13531_I33644.nii,1925.0,81.0
094_S_0434,MCI,1,bl,2006-05-16,Male,20.0,Not Hispanic or Latino,White,26.0,2.5,C:\Users\arine\Downloads\ADNI1_Complete_1Yr_1.5T\ADNI\094_S_0434\MPR__GradWarp__B1_Correction__N3__Scaled\2006-04-20_12_31_10.0\I39122\ADNI_094_S_0434_MR_MPR__GradWarp__B1_Correction__N3__Scaled_Br_20070210203043456_S13570_I39122.nii,1934.0,72.0
018_S_0369,CN,0,bl,2006-05-16,Male,18.0,Not Hispanic or Latino,White,30.0,0.0,C:\Users\arine\Downloads\ADNI1_Complete_1Yr_1.5T\ADNI\018_S_0369\MPR____N3__Scaled\2006-03-30_16_37_02.0\I37194\ADNI_018_S_0369_MR_MPR____N3__Scaled_Br_20070123185416090_S12613_I37194.nii,1930.0,76.0
131_S_0457,Dementia,2,bl,2006-05-17,Female,12.0,Not Hispanic or Latino,White,25.0,4.0,C:\Users\arine\Downloads\ADNI1_Complete_1Yr_1.5T\ADNI\131_S_0457\MPR__GradWarp__B1_Correction__N3__Scaled\2006-05-03_14_26_56.0\I92406\ADNI_131_S_0457_MR_MPR__GradWarp__B1_Correction__N3__Scaled_Br_20080225093858034_S13976_I92406.nii,1923.0,83.0
131_S_0457,Dementia,2,bl,2006-05-17,Female,12.0,Not Hispanic or Latino,White,25.0,4.0,C:\Users\arine\Downloads\ADNI1_Complete_1Yr_1.5T\ADNI\131_S_0457\MPR__GradWarp__B1_Correction__N3__Scaled\2006-05-03_14_26_56.0\I92406\ADNI_131_S_0457_MR_MPR__GradWarp__B1_Correction__N3__Scaled_Br_20080225093858034_S13976_I92406.nii,,74.94117647058823
116_S_0370,Dementia,2,bl,2006-05-17,Female,16.0,Not Hispanic or Latino,Asian,25.0,5.0,C:\Users\arine\Downloads\ADNI1_Complete_1Yr_1.5T\ADNI\116_S_0370\MPR-R__GradWarp__N3__Scaled\2006-04-24_12_38_35.0\I59777\ADNI_116_S_0370_MR_MPR-R__GradWarp__N3__Scaled_Br_20070713091522602_S13703_I59777.nii,1931.0,75.0
116_S_0361,MCI,1,bl,2006-05-18,Male,17.0,Not Hispanic or Latino,White,29.0,1.5,C:\Users\arine\Downloads\ADNI1_Complete_1Yr_1.5T\ADNI\116_S_0361\MPR__GradWarp__N3__Scaled\2006-04-27_11_17_10.0\I59753\ADNI_116_S_0361_MR_MPR__GradWarp__N3__Scaled_Br_20070713084753954_S13809_I59753.nii,1931.0,75.0
116_S_0361,MCI,1,bl,2006-05-18,Male,17.0,Not Hispanic or Latino,White,29.0,1.5,C:\Users\arine\Downloads\ADNI1_Complete_1Yr_1.5T\ADNI\116_S_0361\MPR__GradWarp__N3__Scaled\2006-04-27_11_17_10.0\I59753\ADNI_116_S_0361_MR_MPR__GradWarp__N3__Scaled_Br_20070713084753954_S13809_I59753.nii,1931.0,75.0
005_S_0448,MCI,1,bl,2006-05-15,Male,17.0,Not Hispanic or Latino,White,26.0,1.0,C:\Users\arine\Downloads\ADNI1_Complete_1Yr_1.5T\ADNI\005_S_0448\MPR__GradWarp__B1_Correction__N3__Scaled\2006-05-04_08_55_12.0\I32875\ADNI_005_S_0448_MR_MPR__GradWarp__B1_Correction__N3__Scaled_Br_20061212165540546_S14032_I32875.nii,1920.0,86.0
005_S_0448,MCI,1,bl,2006-05-15,Male,17.0,Not Hispanic or Latino,White,26.0,1.0,C:\Users\arine\Downloads\ADNI1_Complete_1Yr_1.5T\ADNI\005_S_0448\MPR__GradWarp__B1_Correction__N3__Scaled\2006-05-04_08_55_12.0\I32875\ADNI_005_S_0448_MR_MPR__GradWarp__B1_Correction__N3__Scaled_Br_20061212165540546_S14032_I32875.nii,,75.05882352941177
005_S_0448,MCI,1,bl,2006-05-15,Male,17.0,Not Hispanic or Latino,White,26.0,1.0,C:\Users\arine\Downloads\ADNI1_Complete_1Yr_1.5T\ADNI\005_S_0448\MPR__GradWarp__B1_Correction__N3__Scaled\2006-05-04_08_55_12.0\I32875\ADNI_005_S_0448_MR_MPR__GradWarp__B1_Correction__N3__Scaled_Br_20061212165540546_S14032_I32875.nii,1920.0,86.0
005_S_0448,MCI,1,bl,2006-05-15,Male,17.0,Not Hispanic or Latino,White,26.0,1.0,C:\Users\arine\Downloads\ADNI1_Complete_1Yr_1.5T\ADNI\005_S_0448\MPR__GradWarp__B1_Correction__N3__Scaled\2006-05-04_08_55_12.0\I32875\ADNI_005_S_0448_MR_MPR__GradWarp__B1_Correction__N3__Scaled_Br_20061212165540546_S14032_I32875.nii,,75.05882352941177
005_S_0448,MCI,1,bl,2006-05-15,Male,17.0,Not Hispanic or Latino,White,26.0,1.0,C:\Users\arine\Downloads\ADNI1_Complete_1Yr_1.5T\ADNI\005_S_0448\MPR__GradWarp__B1_Correction__N3__Scaled\2006-05-04_08_55_12.0\I32875\ADNI_005_S_0448_MR_MPR__GradWarp__B1_Correction__N3__Scaled_Br_20061212165540546_S14032_I32875.nii,1920.0,86.0
099_S_0291,MCI,1,bl,2006-05-19,Male,16.0,Not Hispanic or Latino,White,30.0,0.5,C:\Users\arine\Downloads\ADNI1_Complete_1Yr_1.5T\ADNI\099_S_0291\MPR__GradWarp__B1_Correction__N3__Scaled\2006-03-09_09_30_05.0\I34524\ADNI_099_S_0291_MR_MPR__GradWarp__B1_Correction__N3__Scaled_Br_20061228141316770_S12065_I34524.nii,1926.0,80.0
099_S_0291,MCI,1,bl,2006-05-19,Male,16.0,Not Hispanic or Latino,White,30.0,0.5,C:\Users\arine\Downloads\ADNI1_Complete_1Yr_1.5T\ADNI\099_S_0291\MPR__GradWarp__B1_Correction__N3__Scaled\2006-03-09_09_30_05.0\I34524\ADNI_099_S_0291_MR_MPR__GradWarp__B1_Correction__N3__Scaled_Br_20061228141316770_S12065_I34524.nii,1926.0,80.0
099_S_0352,CN,0,bl,2006-05-19,Female,14.0,Not Hispanic or Latino,White,29.0,0.0,C:\Users\arine\Downloads\ADNI1_Complete_1Yr_1.5T\ADNI\099_S_0352\MPR__GradWarp__B1_Correction__N3__Scaled\2006-04-07_08_21_51.0\I34537\ADNI_099_S_0352_MR_MPR__GradWarp__B1_Correction__N3__Scaled_Br_20061228143819902_S12992_I34537.nii,1929.0,77.0
099_S_0352,CN,0,bl,2006-05-19,Female,14.0,Not Hispanic or Latino,White,29.0,0.0,C:\Users\arine\Downloads\ADNI1_Complete_1Yr_1.5T\ADNI\099_S_0352\MPR__GradWarp__B1_Correction__N3__Scaled\2006-04-07_08_21_51.0\I34537\ADNI_099_S_0352_MR_MPR__GradWarp__B1_Correction__N3__Scaled_Br_20061228143819902_S12992_I34537.nii,1929.0,77.0
099_S_0372,Dementia,2,bl,2006-05-19,Male,20.0,Not Hispanic or Latino,White,23.0,4.0,C:\Users\arine\Downloads\ADNI1_Complete_1Yr_1.5T\ADNI\099_S_0372\MPR-R__GradWarp__B1_Correction__N3__Scaled\2006-04-21_06_35_00.0\I34549\ADNI_099_S_0372_MR_MPR-R__GradWarp__B1_Correction__N3__Scaled_Br_20061228145622892_S13672_I34549.nii,1927.0,79.0
027_S_0408,MCI,1,bl,2006-05-19,Male,20.0,Not Hispanic or Latino,White,24.0,1.5,C:\Users\arine\Downloads\ADNI1_Complete_1Yr_1.5T\ADNI\027_S_0408\MPR__GradWarp__B1_Correction__N3__Scaled\2006-05-10_13_41_42.0\I37548\ADNI_027_S_0408_MR_MPR__GradWarp__B1_Correction__N3__Scaled_Br_20070129173016787_S14231_I37548.nii,1924.0,82.0
027_S_0408,MCI,1,bl,2006-05-19,Male,20.0,Not Hispanic or Latino,White,24.0,1.5,C:\Users\arine\Downloads\ADNI1_Complete_1Yr_1.5T\ADNI\027_S_0408\MPR__GradWarp__B1_Correction__N3__Scaled\2006-05-10_13_41_42.0\I37548\ADNI_027_S_0408_MR_MPR__GradWarp__B1_Correction__N3__Scaled_Br_20070129173016787_S14231_I37548.nii,1924.0,82.0
027_S_0408,MCI,1,bl,2006-05-19,Male,20.0,Not Hispanic or Latino,White,24.0,1.5,C:\Users\arine\Downloads\ADNI1_Complete_1Yr_1.5T\ADNI\027_S_0408\MPR__GradWarp__B1_Correction__N3__Scaled\2006-05-10_13_41_42.0\I37548\ADNI_027_S_0408_MR_MPR__GradWarp__B1_Correction__N3__Scaled_Br_20070129173016787_S14231_I37548.nii,1924.0,82.0
136_S_0300,Dementia,2,bl,2006-05-22,Male,16.0,Not Hispanic or Latino,White,23.0,4.5,C:\Users\arine\Downloads\ADNI1_Complete_1Yr_1.5T\ADNI\136_S_0300\MPR__GradWarp__B1_Correction__N3__Scaled\2006-05-09_14_42_37.0\I40328\ADNI_136_S_0300_MR_MPR__GradWarp__B1_Correction__N3__Scaled_Br_20070215205110923_S14136_I40328.nii,1949.0,57.0
067_S_0176,MCI,1,bl,2006-05-22,Male,19.0,Not Hispanic or Latino,White,28.0,1.0,C:\Users\arine\Downloads\ADNI1_Complete_1Yr_1.5T\ADNI\067_S_0176\MPR__GradWarp__B1_Correction__N3__Scaled\2006-04-03_10_01_23.0\I34797\ADNI_067_S_0176_MR_MPR__GradWarp__B1_Correction__N3__Scaled_Br_20061229173207452_S12799_I34797.nii,1931.0,75.0
133_S_0433,CN,0,bl,2006-05-22,Female,14.0,Not Hispanic or Latino,White,27.0,0.0,C:\Users\arine\Downloads\ADNI1_Complete_1Yr_1.5T\ADNI\133_S_0433\MPR__GradWarp__B1_Correction__N3__Scaled\2006-05-03_09_44_50.0\I39937\ADNI_133_S_0433_MR_MPR__GradWarp__B1_Correction__N3__Scaled_Br_20070213214704471_S13952_I39937.nii,1920.0,86.0
018_S_0286,Dementia,2,bl,2006-05-23,Male,16.0,Not Hispanic or Latino,White,26.0,4.0,C:\Users\arine\Downloads\ADNI1_Complete_1Yr_1.5T\ADNI\018_S_0286\MPR____N3__Scaled\2006-03-23_13_16_18.0\I37007\ADNI_018_S_0286_MR_MPR____N3__Scaled_Br_20070120013124801_S12435_I37007.nii,1940.0,66.0
099_S_0534,CN,0,bl,2006-05-24,Male,18.0,Not Hispanic or Latino,White,28.0,0.0,C:\Users\arine\Downloads\ADNI1_Complete_1Yr_1.5T\ADNI\099_S_0534\MPR-R__GradWarp__B1_Correction__N3__Scaled\2006-05-04_11_49_21.0\I34578\ADNI_099_S_0534_MR_MPR-R__GradWarp__B1_Correction__N3__Scaled_Br_20061228152059896_S14009_I34578.nii,1943.0,63.0
027_S_0417,MCI,1,bl,2006-05-24,Male,16.0,Not Hispanic or Latino,White,26.0,1.5,C:\Users\arine\Downloads\ADNI1_Complete_1Yr_1.5T\ADNI\027_S_0417\MPR-R__GradWarp__B1_Correction__N3__Scaled\2006-05-12_13_49_51.0\I34226\ADNI_027_S_0417_MR_MPR-R__GradWarp__B1_Correction__N3__Scaled_Br_20061222202441161_S14373_I34226.nii,1926.0,80.0
027_S_0485,MCI,1,bl,2006-05-25,Male,16.0,Not Hispanic or Latino,White,24.0,1.0,C:\Users\arine\Downloads\ADNI1_Complete_1Yr_1.5T\ADNI\027_S_0485\MPR__GradWarp__B1_Correction__N3__Scaled\2006-05-08_17_10_44.0\I37557\ADNI_027_S_0485_MR_MPR__GradWarp__B1_Correction__N3__Scaled_Br_20070129174944113_S14208_I37557.nii,1941.0,65.0
022_S_0544,MCI,1,bl,2006-05-25,Female,12.0,Not Hispanic or Latino,White,28.0,4.0,C:\Users\arine\Downloads\ADNI1_Complete_1Yr_1.5T\ADNI\022_S_0544\MPR__GradWarp__B1_Correction__N3__Scaled\2006-05-17_11_19_47.0\I64672\ADNI_022_S_0544_MR_MPR__GradWarp__B1_Correction__N3__Scaled_Br_20070804141253074_S14679_I64672.nii,1929.0,77.0
137_S_0459,CN,0,bl,2006-05-15,Male,16.0,Not Hispanic or Latino,White,30.0,0.0,C:\Users\arine\Downloads\ADNI1_Complete_1Yr_1.5T\ADNI\137_S_0459\MPR__GradWarp__N3__Scaled\2006-04-25_14_00_25.0\I46629\ADNI_137_S_0459_MR_MPR__GradWarp__N3__Scaled_Br_20070323165301159_S13737_I46629.nii,1933.0,73.0
137_S_0459,CN,0,bl,2006-05-15,Male,16.0,Not Hispanic or Latino,White,30.0,0.0,C:\Users\arine\Downloads\ADNI1_Complete_1Yr_1.5T\ADNI\137_S_0459\MPR__GradWarp__N3__Scaled\2006-04-25_14_00_25.0\I46629\ADNI_137_S_0459_MR_MPR__GradWarp__N3__Scaled_Br_20070323165301159_S13737_I46629.nii,1933.0,73.0
137_S_0459,CN,0,bl,2006-05-15,Male,16.0,Not Hispanic or Latino,White,30.0,0.0,C:\Users\arine\Downloads\ADNI1_Complete_1Yr_1.5T\ADNI\137_S_0459\MPR__GradWarp__N3__Scaled\2006-04-25_14_00_25.0\I46629\ADNI_137_S_0459_MR_MPR__GradWarp__N3__Scaled_Br_20070323165301159_S13737_I46629.nii,1933.0,73.0
068_S_0473,CN,0,bl,2006-05-19,Male,18.0,Not Hispanic or Latino,White,29.0,0.0,C:\Users\arine\Downloads\ADNI1_Complete_1Yr_1.5T\ADNI\068_S_0473\MPR____N3__Scaled\2006-05-03_12_45_12.0\I140334\ADNI_068_S_0473_MR_MPR____N3__Scaled_Br_20090402095548096_S13925_I140334.nii,1933.0,73.0
068_S_0473,CN,0,bl,2006-05-19,Male,18.0,Not Hispanic or Latino,White,29.0,0.0,C:\Users\arine\Downloads\ADNI1_Complete_1Yr_1.5T\ADNI\068_S_0473\MPR____N3__Scaled\2006-05-03_12_45_12.0\I140334\ADNI_068_S_0473_MR_MPR____N3__Scaled_Br_20090402095548096_S13925_I140334.nii,1933.0,73.0
011_S_0168,MCI,1,bl,2006-02-20,Male,13.0,Not Hispanic or Latino,White,26.0,0.5,C:\Users\arine\Downloads\ADNI1_Complete_1Yr_1.5T\ADNI\011_S_0168\MPR-R__GradWarp__B1_Correction__N3__Scaled\2006-02-10_08_44_52.0\I35499\ADNI_011_S_0168_MR_MPR-R__GradWarp__B1_Correction__N3__Scaled_Br_20070108232555158_S11605_I35499.nii,1916.0,90.0
094_S_0531,MCI,1,bl,2006-05-25,Female,18.0,Not Hispanic or Latino,White,25.0,0.5,C:\Users\arine\Downloads\ADNI1_Complete_1Yr_1.5T\ADNI\094_S_0531\MPR-R__GradWarp__B1_Correction__N3__Scaled\2006-05-16_14_49_03.0\I49666\ADNI_094_S_0531_MR_MPR-R__GradWarp__B1_Correction__N3__Scaled_Br_20070419143036172_S14554_I49666.nii,1932.0,74.0
011_S_0241,MCI,1,bl,2006-03-28,Male,16.0,Not Hispanic or Latino,Black or African American,27.0,0.5,C:\Users\arine\Downloads\ADNI1_Complete_1Yr_1.5T\ADNI\011_S_0241\MPR-R__GradWarp__B1_Correction__N3__Scaled\2006-03-10_08_26_39.0\I32020\ADNI_011_S_0241_MR_MPR-R__GradWarp__B1_Correction__N3__Scaled_Br_20061206190047259_S12088_I32020.nii,1924.0,82.0
099_S_0470,Dementia,2,bl,2006-05-26,Female,13.0,Not Hispanic or Latino,White,21.0,5.0,C:\Users\arine\Downloads\ADNI1_Complete_1Yr_1.5T\ADNI\099_S_0470\MPR-R__GradWarp__B1_Correction__N3__Scaled\2006-05-10_13_50_44.0\I34570\ADNI_099_S_0470_MR_MPR-R__GradWarp__B1_Correction__N3__Scaled_Br_20061228150832731_S14222_I34570.nii,1919.0,87.0
073_S_0386,CN,0,bl,2006-05-23,Female,13.0,Not Hispanic or Latino,White,29.0,0.0,C:\Users\arine\Downloads\ADNI1_Complete_1Yr_1.5T\ADNI\073_S_0386\MPR__GradWarp__B1_Correction__N3__Scaled\2006-04-20_13_30_48.0\I49680\ADNI_073_S_0386_MR_MPR__GradWarp__B1_Correction__N3__Scaled_Br_20070419144406195_S13746_I49680.nii,1933.0,73.0
114_S_0458,MCI,1,bl,2006-05-31,Female,11.0,Not Hispanic or Latino,Black or African American,24.0,2.0,C:\Users\arine\Downloads\ADNI1_Complete_1Yr_1.5T\ADNI\114_S_0458\MPR-R__GradWarp__B1_Correction__N3__Scaled\2006-05-09_09_57_46.0\I39845\ADNI_114_S_0458_MR_MPR-R__GradWarp__B1_Correction__N3__Scaled_Br_20070213195652327_S14111_I39845.nii,1923.0,83.0
127_S_0393,MCI,1,bl,2006-05-31,Female,16.0,Not Hispanic or Latino,White,28.0,3.5,C:\Users\arine\Downloads\ADNI1_Complete_1Yr_1.5T\ADNI\127_S_0393\MPR-R__GradWarp__B1_Correction__N3__Scaled\2006-04-12_14_01_49.0\I34393\ADNI_127_S_0393_MR_MPR-R__GradWarp__B1_Correction__N3__Scaled_Br_20061227151115107_S13200_I34393.nii,1920.0,86.0
136_S_0426,Dementia,2,bl,2006-05-30,Male,16.0,Not Hispanic or Latino,White,24.0,2.0,C:\Users\arine\Downloads\ADNI1_Complete_1Yr_1.5T\ADNI\136_S_0426\MPR__GradWarp__B1_Correction__N3__Scaled\2006-05-16_15_51_24.0\I40356\ADNI_136_S_0426_MR_MPR__GradWarp__B1_Correction__N3__Scaled_Br_20070215211810806_S14581_I40356.nii,1926.0,80.0
100_S_0190,Dementia,2,bl,2006-06-01,Male,18.0,Not Hispanic or Latino,White,27.0,2.0,C:\Users\arine\Downloads\ADNI1_Complete_1Yr_1.5T\ADNI\100_S_0190\MPR____N3__Scaled\2006-04-24_11_00_21.0\I33109\ADNI_100_S_0190_MR_MPR____N3__Scaled_Br_20061213164423765_S13689_I33109.nii,1927.0,79.0
116_S_0382,CN,0,bl,2006-06-01,Female,20.0,Not Hispanic or Latino,White,29.0,0.0,C:\Users\arine\Downloads\ADNI1_Complete_1Yr_1.5T\ADNI\116_S_0382\MPR__GradWarp__N3__Scaled\2006-05-15_10_12_14.0\I59725\ADNI_116_S_0382_MR_MPR__GradWarp__N3__Scaled_Br_20070713081714708_S14502_I59725.nii,1930.0,76.0
116_S_0382,CN,0,bl,2006-06-01,Female,20.0,Not Hispanic or Latino,White,29.0,0.0,C:\Users\arine\Downloads\ADNI1_Complete_1Yr_1.5T\ADNI\116_S_0382\MPR__GradWarp__N3__Scaled\2006-05-15_10_12_14.0\I59725\ADNI_116_S_0382_MR_MPR__GradWarp__N3__Scaled_Br_20070713081714708_S14502_I59725.nii,,75.71323529411765
116_S_0382,CN,0,bl,2006-06-01,Female,20.0,Not Hispanic or Latino,White,29.0,0.0,C:\Users\arine\Downloads\ADNI1_Complete_1Yr_1.5T\ADNI\116_S_0382\MPR__GradWarp__N3__Scaled\2006-05-15_10_12_14.0\I59725\ADNI_116_S_0382_MR_MPR__GradWarp__N3__Scaled_Br_20070713081714708_S14502_I59725.nii,1930.0,76.0
032_S_0479,CN,0,bl,2006-06-01,Female,20.0,Not Hispanic or Latino,White,30.0,0.0,C:\Users\arine\Downloads\ADNI1_Complete_1Yr_1.5T\ADNI\032_S_0479\MPR____N3__Scaled\2006-05-15_12_17_39.0\I36469\ADNI_032_S_0479_MR_MPR____N3__Scaled_Br_20070118002237189_S14457_I36469.nii,1932.0,74.0
032_S_0479,CN,0,bl,2006-06-01,Female,20.0,Not Hispanic or Latino,White,30.0,0.0,C:\Users\arine\Downloads\ADNI1_Complete_1Yr_1.5T\ADNI\032_S_0479\MPR____N3__Scaled\2006-05-15_12_17_39.0\I36469\ADNI_032_S_0479_MR_MPR____N3__Scaled_Br_20070118002237189_S14457_I36469.nii,1932.0,74.0
067_S_0336,MCI,1,bl,2006-06-02,Male,17.0,Not Hispanic or Latino,White,24.0,1.5,C:\Users\arine\Downloads\ADNI1_Complete_1Yr_1.5T\ADNI\067_S_0336\MPR__GradWarp__B1_Correction__N3__Scaled\2006-05-04_08_09_56.0\I34857\ADNI_067_S_0336_MR_MPR__GradWarp__B1_Correction__N3__Scaled_Br_20061229185531970_S14023_I34857.nii,1930.0,76.0
057_S_0474,Dementia,2,bl,2006-05-30,Female,16.0,Not Hispanic or Latino,White,26.0,2.0,C:\Users\arine\Downloads\ADNI1_Complete_1Yr_1.5T\ADNI\057_S_0474\MPR-R__GradWarp__B1_Correction__N3__Scaled\2006-05-03_14_41_47.0\I34720\ADNI_057_S_0474_MR_MPR-R__GradWarp__B1_Correction__N3__Scaled_Br_20061229153747701_S13990_I34720.nii,1928.0,78.0
133_S_0488,CN,0,bl,2006-06-05,Female,16.0,Not Hispanic or Latino,White,30.0,0.0,C:\Users\arine\Downloads\ADNI1_Complete_1Yr_1.5T\ADNI\133_S_0488\MPR__GradWarp__B1_Correction__N3__Scaled\2006-05-09_13_59_59.0\I107934\ADNI_133_S_0488_MR_MPR__GradWarp__B1_Correction__N3__Scaled_Br_20080602085848695_S14150_I107934.nii,1935.0,71.0
018_S_0335,Dementia,2,bl,2006-06-05,Female,14.0,Not Hispanic or Latino,White,20.0,8.0,C:\Users\arine\Downloads\ADNI1_Complete_1Yr_1.5T\ADNI\018_S_0335\MPR____N3__Scaled\2006-05-16_15_12_25.0\I35009\ADNI_018_S_0335_MR_MPR____N3__Scaled_Br_20070101214204431_S14586_I35009.nii,1922.0,84.0
033_S_0513,MCI,1,bl,2006-06-05,Male,18.0,Not Hispanic or Latino,White,28.0,2.0,C:\Users\arine\Downloads\ADNI1_Complete_1Yr_1.5T\ADNI\033_S_0513\MPR__GradWarp__B1_Correction__N3__Scaled\2006-05-18_11_34_42.0\I42258\ADNI_033_S_0513_MR_MPR__GradWarp__B1_Correction__N3__Scaled_Br_20070302154554824_S14673_I42258.nii,1937.0,69.0
033_S_0567,MCI,1,bl,2006-06-05,Male,16.0,Not Hispanic or Latino,White,28.0,3.0,C:\Users\arine\Downloads\ADNI1_Complete_1Yr_1.5T\ADNI\033_S_0567\MPR-R__GradWarp__B1_Correction__N3__Scaled\2006-05-17_09_29_14.0\I42370\ADNI_033_S_0567_MR_MPR-R__GradWarp__B1_Correction__N3__Scaled_Br_20070303120457162_S14572_I42370.nii,1932.0,74.0
014_S_0520,CN,0,bl,2006-06-06,Female,16.0,Not Hispanic or Latino,White,30.0,0.0,C:\Users\arine\Downloads\ADNI1_Complete_1Yr_1.5T\ADNI\014_S_0520\MPR-R__GradWarp__B1_Correction__N3__Scaled\2006-05-12_12_10_53.0\I39660\ADNI_014_S_0520_MR_MPR-R__GradWarp__B1_Correction__N3__Scaled_Br_20070213002755949_S14473_I39660.nii,1928.0,78.0
014_S_0520,CN,0,bl,2006-06-06,Female,16.0,Not Hispanic or Latino,White,30.0,0.0,C:\Users\arine\Downloads\ADNI1_Complete_1Yr_1.5T\ADNI\014_S_0520\MPR-R__GradWarp__B1_Correction__N3__Scaled\2006-05-12_12_10_53.0\I39660\ADNI_014_S_0520_MR_MPR-R__GradWarp__B1_Correction__N3__Scaled_Br_20070213002755949_S14473_I39660.nii,1928.0,78.0
014_S_0520,CN,0,bl,2006-06-06,Female,16.0,Not Hispanic or Latino,White,30.0,0.0,C:\Users\arine\Downloads\ADNI1_Complete_1Yr_1.5T\ADNI\014_S_0520\MPR-R__GradWarp__B1_Correction__N3__Scaled\2006-05-12_12_10_53.0\I39660\ADNI_014_S_0520_MR_MPR-R__GradWarp__B1_Correction__N3__Scaled_Br_20070213002755949_S14473_I39660.nii,,75.71323529411765
014_S_0520,CN,0,bl,2006-06-06,Female,16.0,Not Hispanic or Latino,White,30.0,0.0,C:\Users\arine\Downloads\ADNI1_Complete_1Yr_1.5T\ADNI\014_S_0520\MPR-R__GradWarp__B1_Correction__N3__Scaled\2006-05-12_12_10_53.0\I39660\ADNI_014_S_0520_MR_MPR-R__GradWarp__B1_Correction__N3__Scaled_Br_20070213002755949_S14473_I39660.nii,1928.0,78.0
014_S_0519,CN,0,bl,2006-06-06,Male,16.0,Not Hispanic or Latino,White,29.0,0.0,C:\Users\arine\Downloads\ADNI1_Complete_1Yr_1.5T\ADNI\014_S_0519\MPR__GradWarp__B1_Correction__N3__Scaled\2006-05-12_12_46_41.0\I39647\ADNI_014_S_0519_MR_MPR__GradWarp__B1_Correction__N3__Scaled_Br_20070213000538637_S14488_I39647.nii,1932.0,74.0
014_S_0519,CN,0,bl,2006-06-06,Male,16.0,Not Hispanic or Latino,White,29.0,0.0,C:\Users\arine\Downloads\ADNI1_Complete_1Yr_1.5T\ADNI\014_S_0519\MPR__GradWarp__B1_Correction__N3__Scaled\2006-05-12_12_46_41.0\I39647\ADNI_014_S_0519_MR_MPR__GradWarp__B1_Correction__N3__Scaled_Br_20070213000538637_S14488_I39647.nii,1932.0,74.0
014_S_0519,CN,0,bl,2006-06-06,Male,16.0,Not Hispanic or Latino,White,29.0,0.0,C:\Users\arine\Downloads\ADNI1_Complete_1Yr_1.5T\ADNI\014_S_0519\MPR__GradWarp__B1_Correction__N3__Scaled\2006-05-12_12_46_41.0\I39647\ADNI_014_S_0519_MR_MPR__GradWarp__B1_Correction__N3__Scaled_Br_20070213000538637_S14488_I39647.nii,,75.71323529411765
014_S_0519,CN,0,bl,2006-06-06,Male,16.0,Not Hispanic or Latino,White,29.0,0.0,C:\Users\arine\Downloads\ADNI1_Complete_1Yr_1.5T\ADNI\014_S_0519\MPR__GradWarp__B1_Correction__N3__Scaled\2006-05-12_12_46_41.0\I39647\ADNI_014_S_0519_MR_MPR__GradWarp__B1_Correction__N3__Scaled_Br_20070213000538637_S14488_I39647.nii,1932.0,74.0
016_S_0359,CN,0,bl,2006-06-05,Female,14.0,Not Hispanic or Latino,White,30.0,0.5,C:\Users\arine\Downloads\ADNI1_Complete_1Yr_1.5T\ADNI\016_S_0359\MPR__GradWarp__B1_Correction__N3__Scaled\2006-04-06_09_06_17.0\I96221\ADNI_016_S_0359_MR_MPR__GradWarp__B1_Correction__N3__Scaled_Br_20080308122209967_S13000_I96221.nii,1924.0,82.0
016_S_0359,CN,0,bl,2006-06-05,Female,14.0,Not Hispanic or Latino,White,30.0,0.5,C:\Users\arine\Downloads\ADNI1_Complete_1Yr_1.5T\ADNI\016_S_0359\MPR__GradWarp__B1_Correction__N3__Scaled\2006-04-06_09_06_17.0\I96221\ADNI_016_S_0359_MR_MPR__GradWarp__B1_Correction__N3__Scaled_Br_20080308122209967_S13000_I96221.nii,1924.0,82.0
016_S_0359,CN,0,bl,2006-06-05,Female,14.0,Not Hispanic or Latino,White,30.0,0.5,C:\Users\arine\Downloads\ADNI1_Complete_1Yr_1.5T\ADNI\016_S_0359\MPR__GradWarp__B1_Correction__N3__Scaled\2006-04-06_09_06_17.0\I96221\ADNI_016_S_0359_MR_MPR__GradWarp__B1_Correction__N3__Scaled_Br_20080308122209967_S13000_I96221.nii,1924.0,82.0
033_S_0511,MCI,1,bl,2006-06-07,Male,14.0,Not Hispanic or Latino,White,25.0,3.0,C:\Users\arine\Downloads\ADNI1_Complete_1Yr_1.5T\ADNI\033_S_0511\MPR__GradWarp__B1_Correction__N3__Scaled\2006-06-01_08_53_01.0\I42240\ADNI_033_S_0511_MR_MPR__GradWarp__B1_Correction__N3__Scaled_Br_20070302151219556_S15101_I42240.nii,1948.0,58.0
014_S_0548,CN,0,bl,2006-06-08,Female,12.0,Not Hispanic or Latino,White,29.0,0.5,C:\Users\arine\Downloads\ADNI1_Complete_1Yr_1.5T\ADNI\014_S_0548\MPR__GradWarp__B1_Correction__N3__Scaled\2006-05-25_10_20_48.0\I39665\ADNI_014_S_0548_MR_MPR__GradWarp__B1_Correction__N3__Scaled_Br_20070213003619175_S14921_I39665.nii,1932.0,74.0
014_S_0548,CN,0,bl,2006-06-08,Female,12.0,Not Hispanic or Latino,White,29.0,0.5,C:\Users\arine\Downloads\ADNI1_Complete_1Yr_1.5T\ADNI\014_S_0548\MPR__GradWarp__B1_Correction__N3__Scaled\2006-05-25_10_20_48.0\I39665\ADNI_014_S_0548_MR_MPR__GradWarp__B1_Correction__N3__Scaled_Br_20070213003619175_S14921_I39665.nii,1932.0,74.0
014_S_0548,CN,0,bl,2006-06-08,Female,12.0,Not Hispanic or Latino,White,29.0,0.5,C:\Users\arine\Downloads\ADNI1_Complete_1Yr_1.5T\ADNI\014_S_0548\MPR__GradWarp__B1_Correction__N3__Scaled\2006-05-25_10_20_48.0\I39665\ADNI_014_S_0548_MR_MPR__GradWarp__B1_Correction__N3__Scaled_Br_20070213003619175_S14921_I39665.nii,,75.71323529411765
014_S_0548,CN,0,bl,2006-06-08,Female,12.0,Not Hispanic or Latino,White,29.0,0.5,C:\Users\arine\Downloads\ADNI1_Complete_1Yr_1.5T\ADNI\014_S_0548\MPR__GradWarp__B1_Correction__N3__Scaled\2006-05-25_10_20_48.0\I39665\ADNI_014_S_0548_MR_MPR__GradWarp__B1_Correction__N3__Scaled_Br_20070213003619175_S14921_I39665.nii,1932.0,74.0
014_S_0548,CN,0,bl,2006-06-08,Female,12.0,Not Hispanic or Latino,White,29.0,0.5,C:\Users\arine\Downloads\ADNI1_Complete_1Yr_1.5T\ADNI\014_S_0548\MPR__GradWarp__B1_Correction__N3__Scaled\2006-05-25_10_20_48.0\I39665\ADNI_014_S_0548_MR_MPR__GradWarp__B1_Correction__N3__Scaled_Br_20070213003619175_S14921_I39665.nii,,75.71323529411765
037_S_0327,CN,0,bl,2006-05-31,Male,16.0,Not Hispanic or Latino,White,29.0,0.0,C:\Users\arine\Downloads\ADNI1_Complete_1Yr_1.5T\ADNI\037_S_0327\MPR__GradWarp__N3__Scaled\2006-04-19_09_19_50.0\I79732\ADNI_037_S_0327_MR_MPR__GradWarp__N3__Scaled_Br_20071030155301116_S13473_I79732.nii,1936.0,70.0
031_S_0568,MCI,1,bl,2006-06-09,Female,16.0,Not Hispanic or Latino,White,27.0,2.0,C:\Users\arine\Downloads\ADNI1_Complete_1Yr_1.5T\ADNI\031_S_0568\MPR__GradWarp__N3__Scaled\2006-05-22_12_46_58.0\I64922\ADNI_031_S_0568_MR_MPR__GradWarp__N3__Scaled_Br_20070805151519193_S14833_I64922.nii,1926.0,80.0
036_S_0576,CN,0,bl,2006-06-09,Male,14.0,Not Hispanic or Latino,White,28.0,0.0,C:\Users\arine\Downloads\ADNI1_Complete_1Yr_1.5T\ADNI\036_S_0576\MPR__GradWarp__B1_Correction__N3__Scaled\2006-06-01_16_37_12.0\I36903\ADNI_036_S_0576_MR_MPR__GradWarp__B1_Correction__N3__Scaled_Br_20070119231729321_S15156_I36903.nii,1928.0,78.0
033_S_0514,MCI,1,bl,2006-06-09,Male,20.0,Not Hispanic or Latino,White,26.0,1.5,C:\Users\arine\Downloads\ADNI1_Complete_1Yr_1.5T\ADNI\033_S_0514\MPR__GradWarp__B1_Correction__N3__Scaled\2006-05-18_10_42_19.0\I42276\ADNI_033_S_0514_MR_MPR__GradWarp__B1_Correction__N3__Scaled_Br_20070302161749464_S14663_I42276.nii,1925.0,81.0
033_S_0514,MCI,1,bl,2006-06-09,Male,20.0,Not Hispanic or Latino,White,26.0,1.5,C:\Users\arine\Downloads\ADNI1_Complete_1Yr_1.5T\ADNI\033_S_0514\MPR__GradWarp__B1_Correction__N3__Scaled\2006-05-18_10_42_19.0\I42276\ADNI_033_S_0514_MR_MPR__GradWarp__B1_Correction__N3__Scaled_Br_20070302161749464_S14663_I42276.nii,1925.0,81.0
094_S_0526,CN,0,bl,2006-05-25,Female,7.0,Not Hispanic or Latino,Black or African American,26.0,0.0,C:\Users\arine\Downloads\ADNI1_Complete_1Yr_1.5T\ADNI\094_S_0526\MPR-R__GradWarp__B1_Correction__N3__Scaled\2006-05-16_13_26_28.0\I63468\ADNI_094_S_0526_MR_MPR-R__GradWarp__B1_Correction__N3__Scaled_Br_20070731182958172_S14559_I63468.nii,1921.0,85.0
031_S_0554,Dementia,2,bl,2006-06-12,Male,14.0,Not Hispanic or Latino,Black or African American,20.0,7.0,C:\Users\arine\Downloads\ADNI1_Complete_1Yr_1.5T\ADNI\031_S_0554\MPR-R__GradWarp__N3__Scaled\2006-05-23_19_01_11.0\I64711\ADNI_031_S_0554_MR_MPR-R__GradWarp__N3__Scaled_Br_20070804144512116_S14904_I64711.nii,1934.0,72.0
033_S_0516,CN,0,bl,2006-06-09,Male,15.0,Not Hispanic or Latino,White,27.0,0.0,C:\Users\arine\Downloads\ADNI1_Complete_1Yr_1.5T\ADNI\033_S_0516\MPR__GradWarp__B1_Correction__N3__Scaled\2006-05-22_13_21_54.0\I42308\ADNI_033_S_0516_MR_MPR__GradWarp__B1_Correction__N3__Scaled_Br_20070302171255157_S14818_I42308.nii,1918.0,88.0
036_S_0577,Dementia,2,bl,2006-06-09,Female,12.0,Not Hispanic or Latino,White,24.0,6.0,C:\Users\arine\Downloads\ADNI1_Complete_1Yr_1.5T\ADNI\036_S_0577\MPR__GradWarp__B1_Correction__N3__Scaled\2006-05-26_12_09_33.0\I36914\ADNI_036_S_0577_MR_MPR__GradWarp__B1_Correction__N3__Scaled_Br_20070119233126708_S14974_I36914.nii,1933.0,73.0
062_S_0535,Dementia,2,bl,2006-06-13,Male,15.0,Not Hispanic or Latino,White,23.0,4.5,C:\Users\arine\Downloads\ADNI1_Complete_1Yr_1.5T\ADNI\062_S_0535\MPR__GradWarp__B1_Correction__N3__Scaled\2006-05-18_13_30_22.0\I50426\ADNI_062_S_0535_MR_MPR__GradWarp__B1_Correction__N3__Scaled_Br_20070424112744977_S14699_I50426.nii,1929.0,77.0
137_S_0481,MCI,1,bl,2006-06-12,Male,18.0,Not Hispanic or Latino,White,24.0,1.5,C:\Users\arine\Downloads\ADNI1_Complete_1Yr_1.5T\ADNI\137_S_0481\MPR-R__GradWarp__N3__Scaled\2006-05-11_10_06_05.0\I46647\ADNI_137_S_0481_MR_MPR-R__GradWarp__N3__Scaled_Br_20070323173638661_S14293_I46647.nii,1921.0,85.0
027_S_0461,MCI,1,bl,2006-06-16,Male,19.0,Not Hispanic or Latino,White,27.0,1.5,C:\Users\arine\Downloads\ADNI1_Complete_1Yr_1.5T\ADNI\027_S_0461\MPR__GradWarp__B1_Correction__N3__Scaled\2006-06-02_13_43_26.0\I34231\ADNI_027_S_0461_MR_MPR__GradWarp__B1_Correction__N3__Scaled_Br_20061222203247000_S15192_I34231.nii,1926.0,80.0
131_S_0497,Dementia,2,bl,2006-06-19,Male,12.0,Not Hispanic or Latino,White,23.0,5.0,C:\Users\arine\Downloads\ADNI1_Complete_1Yr_1.5T\ADNI\131_S_0497\MPR__GradWarp__B1_Correction__N3__Scaled\2006-06-07_13_11_52.0\I48038\ADNI_131_S_0497_MR_MPR__GradWarp__B1_Correction__N3__Scaled_Br_20070403140455408_S15315_I48038.nii,1930.0,76.0
037_S_0467,CN,0,bl,2006-06-15,Female,12.0,Not Hispanic or Latino,White,30.0,0.0,C:\Users\arine\Downloads\ADNI1_Complete_1Yr_1.5T\ADNI\037_S_0467\MPR__GradWarp__N3__Scaled\2006-05-02_11_31_56.0\I108505\ADNI_037_S_0467_MR_MPR__GradWarp__N3__Scaled_Br_20080605143330764_S14164_I108505.nii,1925.0,81.0
037_S_0467,CN,0,bl,2006-06-15,Female,12.0,Not Hispanic or Latino,White,30.0,0.0,C:\Users\arine\Downloads\ADNI1_Complete_1Yr_1.5T\ADNI\037_S_0467\MPR__GradWarp__N3__Scaled\2006-05-02_11_31_56.0\I108505\ADNI_037_S_0467_MR_MPR__GradWarp__N3__Scaled_Br_20080605143330764_S14164_I108505.nii,1925.0,81.0
037_S_0454,CN,0,bl,2006-06-18,Female,13.0,Not Hispanic or Latino,White,29.0,0.5,C:\Users\arine\Downloads\ADNI1_Complete_1Yr_1.5T\ADNI\037_S_0454\MPR__GradWarp__N3__Scaled\2006-05-09_09_29_52.0\I79755\ADNI_037_S_0454_MR_MPR__GradWarp__N3__Scaled_Br_20071030160825938_S14104_I79755.nii,1924.0,82.0
037_S_0454,CN,0,bl,2006-06-18,Female,13.0,Not Hispanic or Latino,White,29.0,0.5,C:\Users\arine\Downloads\ADNI1_Complete_1Yr_1.5T\ADNI\037_S_0454\MPR__GradWarp__N3__Scaled\2006-05-09_09_29_52.0\I79755\ADNI_037_S_0454_MR_MPR__GradWarp__N3__Scaled_Br_20071030160825938_S14104_I79755.nii,1924.0,82.0
037_S_0454,CN,0,bl,2006-06-18,Female,13.0,Not Hispanic or Latino,White,29.0,0.5,C:\Users\arine\Downloads\ADNI1_Complete_1Yr_1.5T\ADNI\037_S_0454\MPR__GradWarp__N3__Scaled\2006-05-09_09_29_52.0\I79755\ADNI_037_S_0454_MR_MPR__GradWarp__N3__Scaled_Br_20071030160825938_S14104_I79755.nii,,75.71323529411765
037_S_0454,CN,0,bl,2006-06-18,Female,13.0,Not Hispanic or Latino,White,29.0,0.5,C:\Users\arine\Downloads\ADNI1_Complete_1Yr_1.5T\ADNI\037_S_0454\MPR__GradWarp__N3__Scaled\2006-05-09_09_29_52.0\I79755\ADNI_037_S_0454_MR_MPR__GradWarp__N3__Scaled_Br_20071030160825938_S14104_I79755.nii,1924.0,82.0
023_S_0604,MCI,1,bl,2006-06-20,Male,14.0,Not Hispanic or Latino,White,25.0,1.0,C:\Users\arine\Downloads\ADNI1_Complete_1Yr_1.5T\ADNI\023_S_0604\MPR__GradWarp__B1_Correction__N3__Scaled\2006-06-02_12_47_40.0\I31455\ADNI_023_S_0604_MR_MPR__GradWarp__B1_Correction__N3__Scaled_Br_20061203122926229_S15182_I31455.nii,1919.0,87.0
116_S_0392,Dementia,2,bl,2006-06-20,Female,17.0,Not Hispanic or Latino,White,20.0,3.5,C:\Users\arine\Downloads\ADNI1_Complete_1Yr_1.5T\ADNI\116_S_0392\MPR__GradWarp__N3__Scaled\2006-06-05_11_16_11.0\I59690\ADNI_116_S_0392_MR_MPR__GradWarp__N3__Scaled_Br_20070713074002233_S15287_I59690.nii,1921.0,85.0
007_S_0414,MCI,1,bl,2006-06-02,Female,18.0,Not Hispanic or Latino,White,25.0,1.0,C:\Users\arine\Downloads\ADNI1_Complete_1Yr_1.5T\ADNI\007_S_0414\MPR__GradWarp__B1_Correction__N3__Scaled\2006-05-22_12_58_07.0\I36599\ADNI_007_S_0414_MR_MPR__GradWarp__B1_Correction__N3__Scaled_Br_20070118035313135_S14826_I36599.nii,1926.0,80.0
018_S_0425,CN,0,bl,2006-06-20,Male,20.0,Not Hispanic or Latino,White,29.0,0.5,C:\Users\arine\Downloads\ADNI1_Complete_1Yr_1.5T\ADNI\018_S_0425\MPR____N3__Scaled\2006-04-19_15_31_52.0\I63383\ADNI_018_S_0425_MR_MPR____N3__Scaled_Br_20070731165720140_S13585_I63383.nii,1920.0,86.0
062_S_0578,CN,0,bl,2006-06-22,Female,14.0,Not Hispanic or Latino,White,30.0,0.0,C:\Users\arine\Downloads\ADNI1_Complete_1Yr_1.5T\ADNI\062_S_0578\MPR__GradWarp__B1_Correction__N3__Scaled\2006-05-30_15_56_34.0\I50459\ADNI_062_S_0578_MR_MPR__GradWarp__B1_Correction__N3__Scaled_Br_20070424114540207_S15035_I50459.nii,1929.0,77.0
116_S_0487,Dementia,2,bl,2006-06-12,Male,20.0,Not Hispanic or Latino,White,22.0,3.0,C:\Users\arine\Downloads\ADNI1_Complete_1Yr_1.5T\ADNI\116_S_0487\MPR-R__GradWarp__N3__Scaled\2006-06-01_10_40_38.0\I59686\ADNI_116_S_0487_MR_MPR-R__GradWarp__N3__Scaled_Br_20070713073545721_S15138_I59686.nii,1929.0,77.0
116_S_0487,Dementia,2,bl,2006-06-12,Male,20.0,Not Hispanic or Latino,White,22.0,3.0,C:\Users\arine\Downloads\ADNI1_Complete_1Yr_1.5T\ADNI\116_S_0487\MPR-R__GradWarp__N3__Scaled\2006-06-01_10_40_38.0\I59686\ADNI_116_S_0487_MR_MPR-R__GradWarp__N3__Scaled_Br_20070713073545721_S15138_I59686.nii,1929.0,77.0
133_S_0525,CN,0,bl,2006-06-26,Female,16.0,Not Hispanic or Latino,White,30.0,0.0,C:\Users\arine\Downloads\ADNI1_Complete_1Yr_1.5T\ADNI\133_S_0525\MPR__GradWarp__B1_Correction__N3__Scaled\2006-05-30_08_58_53.0\I39980\ADNI_133_S_0525_MR_MPR__GradWarp__B1_Correction__N3__Scaled_Br_20070213223142703_S14991_I39980.nii,1936.0,70.0
067_S_0290,MCI,1,bl,2006-05-10,Male,16.0,Not Hispanic or Latino,White,28.0,0.5,C:\Users\arine\Downloads\ADNI1_Complete_1Yr_1.5T\ADNI\067_S_0290\MPR-R__GradWarp__B1_Correction__N3__Scaled\2006-03-28_11_43_32.0\I34846\ADNI_067_S_0290_MR_MPR-R__GradWarp__B1_Correction__N3__Scaled_Br_20061229183851729_S12592_I34846.nii,1931.0,75.0
067_S_0284,MCI,1,bl,2006-05-10,Female,10.0,Not Hispanic or Latino,White,27.0,0.5,C:\Users\arine\Downloads\ADNI1_Complete_1Yr_1.5T\ADNI\067_S_0284\MPR-R__GradWarp__B1_Correction__N3__Scaled\2006-03-17_12_48_03.0\I34837\ADNI_067_S_0284_MR_MPR-R__GradWarp__B1_Correction__N3__Scaled_Br_20061229182633894_S12439_I34837.nii,1929.0,77.0
018_S_0450,MCI,1,bl,2006-06-25,Male,20.0,Not Hispanic or Latino,White,30.0,1.5,C:\Users\arine\Downloads\ADNI1_Complete_1Yr_1.5T\ADNI\018_S_0450\MPR-R____N3__Scaled\2006-05-04_13_09_35.0\I37206\ADNI_018_S_0450_MR_MPR-R____N3__Scaled_Br_20070123192028100_S13994_I37206.nii,1937.0,69.0
013_S_0325,MCI,1,bl,2006-06-27,Female,18.0,Not Hispanic or Latino,White,28.0,2.0,C:\Users\arine\Downloads\ADNI1_Complete_1Yr_1.5T\ADNI\013_S_0325\MPR__GradWarp__B1_Correction__N3__Scaled\2006-04-19_10_28_14.0\I54665\ADNI_013_S_0325_MR_MPR__GradWarp__B1_Correction__N3__Scaled_Br_20070517130132929_S13524_I54665.nii,1935.0,71.0
126_S_0605,CN,0,bl,2006-06-27,Female,16.0,Not Hispanic or Latino,White,30.0,0.0,C:\Users\arine\Downloads\ADNI1_Complete_1Yr_1.5T\ADNI\126_S_0605\MPR__GradWarp__B1_Correction__N3__Scaled\2006-06-15_12_02_53.0\I38861\ADNI_126_S_0605_MR_MPR__GradWarp__B1_Correction__N3__Scaled_Br_20070209184132392_S15665_I38861.nii,1930.0,76.0
126_S_0605,CN,0,bl,2006-06-27,Female,16.0,Not Hispanic or Latino,White,30.0,0.0,C:\Users\arine\Downloads\ADNI1_Complete_1Yr_1.5T\ADNI\126_S_0605\MPR__GradWarp__B1_Correction__N3__Scaled\2006-06-15_12_02_53.0\I38861\ADNI_126_S_0605_MR_MPR__GradWarp__B1_Correction__N3__Scaled_Br_20070209184132392_S15665_I38861.nii,1930.0,76.0
126_S_0605,CN,0,bl,2006-06-27,Female,16.0,Not Hispanic or Latino,White,30.0,0.0,C:\Users\arine\Downloads\ADNI1_Complete_1Yr_1.5T\ADNI\126_S_0605\MPR__GradWarp__B1_Correction__N3__Scaled\2006-06-15_12_02_53.0\I38861\ADNI_126_S_0605_MR_MPR__GradWarp__B1_Correction__N3__Scaled_Br_20070209184132392_S15665_I38861.nii,,75.71323529411765
126_S_0605,CN,0,bl,2006-06-27,Female,16.0,Not Hispanic or Latino,White,30.0,0.0,C:\Users\arine\Downloads\ADNI1_Complete_1Yr_1.5T\ADNI\126_S_0605\MPR__GradWarp__B1_Correction__N3__Scaled\2006-06-15_12_02_53.0\I38861\ADNI_126_S_0605_MR_MPR__GradWarp__B1_Correction__N3__Scaled_Br_20070209184132392_S15665_I38861.nii,1930.0,76.0
126_S_0605,CN,0,bl,2006-06-27,Female,16.0,Not Hispanic or Latino,White,30.0,0.0,C:\Users\arine\Downloads\ADNI1_Complete_1Yr_1.5T\ADNI\126_S_0605\MPR__GradWarp__B1_Correction__N3__Scaled\2006-06-15_12_02_53.0\I38861\ADNI_126_S_0605_MR_MPR__GradWarp__B1_Correction__N3__Scaled_Br_20070209184132392_S15665_I38861.nii,1930.0,76.0
136_S_0429,MCI,1,bl,2006-06-27,Male,12.0,Not Hispanic or Latino,White,25.0,1.5,C:\Users\arine\Downloads\ADNI1_Complete_1Yr_1.5T\ADNI\136_S_0429\MPR-R__GradWarp__B1_Correction__N3__Scaled\2006-06-14_15_47_46.0\I40387\ADNI_136_S_0429_MR_MPR-R__GradWarp__B1_Correction__N3__Scaled_Br_20070215220055664_S15534_I40387.nii,1943.0,63.0
002_S_0619,Dementia,2,bl,2006-06-27,Male,12.0,Not Hispanic or Latino,White,22.0,8.0,C:\Users\arine\Downloads\ADNI1_Complete_1Yr_1.5T\ADNI\002_S_0619\MPR-R__GradWarp__N3__Scaled\2006-06-01_20_04_45.0\I48617\ADNI_002_S_0619_MR_MPR-R__GradWarp__N3__Scaled_Br_20070411125458928_S15145_I48617.nii,1928.0,78.0
137_S_0366,Dementia,2,bl,2006-06-26,Female,20.0,Not Hispanic or Latino,White,23.0,6.5,C:\Users\arine\Downloads\ADNI1_Complete_1Yr_1.5T\ADNI\137_S_0366\MPR__GradWarp__N3__Scaled\2006-05-10_14_05_07.0\I46608\ADNI_137_S_0366_MR_MPR__GradWarp__N3__Scaled_Br_20070323161105797_S14199_I46608.nii,1949.0,57.0
127_S_0394,MCI,1,bl,2006-06-27,Female,12.0,Not Hispanic or Latino,White,27.0,2.5,C:\Users\arine\Downloads\ADNI1_Complete_1Yr_1.5T\ADNI\127_S_0394\MPR__GradWarp__B1_Correction__N3__Scaled\2006-05-17_13_49_24.0\I34398\ADNI_127_S_0394_MR_MPR__GradWarp__B1_Correction__N3__Scaled_Br_20061227151953272_S14603_I34398.nii,1922.0,84.0
127_S_0431,Dementia,2,bl,2006-06-27,Male,12.0,Not Hispanic or Latino,White,24.0,3.5,C:\Users\arine\Downloads\ADNI1_Complete_1Yr_1.5T\ADNI\127_S_0431\MPR__GradWarp__B1_Correction__N3__Scaled\2006-05-17_12_59_50.0\I34443\ADNI_127_S_0431_MR_MPR__GradWarp__B1_Correction__N3__Scaled_Br_20061228113005257_S14595_I34443.nii,1922.0,84.0
018_S_0406,MCI,1,bl,2006-06-28,Male,11.0,Not Hispanic or Latino,Black or African American,29.0,2.5,C:\Users\arine\Downloads\ADNI1_Complete_1Yr_1.5T\ADNI\018_S_0406\MPR____N3__Scaled\2006-04-20_13_37_22.0\I37199\ADNI_018_S_0406_MR_MPR____N3__Scaled_Br_20070123190542509_S13623_I37199.nii,1928.0,78.0
114_S_0601,CN,0,bl,2006-06-27,Female,16.0,Not Hispanic or Latino,White,30.0,0.0,C:\Users\arine\Downloads\ADNI1_Complete_1Yr_1.5T\ADNI\114_S_0601\MPR__GradWarp__B1_Correction__N3__Scaled\2006-06-05_13_22_46.0\I39850\ADNI_114_S_0601_MR_MPR__GradWarp__B1_Correction__N3__Scaled_Br_20070213200414400_S15201_I39850.nii,1929.0,77.0
127_S_0622,CN,0,bl,2006-06-29,Female,15.0,Not Hispanic or Latino,White,30.0,0.0,C:\Users\arine\Downloads\ADNI1_Complete_1Yr_1.5T\ADNI\127_S_0622\MPR__GradWarp__B1_Correction__N3__Scaled\2006-06-13_12_01_22.0\I34452\ADNI_127_S_0622_MR_MPR__GradWarp__B1_Correction__N3__Scaled_Br_20061228114611116_S15473_I34452.nii,1931.0,75.0
127_S_0622,CN,0,bl,2006-06-29,Female,15.0,Not Hispanic or Latino,White,30.0,0.0,C:\Users\arine\Downloads\ADNI1_Complete_1Yr_1.5T\ADNI\127_S_0622\MPR__GradWarp__B1_Correction__N3__Scaled\2006-06-13_12_01_22.0\I34452\ADNI_127_S_0622_MR_MPR__GradWarp__B1_Correction__N3__Scaled_Br_20061228114611116_S15473_I34452.nii,1931.0,75.0
010_S_0419,CN,0,bl,2006-06-30,Male,18.0,Not Hispanic or Latino,White,30.0,0.0,C:\Users\arine\Downloads\ADNI1_Complete_1Yr_1.5T\ADNI\010_S_0419\MPR____N3__Scaled\2006-05-16_14_41_33.0\I63320\ADNI_010_S_0419_MR_MPR____N3__Scaled_Br_20070731160454622_S14544_I63320.nii,1936.0,70.0
010_S_0419,CN,0,bl,2006-06-30,Male,18.0,Not Hispanic or Latino,White,30.0,0.0,C:\Users\arine\Downloads\ADNI1_Complete_1Yr_1.5T\ADNI\010_S_0419\MPR____N3__Scaled\2006-05-16_14_41_33.0\I63320\ADNI_010_S_0419_MR_MPR____N3__Scaled_Br_20070731160454622_S14544_I63320.nii,1936.0,70.0
027_S_0644,MCI,1,bl,2006-07-05,Male,14.0,Not Hispanic or Latino,White,28.0,2.5,C:\Users\arine\Downloads\ADNI1_Complete_1Yr_1.5T\ADNI\027_S_0644\MPR__GradWarp__B1_Correction__N3__Scaled\2006-06-16_12_23_30.0\I34240\ADNI_027_S_0644_MR_MPR__GradWarp__B1_Correction__N3__Scaled_Br_20061222204755143_S15630_I34240.nii,1931.0,75.0
027_S_0644,MCI,1,bl,2006-07-05,Male,14.0,Not Hispanic or Latino,White,28.0,2.5,C:\Users\arine\Downloads\ADNI1_Complete_1Yr_1.5T\ADNI\027_S_0644\MPR__GradWarp__B1_Correction__N3__Scaled\2006-06-16_12_23_30.0\I34240\ADNI_027_S_0644_MR_MPR__GradWarp__B1_Correction__N3__Scaled_Br_20061222204755143_S15630_I34240.nii,1931.0,75.0
027_S_0644,MCI,1,bl,2006-07-05,Male,14.0,Not Hispanic or Latino,White,28.0,2.5,C:\Users\arine\Downloads\ADNI1_Complete_1Yr_1.5T\ADNI\027_S_0644\MPR__GradWarp__B1_Correction__N3__Scaled\2006-06-16_12_23_30.0\I34240\ADNI_027_S_0644_MR_MPR__GradWarp__B1_Correction__N3__Scaled_Br_20061222204755143_S15630_I34240.nii,1931.0,75.0
014_S_0557,MCI,1,bl,2006-06-08,Male,20.0,Not Hispanic or Latino,White,30.0,0.5,C:\Users\arine\Downloads\ADNI1_Complete_1Yr_1.5T\ADNI\014_S_0557\MPR__GradWarp__B1_Correction__N3__Scaled\2006-05-31_14_42_29.0\I39674\ADNI_014_S_0557_MR_MPR__GradWarp__B1_Correction__N3__Scaled_Br_20070213005125862_S15094_I39674.nii,1934.0,72.0
014_S_0557,MCI,1,bl,2006-06-08,Male,20.0,Not Hispanic or Latino,White,30.0,0.5,C:\Users\arine\Downloads\ADNI1_Complete_1Yr_1.5T\ADNI\014_S_0557\MPR__GradWarp__B1_Correction__N3__Scaled\2006-05-31_14_42_29.0\I39674\ADNI_014_S_0557_MR_MPR__GradWarp__B1_Correction__N3__Scaled_Br_20070213005125862_S15094_I39674.nii,1934.0,72.0
014_S_0557,MCI,1,bl,2006-06-08,Male,20.0,Not Hispanic or Latino,White,30.0,0.5,C:\Users\arine\Downloads\ADNI1_Complete_1Yr_1.5T\ADNI\014_S_0557\MPR__GradWarp__B1_Correction__N3__Scaled\2006-05-31_14_42_29.0\I39674\ADNI_014_S_0557_MR_MPR__GradWarp__B1_Correction__N3__Scaled_Br_20070213005125862_S15094_I39674.nii,,75.05882352941177
014_S_0557,MCI,1,bl,2006-06-08,Male,20.0,Not Hispanic or Latino,White,30.0,0.5,C:\Users\arine\Downloads\ADNI1_Complete_1Yr_1.5T\ADNI\014_S_0557\MPR__GradWarp__B1_Correction__N3__Scaled\2006-05-31_14_42_29.0\I39674\ADNI_014_S_0557_MR_MPR__GradWarp__B1_Correction__N3__Scaled_Br_20070213005125862_S15094_I39674.nii,1934.0,72.0
014_S_0558,CN,0,bl,2006-07-06,Male,19.0,Not Hispanic or Latino,White,29.0,0.0,C:\Users\arine\Downloads\ADNI1_Complete_1Yr_1.5T\ADNI\014_S_0558\MPR__GradWarp__B1_Correction__N3__Scaled\2006-06-21_08_34_40.0\I39683\ADNI_014_S_0558_MR_MPR__GradWarp__B1_Correction__N3__Scaled_Br_20070213010603779_S15789_I39683.nii,1926.0,80.0
014_S_0558,CN,0,bl,2006-07-06,Male,19.0,Not Hispanic or Latino,White,29.0,0.0,C:\Users\arine\Downloads\ADNI1_Complete_1Yr_1.5T\ADNI\014_S_0558\MPR__GradWarp__B1_Correction__N3__Scaled\2006-06-21_08_34_40.0\I39683\ADNI_014_S_0558_MR_MPR__GradWarp__B1_Correction__N3__Scaled_Br_20070213010603779_S15789_I39683.nii,1926.0,80.0
014_S_0558,CN,0,bl,2006-07-06,Male,19.0,Not Hispanic or Latino,White,29.0,0.0,C:\Users\arine\Downloads\ADNI1_Complete_1Yr_1.5T\ADNI\014_S_0558\MPR__GradWarp__B1_Correction__N3__Scaled\2006-06-21_08_34_40.0\I39683\ADNI_014_S_0558_MR_MPR__GradWarp__B1_Correction__N3__Scaled_Br_20070213010603779_S15789_I39683.nii,,75.71323529411765
014_S_0558,CN,0,bl,2006-07-06,Male,19.0,Not Hispanic or Latino,White,29.0,0.0,C:\Users\arine\Downloads\ADNI1_Complete_1Yr_1.5T\ADNI\014_S_0558\MPR__GradWarp__B1_Correction__N3__Scaled\2006-06-21_08_34_40.0\I39683\ADNI_014_S_0558_MR_MPR__GradWarp__B1_Correction__N3__Scaled_Br_20070213010603779_S15789_I39683.nii,1926.0,80.0
023_S_0625,MCI,1,bl,2006-07-10,Male,6.0,Not Hispanic or Latino,White,24.0,1.0,C:\Users\arine\Downloads\ADNI1_Complete_1Yr_1.5T\ADNI\023_S_0625\MPR-R__GradWarp__B1_Correction__N3__Scaled\2006-06-23_10_12_07.0\I31495\ADNI_023_S_0625_MR_MPR-R__GradWarp__B1_Correction__N3__Scaled_Br_20061203133040963_S15820_I31495.nii,1930.0,76.0
023_S_0625,MCI,1,bl,2006-07-10,Male,6.0,Not Hispanic or Latino,White,24.0,1.0,C:\Users\arine\Downloads\ADNI1_Complete_1Yr_1.5T\ADNI\023_S_0625\MPR-R__GradWarp__B1_Correction__N3__Scaled\2006-06-23_10_12_07.0\I31495\ADNI_023_S_0625_MR_MPR-R__GradWarp__B1_Correction__N3__Scaled_Br_20061203133040963_S15820_I31495.nii,1930.0,76.0
023_S_0625,MCI,1,bl,2006-07-10,Male,6.0,Not Hispanic or Latino,White,24.0,1.0,C:\Users\arine\Downloads\ADNI1_Complete_1Yr_1.5T\ADNI\023_S_0625\MPR-R__GradWarp__B1_Correction__N3__Scaled\2006-06-23_10_12_07.0\I31495\ADNI_023_S_0625_MR_MPR-R__GradWarp__B1_Correction__N3__Scaled_Br_20061203133040963_S15820_I31495.nii,,75.05882352941177
136_S_0579,MCI,1,bl,2006-07-10,Female,18.0,Not Hispanic or Latino,White,29.0,1.0,C:\Users\arine\Downloads\ADNI1_Complete_1Yr_1.5T\ADNI\136_S_0579\MPR__GradWarp__B1_Correction__N3__Scaled\2006-06-29_08_24_58.0\I40410\ADNI_136_S_0579_MR_MPR__GradWarp__B1_Correction__N3__Scaled_Br_20070215222551779_S15952_I40410.nii,1941.0,65.0
041_S_0282,MCI,1,bl,2006-07-11,Male,20.0,Not Hispanic or Latino,Asian,28.0,0.5,C:\Users\arine\Downloads\ADNI1_Complete_1Yr_1.5T\ADNI\041_S_0282\MPR__GradWarp__B1_Correction__N3__Scaled\2006-04-19_15_09_15.0\I39486\ADNI_041_S_0282_MR_MPR__GradWarp__B1_Correction__N3__Scaled_Br_20070212210357565_S13496_I39486.nii,1934.0,72.0
041_S_0446,MCI,1,bl,2006-07-11,Male,11.0,Not Hispanic or Latino,White,26.0,1.0,C:\Users\arine\Downloads\ADNI1_Complete_1Yr_1.5T\ADNI\041_S_0446\MPR-R__GradWarp__B1_Correction__N3__Scaled\2006-05-02_13_50_15.0\I40433\ADNI_041_S_0446_MR_MPR-R__GradWarp__B1_Correction__N3__Scaled_Br_20070215230040560_S13908_I40433.nii,1917.0,89.0
053_S_0621,MCI,1,bl,2006-06-26,Female,16.0,Not Hispanic or Latino,White,28.0,1.5,C:\Users\arine\Downloads\ADNI1_Complete_1Yr_1.5T\ADNI\053_S_0621\MPR__GradWarp__B1_Correction__N3__Scaled\2006-06-12_16_26_20.0\I64189\ADNI_053_S_0621_MR_MPR__GradWarp__B1_Correction__N3__Scaled_Br_20070802190848867_S15442_I64189.nii,1944.0,62.0
032_S_0677,CN,0,bl,2006-07-13,Male,18.0,Not Hispanic or Latino,White,28.0,0.0,C:\Users\arine\Downloads\ADNI1_Complete_1Yr_1.5T\ADNI\032_S_0677\MPR____N3__Scaled\2006-06-29_10_16_23.0\I37228\ADNI_032_S_0677_MR_MPR____N3__Scaled_Br_20070123200558482_S16051_I37228.nii,1935.0,71.0
032_S_0677,CN,0,bl,2006-07-13,Male,18.0,Not Hispanic or Latino,White,28.0,0.0,C:\Users\arine\Downloads\ADNI1_Complete_1Yr_1.5T\ADNI\032_S_0677\MPR____N3__Scaled\2006-06-29_10_16_23.0\I37228\ADNI_032_S_0677_MR_MPR____N3__Scaled_Br_20070123200558482_S16051_I37228.nii,1935.0,71.0
137_S_0631,MCI,1,bl,2006-07-13,Male,14.0,Not Hispanic or Latino,White,25.0,4.0,C:\Users\arine\Downloads\ADNI1_Complete_1Yr_1.5T\ADNI\137_S_0631\MPR__GradWarp__N3__Scaled\2006-06-16_10_46_15.0\I46655\ADNI_137_S_0631_MR_MPR__GradWarp__N3__Scaled_Br_20070323174408307_S15598_I46655.nii,1929.0,77.0
057_S_0643,CN,0,bl,2006-07-12,Female,15.0,Not Hispanic or Latino,White,29.0,0.0,C:\Users\arine\Downloads\ADNI1_Complete_1Yr_1.5T\ADNI\057_S_0643\MPR__GradWarp__B1_Correction__N3__Scaled\2006-06-21_13_35_43.0\I34725\ADNI_057_S_0643_MR_MPR__GradWarp__B1_Correction__N3__Scaled_Br_20061229154757193_S15782_I34725.nii,1935.0,71.0
005_S_0546,MCI,1,bl,2006-07-13,Male,16.0,Not Hispanic or Latino,White,28.0,1.5,C:\Users\arine\Downloads\ADNI1_Complete_1Yr_1.5T\ADNI\005_S_0546\MPR-R__GradWarp__B1_Correction__N3__Scaled\2006-06-15_09_49_18.0\I32681\ADNI_005_S_0546_MR_MPR-R__GradWarp__B1_Correction__N3__Scaled_Br_20061212105236975_S15566_I32681.nii,1926.0,80.0
005_S_0546,MCI,1,bl,2006-07-13,Male,16.0,Not Hispanic or Latino,White,28.0,1.5,C:\Users\arine\Downloads\ADNI1_Complete_1Yr_1.5T\ADNI\005_S_0546\MPR-R__GradWarp__B1_Correction__N3__Scaled\2006-06-15_09_49_18.0\I32681\ADNI_005_S_0546_MR_MPR-R__GradWarp__B1_Correction__N3__Scaled_Br_20061212105236975_S15566_I32681.nii,1926.0,80.0
005_S_0546,MCI,1,bl,2006-07-13,Male,16.0,Not Hispanic or Latino,White,28.0,1.5,C:\Users\arine\Downloads\ADNI1_Complete_1Yr_1.5T\ADNI\005_S_0546\MPR-R__GradWarp__B1_Correction__N3__Scaled\2006-06-15_09_49_18.0\I32681\ADNI_005_S_0546_MR_MPR-R__GradWarp__B1_Correction__N3__Scaled_Br_20061212105236975_S15566_I32681.nii,1926.0,80.0
005_S_0553,CN,0,bl,2006-06-28,Male,18.0,Not Hispanic or Latino,White,30.0,0.0,C:\Users\arine\Downloads\ADNI1_Complete_1Yr_1.5T\ADNI\005_S_0553\MPR__GradWarp__B1_Correction__N3__Scaled\2006-06-14_08_28_53.0\I32644\ADNI_005_S_0553_MR_MPR__GradWarp__B1_Correction__N3__Scaled_Br_20061212094622066_S15527_I32644.nii,1921.0,85.0
005_S_0553,CN,0,bl,2006-06-28,Male,18.0,Not Hispanic or Latino,White,30.0,0.0,C:\Users\arine\Downloads\ADNI1_Complete_1Yr_1.5T\ADNI\005_S_0553\MPR__GradWarp__B1_Correction__N3__Scaled\2006-06-14_08_28_53.0\I32644\ADNI_005_S_0553_MR_MPR__GradWarp__B1_Correction__N3__Scaled_Br_20061212094622066_S15527_I32644.nii,1921.0,85.0
005_S_0553,CN,0,bl,2006-06-28,Male,18.0,Not Hispanic or Latino,White,30.0,0.0,C:\Users\arine\Downloads\ADNI1_Complete_1Yr_1.5T\ADNI\005_S_0553\MPR__GradWarp__B1_Correction__N3__Scaled\2006-06-14_08_28_53.0\I32644\ADNI_005_S_0553_MR_MPR__GradWarp__B1_Correction__N3__Scaled_Br_20061212094622066_S15527_I32644.nii,1921.0,85.0
005_S_0602,CN,0,bl,2006-07-11,Male,17.0,Not Hispanic or Latino,White,29.0,0.0,C:\Users\arine\Downloads\ADNI1_Complete_1Yr_1.5T\ADNI\005_S_0602\MPR__GradWarp__B1_Correction__N3__Scaled\2006-06-29_08_58_05.0\I32672\ADNI_005_S_0602_MR_MPR__GradWarp__B1_Correction__N3__Scaled_Br_20061212103139908_S15966_I32672.nii,1935.0,71.0
005_S_0602,CN,0,bl,2006-07-11,Male,17.0,Not Hispanic or Latino,White,29.0,0.0,C:\Users\arine\Downloads\ADNI1_Complete_1Yr_1.5T\ADNI\005_S_0602\MPR__GradWarp__B1_Correction__N3__Scaled\2006-06-29_08_58_05.0\I32672\ADNI_005_S_0602_MR_MPR__GradWarp__B1_Correction__N3__Scaled_Br_20061212103139908_S15966_I32672.nii,1935.0,71.0
005_S_0602,CN,0,bl,2006-07-11,Male,17.0,Not Hispanic or Latino,White,29.0,0.0,C:\Users\arine\Downloads\ADNI1_Complete_1Yr_1.5T\ADNI\005_S_0602\MPR__GradWarp__B1_Correction__N3__Scaled\2006-06-29_08_58_05.0\I32672\ADNI_005_S_0602_MR_MPR__GradWarp__B1_Correction__N3__Scaled_Br_20061212103139908_S15966_I32672.nii,1935.0,71.0
005_S_0610,CN,0,bl,2006-07-10,Male,20.0,Not Hispanic or Latino,White,29.0,0.0,C:\Users\arine\Downloads\ADNI1_Complete_1Yr_1.5T\ADNI\005_S_0610\MPR__GradWarp__B1_Correction__N3__Scaled\2006-06-21_08_37_05.0\I32667\ADNI_005_S_0610_MR_MPR__GradWarp__B1_Correction__N3__Scaled_Br_20061212102204007_S15727_I32667.nii,1927.0,79.0
005_S_0610,CN,0,bl,2006-07-10,Male,20.0,Not Hispanic or Latino,White,29.0,0.0,C:\Users\arine\Downloads\ADNI1_Complete_1Yr_1.5T\ADNI\005_S_0610\MPR__GradWarp__B1_Correction__N3__Scaled\2006-06-21_08_37_05.0\I32667\ADNI_005_S_0610_MR_MPR__GradWarp__B1_Correction__N3__Scaled_Br_20061212102204007_S15727_I32667.nii,1927.0,79.0
005_S_0610,CN,0,bl,2006-07-10,Male,20.0,Not Hispanic or Latino,White,29.0,0.0,C:\Users\arine\Downloads\ADNI1_Complete_1Yr_1.5T\ADNI\005_S_0610\MPR__GradWarp__B1_Correction__N3__Scaled\2006-06-21_08_37_05.0\I32667\ADNI_005_S_0610_MR_MPR__GradWarp__B1_Correction__N3__Scaled_Br_20061212102204007_S15727_I32667.nii,1927.0,79.0
018_S_0633,Dementia,2,bl,2006-07-18,Male,11.0,Not Hispanic or Latino,White,20.0,5.0,C:\Users\arine\Downloads\ADNI1_Complete_1Yr_1.5T\ADNI\018_S_0633\MPR-R____N3__Scaled\2006-06-15_13_31_40.0\I35036\ADNI_018_S_0633_MR_MPR-R____N3__Scaled_Br_20070101222816515_S15573_I35036.nii,1923.0,83.0
014_S_0563,MCI,1,bl,2006-07-20,Male,18.0,Not Hispanic or Latino,White,26.0,1.0,C:\Users\arine\Downloads\ADNI1_Complete_1Yr_1.5T\ADNI\014_S_0563\MPR__GradWarp__B1_Correction__N3__Scaled\2006-07-05_12_06_54.0\I39692\ADNI_014_S_0563_MR_MPR__GradWarp__B1_Correction__N3__Scaled_Br_20070213012025422_S16079_I39692.nii,1925.0,81.0
014_S_0563,MCI,1,bl,2006-07-20,Male,18.0,Not Hispanic or Latino,White,26.0,1.0,C:\Users\arine\Downloads\ADNI1_Complete_1Yr_1.5T\ADNI\014_S_0563\MPR__GradWarp__B1_Correction__N3__Scaled\2006-07-05_12_06_54.0\I39692\ADNI_014_S_0563_MR_MPR__GradWarp__B1_Correction__N3__Scaled_Br_20070213012025422_S16079_I39692.nii,1925.0,81.0
014_S_0563,MCI,1,bl,2006-07-20,Male,18.0,Not Hispanic or Latino,White,26.0,1.0,C:\Users\arine\Downloads\ADNI1_Complete_1Yr_1.5T\ADNI\014_S_0563\MPR__GradWarp__B1_Correction__N3__Scaled\2006-07-05_12_06_54.0\I39692\ADNI_014_S_0563_MR_MPR__GradWarp__B1_Correction__N3__Scaled_Br_20070213012025422_S16079_I39692.nii,,75.05882352941177
014_S_0563,MCI,1,bl,2006-07-20,Male,18.0,Not Hispanic or Latino,White,26.0,1.0,C:\Users\arine\Downloads\ADNI1_Complete_1Yr_1.5T\ADNI\014_S_0563\MPR__GradWarp__B1_Correction__N3__Scaled\2006-07-05_12_06_54.0\I39692\ADNI_014_S_0563_MR_MPR__GradWarp__B1_Correction__N3__Scaled_Br_20070213012025422_S16079_I39692.nii,1925.0,81.0
126_S_0680,CN,0,bl,2006-07-20,Male,8.0,Not Hispanic or Latino,White,28.0,0.0,C:\Users\arine\Downloads\ADNI1_Complete_1Yr_1.5T\ADNI\126_S_0680\MPR__GradWarp__B1_Correction__N3__Scaled\2006-07-05_12_33_59.0\I38926\ADNI_126_S_0680_MR_MPR__GradWarp__B1_Correction__N3__Scaled_Br_20070209193929552_S16099_I38926.nii,1928.0,78.0
126_S_0680,CN,0,bl,2006-07-20,Male,8.0,Not Hispanic or Latino,White,28.0,0.0,C:\Users\arine\Downloads\ADNI1_Complete_1Yr_1.5T\ADNI\126_S_0680\MPR__GradWarp__B1_Correction__N3__Scaled\2006-07-05_12_33_59.0\I38926\ADNI_126_S_0680_MR_MPR__GradWarp__B1_Correction__N3__Scaled_Br_20070209193929552_S16099_I38926.nii,1928.0,78.0
126_S_0680,CN,0,bl,2006-07-20,Male,8.0,Not Hispanic or Latino,White,28.0,0.0,C:\Users\arine\Downloads\ADNI1_Complete_1Yr_1.5T\ADNI\126_S_0680\MPR__GradWarp__B1_Correction__N3__Scaled\2006-07-05_12_33_59.0\I38926\ADNI_126_S_0680_MR_MPR__GradWarp__B1_Correction__N3__Scaled_Br_20070209193929552_S16099_I38926.nii,1928.0,78.0
012_S_0712,Dementia,2,bl,2006-07-24,Male,16.0,Not Hispanic or Latino,White,25.0,4.5,C:\Users\arine\Downloads\ADNI1_Complete_1Yr_1.5T\ADNI\012_S_0712\MPR____N3__Scaled\2006-06-29_12_56_37.0\I92401\ADNI_012_S_0712_MR_MPR____N3__Scaled_Br_20080225093529482_S16704_I92401.nii,1929.0,77.0
012_S_0689,Dementia,2,bl,2006-07-24,Male,12.0,Not Hispanic or Latino,White,22.0,3.0,C:\Users\arine\Downloads\ADNI1_Complete_1Yr_1.5T\ADNI\012_S_0689\MPR-R____N3__Scaled\2006-07-05_11_58_32.0\I92398\ADNI_012_S_0689_MR_MPR-R____N3__Scaled_Br_20080225093300703_S16392_I92398.nii,1942.0,64.0
012_S_0637,CN,0,bl,2006-07-24,Female,16.0,Not Hispanic or Latino,White,28.0,0.0,C:\Users\arine\Downloads\ADNI1_Complete_1Yr_1.5T\ADNI\012_S_0637\MPR____N3__Scaled\2006-06-16_08_02_27.0\I59243\ADNI_012_S_0637_MR_MPR____N3__Scaled_Br_20070711172252132_S16018_I59243.nii,1930.0,76.0
012_S_0637,CN,0,bl,2006-07-24,Female,16.0,Not Hispanic or Latino,White,28.0,0.0,C:\Users\arine\Downloads\ADNI1_Complete_1Yr_1.5T\ADNI\012_S_0637\MPR____N3__Scaled\2006-06-16_08_02_27.0\I59243\ADNI_012_S_0637_MR_MPR____N3__Scaled_Br_20070711172252132_S16018_I59243.nii,1930.0,76.0
012_S_0634,MCI,1,bl,2006-07-24,Male,20.0,Not Hispanic or Latino,White,26.0,1.5,C:\Users\arine\Downloads\ADNI1_Complete_1Yr_1.5T\ADNI\012_S_0634\MPR____N3__Scaled\2006-06-16_14_46_04.0\I64585\ADNI_012_S_0634_MR_MPR____N3__Scaled_Br_20070804131522070_S15751_I64585.nii,1924.0,82.0
002_S_0685,CN,0,bl,2006-07-24,Female,16.0,Not Hispanic or Latino,White,30.0,0.0,C:\Users\arine\Downloads\ADNI1_Complete_1Yr_1.5T\ADNI\002_S_0685\MPR__GradWarp__B1_Correction__N3__Scaled\2006-07-06_10_36_49.0\I40683\ADNI_002_S_0685_MR_MPR__GradWarp__B1_Correction__N3__Scaled_Br_20070216235850690_S16309_I40683.nii,1916.0,90.0
002_S_0685,CN,0,bl,2006-07-24,Female,16.0,Not Hispanic or Latino,White,30.0,0.0,C:\Users\arine\Downloads\ADNI1_Complete_1Yr_1.5T\ADNI\002_S_0685\MPR__GradWarp__B1_Correction__N3__Scaled\2006-07-06_10_36_49.0\I40683\ADNI_002_S_0685_MR_MPR__GradWarp__B1_Correction__N3__Scaled_Br_20070216235850690_S16309_I40683.nii,1916.0,90.0
002_S_0685,CN,0,bl,2006-07-24,Female,16.0,Not Hispanic or Latino,White,30.0,0.0,C:\Users\arine\Downloads\ADNI1_Complete_1Yr_1.5T\ADNI\002_S_0685\MPR__GradWarp__B1_Correction__N3__Scaled\2006-07-06_10_36_49.0\I40683\ADNI_002_S_0685_MR_MPR__GradWarp__B1_Correction__N3__Scaled_Br_20070216235850690_S16309_I40683.nii,1916.0,90.0
002_S_0685,CN,0,bl,2006-07-24,Female,16.0,Not Hispanic or Latino,White,30.0,0.0,C:\Users\arine\Downloads\ADNI1_Complete_1Yr_1.5T\ADNI\002_S_0685\MPR__GradWarp__B1_Correction__N3__Scaled\2006-07-06_10_36_49.0\I40683\ADNI_002_S_0685_MR_MPR__GradWarp__B1_Correction__N3__Scaled_Br_20070216235850690_S16309_I40683.nii,,75.71323529411765
062_S_0690,Dementia,2,bl,2006-07-27,Male,20.0,Not Hispanic or Latino,White,25.0,3.0,C:\Users\arine\Downloads\ADNI1_Complete_1Yr_1.5T\ADNI\062_S_0690\MPR__GradWarp__B1_Correction__N3__Scaled\2006-07-18_10_19_47.0\I50468\ADNI_062_S_0690_MR_MPR__GradWarp__B1_Correction__N3__Scaled_Br_20070424115325478_S16924_I50468.nii,1926.0,80.0
018_S_0682,Dementia,2,bl,2006-07-27,Male,16.0,Not Hispanic or Latino,White,26.0,5.0,C:\Users\arine\Downloads\ADNI1_Complete_1Yr_1.5T\ADNI\018_S_0682\MPR____N3__Scaled\2006-07-06_15_20_27.0\I35044\ADNI_018_S_0682_MR_MPR____N3__Scaled_Br_20070101224115510_S16293_I35044.nii,1938.0,68.0
126_S_0708,MCI,1,bl,2006-07-26,Male,16.0,Not Hispanic or Latino,White,29.0,1.0,C:\Users\arine\Downloads\ADNI1_Complete_1Yr_1.5T\ADNI\126_S_0708\MPR__GradWarp__B1_Correction__N3__Scaled\2006-07-17_10_13_36.0\I38944\ADNI_126_S_0708_MR_MPR__GradWarp__B1_Correction__N3__Scaled_Br_20070209195607568_S16897_I38944.nii,1930.0,76.0
062_S_0730,Dementia,2,bl,2006-07-31,Female,14.0,Not Hispanic or Latino,White,23.0,4.5,C:\Users\arine\Downloads\ADNI1_Complete_1Yr_1.5T\ADNI\062_S_0730\MPR__GradWarp__B1_Correction__N3__Scaled\2006-07-19_11_21_35.0\I50487\ADNI_062_S_0730_MR_MPR__GradWarp__B1_Correction__N3__Scaled_Br_20070424120556863_S17062_I50487.nii,1935.0,71.0
021_S_0642,Dementia,2,bl,2006-08-01,Male,16.0,Not Hispanic or Latino,White,25.0,5.0,C:\Users\arine\Downloads\ADNI1_Complete_1Yr_1.5T\ADNI\021_S_0642\MPR__GradWarp__N3__Scaled\2006-06-28_13_51_36.0\I33452\ADNI_021_S_0642_MR_MPR__GradWarp__N3__Scaled_Br_20061217130526879_S15935_I33452.nii,1921.0,85.0
036_S_0656,MCI,1,bl,2006-07-27,Male,13.0,Not Hispanic or Latino,White,25.0,2.0,C:\Users\arine\Downloads\ADNI1_Complete_1Yr_1.5T\ADNI\036_S_0656\MPR__GradWarp__B1_Correction__N3__Scaled\2006-07-07_09_14_25.0\I36924\ADNI_036_S_0656_MR_MPR__GradWarp__B1_Correction__N3__Scaled_Br_20070119234457766_S16286_I36924.nii,1923.0,83.0
036_S_0673,MCI,1,bl,2006-08-01,Male,16.0,Not Hispanic or Latino,White,28.0,1.0,C:\Users\arine\Downloads\ADNI1_Complete_1Yr_1.5T\ADNI\036_S_0673\MPR__GradWarp__B1_Correction__N3__Scaled\2006-07-21_08_45_17.0\I36949\ADNI_036_S_0673_MR_MPR__GradWarp__B1_Correction__N3__Scaled_Br_20070120001203137_S17157_I36949.nii,1928.0,78.0
036_S_0673,MCI,1,bl,2006-08-01,Male,16.0,Not Hispanic or Latino,White,28.0,1.0,C:\Users\arine\Downloads\ADNI1_Complete_1Yr_1.5T\ADNI\036_S_0673\MPR__GradWarp__B1_Correction__N3__Scaled\2006-07-21_08_45_17.0\I36949\ADNI_036_S_0673_MR_MPR__GradWarp__B1_Correction__N3__Scaled_Br_20070120001203137_S17157_I36949.nii,1928.0,78.0
036_S_0673,MCI,1,bl,2006-08-01,Male,16.0,Not Hispanic or Latino,White,28.0,1.0,C:\Users\arine\Downloads\ADNI1_Complete_1Yr_1.5T\ADNI\036_S_0673\MPR__GradWarp__B1_Correction__N3__Scaled\2006-07-21_08_45_17.0\I36949\ADNI_036_S_0673_MR_MPR__GradWarp__B1_Correction__N3__Scaled_Br_20070120001203137_S17157_I36949.nii,1928.0,78.0
036_S_0672,CN,0,bl,2006-08-01,Female,12.0,Not Hispanic or Latino,White,30.0,0.5,C:\Users\arine\Downloads\ADNI1_Complete_1Yr_1.5T\ADNI\036_S_0672\MPR__GradWarp__B1_Correction__N3__Scaled\2006-07-21_07_44_23.0\I36938\ADNI_036_S_0672_MR_MPR__GradWarp__B1_Correction__N3__Scaled_Br_20070119235831844_S17131_I36938.nii,1944.0,62.0
036_S_0672,CN,0,bl,2006-08-01,Female,12.0,Not Hispanic or Latino,White,30.0,0.5,C:\Users\arine\Downloads\ADNI1_Complete_1Yr_1.5T\ADNI\036_S_0672\MPR__GradWarp__B1_Correction__N3__Scaled\2006-07-21_07_44_23.0\I36938\ADNI_036_S_0672_MR_MPR__GradWarp__B1_Correction__N3__Scaled_Br_20070119235831844_S17131_I36938.nii,1944.0,62.0
036_S_0672,CN,0,bl,2006-08-01,Female,12.0,Not Hispanic or Latino,White,30.0,0.5,C:\Users\arine\Downloads\ADNI1_Complete_1Yr_1.5T\ADNI\036_S_0672\MPR__GradWarp__B1_Correction__N3__Scaled\2006-07-21_07_44_23.0\I36938\ADNI_036_S_0672_MR_MPR__GradWarp__B1_Correction__N3__Scaled_Br_20070119235831844_S17131_I36938.nii,1944.0,62.0
033_S_0733,Dementia,2,bl,2006-08-01,Female,14.0,Not Hispanic or Latino,White,23.0,4.0,C:\Users\arine\Downloads\ADNI1_Complete_1Yr_1.5T\ADNI\033_S_0733\MPR__GradWarp__B1_Correction__N3__Scaled\2006-07-18_13_34_59.0\I42425\ADNI_033_S_0733_MR_MPR__GradWarp__B1_Correction__N3__Scaled_Br_20070303133222445_S16932_I42425.nii,1949.0,57.0
033_S_0741,CN,0,bl,2006-07-31,Female,18.0,Not Hispanic or Latino,White,28.0,0.0,C:\Users\arine\Downloads\ADNI1_Complete_1Yr_1.5T\ADNI\033_S_0741\MPR__GradWarp__B1_Correction__N3__Scaled\2006-07-19_15_31_41.0\I42450\ADNI_033_S_0741_MR_MPR__GradWarp__B1_Correction__N3__Scaled_Br_20070304112300306_S17006_I42450.nii,1926.0,80.0
033_S_0741,CN,0,bl,2006-07-31,Female,18.0,Not Hispanic or Latino,White,28.0,0.0,C:\Users\arine\Downloads\ADNI1_Complete_1Yr_1.5T\ADNI\033_S_0741\MPR__GradWarp__B1_Correction__N3__Scaled\2006-07-19_15_31_41.0\I42450\ADNI_033_S_0741_MR_MPR__GradWarp__B1_Correction__N3__Scaled_Br_20070304112300306_S17006_I42450.nii,1926.0,80.0
033_S_0741,CN,0,bl,2006-07-31,Female,18.0,Not Hispanic or Latino,White,28.0,0.0,C:\Users\arine\Downloads\ADNI1_Complete_1Yr_1.5T\ADNI\033_S_0741\MPR__GradWarp__B1_Correction__N3__Scaled\2006-07-19_15_31_41.0\I42450\ADNI_033_S_0741_MR_MPR__GradWarp__B1_Correction__N3__Scaled_Br_20070304112300306_S17006_I42450.nii,,75.71323529411765
033_S_0739,MCI,1,bl,2006-07-31,Male,15.0,Not Hispanic or Latino,White,26.0,4.0,C:\Users\arine\Downloads\ADNI1_Complete_1Yr_1.5T\ADNI\033_S_0739\MPR__GradWarp__B1_Correction__N3__Scaled\2006-07-19_09_10_01.0\I42441\ADNI_033_S_0739_MR_MPR__GradWarp__B1_Correction__N3__Scaled_Br_20070304110859078_S16956_I42441.nii,1923.0,83.0
052_S_0671,MCI,1,bl,2006-07-05,Female,12.0,Not Hispanic or Latino,White,27.0,1.5,C:\Users\arine\Downloads\ADNI1_Complete_1Yr_1.5T\ADNI\052_S_0671\MPR__GradWarp__B1_Correction__N3__Scaled\2006-07-05_08_21_15.0\I64161\ADNI_052_S_0671_MR_MPR__GradWarp__B1_Correction__N3__Scaled_Br_20070802184022454_S16062_I64161.nii,1945.0,61.0
052_S_0671,MCI,1,bl,2006-07-05,Female,12.0,Not Hispanic or Latino,White,27.0,1.5,C:\Users\arine\Downloads\ADNI1_Complete_1Yr_1.5T\ADNI\052_S_0671\MPR__GradWarp__B1_Correction__N3__Scaled\2006-07-05_08_21_15.0\I64161\ADNI_052_S_0671_MR_MPR__GradWarp__B1_Correction__N3__Scaled_Br_20070802184022454_S16062_I64161.nii,1945.0,61.0
052_S_0671,MCI,1,bl,2006-07-05,Female,12.0,Not Hispanic or Latino,White,27.0,1.5,C:\Users\arine\Downloads\ADNI1_Complete_1Yr_1.5T\ADNI\052_S_0671\MPR__GradWarp__B1_Correction__N3__Scaled\2006-07-05_08_21_15.0\I64161\ADNI_052_S_0671_MR_MPR__GradWarp__B1_Correction__N3__Scaled_Br_20070802184022454_S16062_I64161.nii,1945.0,61.0
126_S_0606,Dementia,2,bl,2006-08-02,Female,10.0,Not Hispanic or Latino,White,23.0,3.5,C:\Users\arine\Downloads\ADNI1_Complete_1Yr_1.5T\ADNI\126_S_0606\MPR-R__GradWarp__B1_Correction__N3__Scaled\2006-07-20_11_32_11.0\I38918\ADNI_126_S_0606_MR_MPR-R__GradWarp__B1_Correction__N3__Scaled_Br_20070209193129753_S17191_I38918.nii,1937.0,69.0
002_S_0729,MCI,1,bl,2006-08-03,Female,16.0,Not Hispanic or Latino,White,27.0,0.5,C:\Users\arine\Downloads\ADNI1_Complete_1Yr_1.5T\ADNI\002_S_0729\MPR__GradWarp__B1_Correction__N3__Scaled\2006-07-17_13_27_14.0\I40708\ADNI_002_S_0729_MR_MPR__GradWarp__B1_Correction__N3__Scaled_Br_20070217001935821_S16874_I40708.nii,1941.0,65.0
002_S_0729,MCI,1,bl,2006-08-03,Female,16.0,Not Hispanic or Latino,White,27.0,0.5,C:\Users\arine\Downloads\ADNI1_Complete_1Yr_1.5T\ADNI\002_S_0729\MPR__GradWarp__B1_Correction__N3__Scaled\2006-07-17_13_27_14.0\I40708\ADNI_002_S_0729_MR_MPR__GradWarp__B1_Correction__N3__Scaled_Br_20070217001935821_S16874_I40708.nii,1941.0,65.0
002_S_0729,MCI,1,bl,2006-08-03,Female,16.0,Not Hispanic or Latino,White,27.0,0.5,C:\Users\arine\Downloads\ADNI1_Complete_1Yr_1.5T\ADNI\002_S_0729\MPR__GradWarp__B1_Correction__N3__Scaled\2006-07-17_13_27_14.0\I40708\ADNI_002_S_0729_MR_MPR__GradWarp__B1_Correction__N3__Scaled_Br_20070217001935821_S16874_I40708.nii,,75.05882352941177
002_S_0729,MCI,1,bl,2006-08-03,Female,16.0,Not Hispanic or Latino,White,27.0,0.5,C:\Users\arine\Downloads\ADNI1_Complete_1Yr_1.5T\ADNI\002_S_0729\MPR__GradWarp__B1_Correction__N3__Scaled\2006-07-17_13_27_14.0\I40708\ADNI_002_S_0729_MR_MPR__GradWarp__B1_Correction__N3__Scaled_Br_20070217001935821_S16874_I40708.nii,1941.0,65.0
033_S_0723,MCI,1,bl,2006-08-03,Male,12.0,Not Hispanic or Latino,White,25.0,2.0,C:\Users\arine\Downloads\ADNI1_Complete_1Yr_1.5T\ADNI\033_S_0723\MPR__GradWarp__B1_Correction__N3__Scaled\2006-07-14_10_51_59.0\I42384\ADNI_033_S_0723_MR_MPR__GradWarp__B1_Correction__N3__Scaled_Br_20070303122652673_S16845_I42384.nii,1927.0,79.0
033_S_0724,Dementia,2,bl,2006-08-02,Male,20.0,Not Hispanic or Latino,White,21.0,3.0,C:\Users\arine\Downloads\ADNI1_Complete_1Yr_1.5T\ADNI\033_S_0724\MPR__GradWarp__B1_Correction__N3__Scaled\2006-07-26_15_23_14.0\I42400\ADNI_033_S_0724_MR_MPR__GradWarp__B1_Correction__N3__Scaled_Br_20070303125222238_S17337_I42400.nii,1927.0,79.0
033_S_0725,MCI,1,bl,2006-08-02,Male,20.0,Not Hispanic or Latino,White,28.0,1.0,C:\Users\arine\Downloads\ADNI1_Complete_1Yr_1.5T\ADNI\033_S_0725\MPR__GradWarp__B1_Correction__N3__Scaled\2006-07-20_13_47_29.0\I42409\ADNI_033_S_0725_MR_MPR__GradWarp__B1_Correction__N3__Scaled_Br_20070303130703791_S17092_I42409.nii,1925.0,81.0
033_S_0734,CN,0,bl,2006-08-04,Male,18.0,Not Hispanic or Latino,White,30.0,0.0,C:\Users\arine\Downloads\ADNI1_Complete_1Yr_1.5T\ADNI\033_S_0734\MPR__GradWarp__B1_Correction__N3__Scaled\2006-07-18_14_28_47.0\I42434\ADNI_033_S_0734_MR_MPR__GradWarp__B1_Correction__N3__Scaled_Br_20070303134608580_S16942_I42434.nii,1933.0,73.0
033_S_0734,CN,0,bl,2006-08-04,Male,18.0,Not Hispanic or Latino,White,30.0,0.0,C:\Users\arine\Downloads\ADNI1_Complete_1Yr_1.5T\ADNI\033_S_0734\MPR__GradWarp__B1_Correction__N3__Scaled\2006-07-18_14_28_47.0\I42434\ADNI_033_S_0734_MR_MPR__GradWarp__B1_Correction__N3__Scaled_Br_20070303134608580_S16942_I42434.nii,1933.0,73.0
130_S_0232,CN,0,bl,2006-03-13,Male,20.0,Not Hispanic or Latino,White,29.0,0.0,C:\Users\arine\Downloads\ADNI1_Complete_1Yr_1.5T\ADNI\130_S_0232\MPR__GradWarp__B1_Correction__N3__Scaled\2006-03-01_08_43_09.0\I39108\ADNI_130_S_0232_MR_MPR__GradWarp__B1_Correction__N3__Scaled_Br_20070210200901845_S11928_I39108.nii,1928.0,78.0
130_S_0232,CN,0,bl,2006-03-13,Male,20.0,Not Hispanic or Latino,White,29.0,0.0,C:\Users\arine\Downloads\ADNI1_Complete_1Yr_1.5T\ADNI\130_S_0232\MPR__GradWarp__B1_Correction__N3__Scaled\2006-03-01_08_43_09.0\I39108\ADNI_130_S_0232_MR_MPR__GradWarp__B1_Correction__N3__Scaled_Br_20070210200901845_S11928_I39108.nii,1928.0,78.0
130_S_0232,CN,0,bl,2006-03-13,Male,20.0,Not Hispanic or Latino,White,29.0,0.0,C:\Users\arine\Downloads\ADNI1_Complete_1Yr_1.5T\ADNI\130_S_0232\MPR__GradWarp__B1_Correction__N3__Scaled\2006-03-01_08_43_09.0\I39108\ADNI_130_S_0232_MR_MPR__GradWarp__B1_Correction__N3__Scaled_Br_20070210200901845_S11928_I39108.nii,1928.0,78.0
021_S_0647,CN,0,bl,2006-08-07,Male,16.0,Not Hispanic or Latino,White,30.0,0.0,C:\Users\arine\Downloads\ADNI1_Complete_1Yr_1.5T\ADNI\021_S_0647\MPR__GradWarp__N3__Scaled\2006-06-29_12_55_43.0\I33457\ADNI_021_S_0647_MR_MPR__GradWarp__N3__Scaled_Br_20061217131346116_S15957_I33457.nii,1933.0,73.0
014_S_0658,MCI,1,bl,2006-08-03,Male,18.0,Not Hispanic or Latino,White,30.0,2.0,C:\Users\arine\Downloads\ADNI1_Complete_1Yr_1.5T\ADNI\014_S_0658\MPR__GradWarp__B1_Correction__N3__Scaled\2006-07-25_13_46_06.0\I39701\ADNI_014_S_0658_MR_MPR__GradWarp__B1_Correction__N3__Scaled_Br_20070213013504238_S17481_I39701.nii,1934.0,72.0
014_S_0658,MCI,1,bl,2006-08-03,Male,18.0,Not Hispanic or Latino,White,30.0,2.0,C:\Users\arine\Downloads\ADNI1_Complete_1Yr_1.5T\ADNI\014_S_0658\MPR__GradWarp__B1_Correction__N3__Scaled\2006-07-25_13_46_06.0\I39701\ADNI_014_S_0658_MR_MPR__GradWarp__B1_Correction__N3__Scaled_Br_20070213013504238_S17481_I39701.nii,1934.0,72.0
014_S_0658,MCI,1,bl,2006-08-03,Male,18.0,Not Hispanic or Latino,White,30.0,2.0,C:\Users\arine\Downloads\ADNI1_Complete_1Yr_1.5T\ADNI\014_S_0658\MPR__GradWarp__B1_Correction__N3__Scaled\2006-07-25_13_46_06.0\I39701\ADNI_014_S_0658_MR_MPR__GradWarp__B1_Correction__N3__Scaled_Br_20070213013504238_S17481_I39701.nii,,75.05882352941177
014_S_0658,MCI,1,bl,2006-08-03,Male,18.0,Not Hispanic or Latino,White,30.0,2.0,C:\Users\arine\Downloads\ADNI1_Complete_1Yr_1.5T\ADNI\014_S_0658\MPR__GradWarp__B1_Correction__N3__Scaled\2006-07-25_13_46_06.0\I39701\ADNI_014_S_0658_MR_MPR__GradWarp__B1_Correction__N3__Scaled_Br_20070213013504238_S17481_I39701.nii,1934.0,72.0
127_S_0684,CN,0,bl,2006-08-10,Female,20.0,Not Hispanic or Latino,Asian,29.0,0.0,C:\Users\arine\Downloads\ADNI1_Complete_1Yr_1.5T\ADNI\127_S_0684\MPR__GradWarp__B1_Correction__N3__Scaled\2006-07-13_13_03_07.0\I34458\ADNI_127_S_0684_MR_MPR__GradWarp__B1_Correction__N3__Scaled_Br_20061228115620978_S16759_I34458.nii,1929.0,77.0
127_S_0684,CN,0,bl,2006-08-10,Female,20.0,Not Hispanic or Latino,Asian,29.0,0.0,C:\Users\arine\Downloads\ADNI1_Complete_1Yr_1.5T\ADNI\127_S_0684\MPR__GradWarp__B1_Correction__N3__Scaled\2006-07-13_13_03_07.0\I34458\ADNI_127_S_0684_MR_MPR__GradWarp__B1_Correction__N3__Scaled_Br_20061228115620978_S16759_I34458.nii,1929.0,77.0
127_S_0684,CN,0,bl,2006-08-10,Female,20.0,Not Hispanic or Latino,Asian,29.0,0.0,C:\Users\arine\Downloads\ADNI1_Complete_1Yr_1.5T\ADNI\127_S_0684\MPR__GradWarp__B1_Correction__N3__Scaled\2006-07-13_13_03_07.0\I34458\ADNI_127_S_0684_MR_MPR__GradWarp__B1_Correction__N3__Scaled_Br_20061228115620978_S16759_I34458.nii,1929.0,77.0
126_S_0709,MCI,1,bl,2006-08-10,Male,8.0,Not Hispanic or Latino,White,30.0,1.5,C:\Users\arine\Downloads\ADNI1_Complete_1Yr_1.5T\ADNI\126_S_0709\MPR__GradWarp__B1_Correction__N3__Scaled\2006-07-26_13_39_07.0\I38964\ADNI_126_S_0709_MR_MPR__GradWarp__B1_Correction__N3__Scaled_Br_20070209201247502_S17326_I38964.nii,1922.0,84.0
126_S_0709,MCI,1,bl,2006-08-10,Male,8.0,Not Hispanic or Latino,White,30.0,1.5,C:\Users\arine\Downloads\ADNI1_Complete_1Yr_1.5T\ADNI\126_S_0709\MPR__GradWarp__B1_Correction__N3__Scaled\2006-07-26_13_39_07.0\I38964\ADNI_126_S_0709_MR_MPR__GradWarp__B1_Correction__N3__Scaled_Br_20070209201247502_S17326_I38964.nii,1922.0,84.0
126_S_0709,MCI,1,bl,2006-08-10,Male,8.0,Not Hispanic or Latino,White,30.0,1.5,C:\Users\arine\Downloads\ADNI1_Complete_1Yr_1.5T\ADNI\126_S_0709\MPR__GradWarp__B1_Correction__N3__Scaled\2006-07-26_13_39_07.0\I38964\ADNI_126_S_0709_MR_MPR__GradWarp__B1_Correction__N3__Scaled_Br_20070209201247502_S17326_I38964.nii,1922.0,84.0
031_S_0618,CN,0,bl,2006-08-10,Male,16.0,Not Hispanic or Latino,White,29.0,0.0,C:\Users\arine\Downloads\ADNI1_Complete_1Yr_1.5T\ADNI\031_S_0618\MPR-R__GradWarp__N3__Scaled\2006-06-06_11_27_11.0\I67110\ADNI_031_S_0618_MR_MPR-R__GradWarp__N3__Scaled_Br_20070812130712805_S15271_I67110.nii,1931.0,75.0
031_S_0618,CN,0,bl,2006-08-10,Male,16.0,Not Hispanic or Latino,White,29.0,0.0,C:\Users\arine\Downloads\ADNI1_Complete_1Yr_1.5T\ADNI\031_S_0618\MPR-R__GradWarp__N3__Scaled\2006-06-06_11_27_11.0\I67110\ADNI_031_S_0618_MR_MPR-R__GradWarp__N3__Scaled_Br_20070812130712805_S15271_I67110.nii,1931.0,75.0
031_S_0618,CN,0,bl,2006-08-10,Male,16.0,Not Hispanic or Latino,White,29.0,0.0,C:\Users\arine\Downloads\ADNI1_Complete_1Yr_1.5T\ADNI\031_S_0618\MPR-R__GradWarp__N3__Scaled\2006-06-06_11_27_11.0\I67110\ADNI_031_S_0618_MR_MPR-R__GradWarp__N3__Scaled_Br_20070812130712805_S15271_I67110.nii,1931.0,75.0
021_S_0626,MCI,1,bl,2006-08-11,Male,16.0,Not Hispanic or Latino,White,25.0,1.0,C:\Users\arine\Downloads\ADNI1_Complete_1Yr_1.5T\ADNI\021_S_0626\MPR__GradWarp__N3__Scaled\2006-06-29_14_31_33.0\I34672\ADNI_021_S_0626_MR_MPR__GradWarp__N3__Scaled_Br_20061229121810690_S15969_I34672.nii,1923.0,83.0
021_S_0626,MCI,1,bl,2006-08-11,Male,16.0,Not Hispanic or Latino,White,25.0,1.0,C:\Users\arine\Downloads\ADNI1_Complete_1Yr_1.5T\ADNI\021_S_0626\MPR__GradWarp__N3__Scaled\2006-06-29_14_31_33.0\I34672\ADNI_021_S_0626_MR_MPR__GradWarp__N3__Scaled_Br_20061229121810690_S15969_I34672.nii,1923.0,83.0
021_S_0626,MCI,1,bl,2006-08-11,Male,16.0,Not Hispanic or Latino,White,25.0,1.0,C:\Users\arine\Downloads\ADNI1_Complete_1Yr_1.5T\ADNI\021_S_0626\MPR__GradWarp__N3__Scaled\2006-06-29_14_31_33.0\I34672\ADNI_021_S_0626_MR_MPR__GradWarp__N3__Scaled_Br_20061229121810690_S15969_I34672.nii,1923.0,83.0
137_S_0686,CN,0,bl,2006-08-11,Male,20.0,Not Hispanic or Latino,White,29.0,0.0,C:\Users\arine\Downloads\ADNI1_Complete_1Yr_1.5T\ADNI\137_S_0686\MPR__GradWarp__N3__Scaled\2006-07-03_08_48_13.0\I46668\ADNI_137_S_0686_MR_MPR__GradWarp__N3__Scaled_Br_20070323175650350_S16048_I46668.nii,1934.0,72.0
137_S_0686,CN,0,bl,2006-08-11,Male,20.0,Not Hispanic or Latino,White,29.0,0.0,C:\Users\arine\Downloads\ADNI1_Complete_1Yr_1.5T\ADNI\137_S_0686\MPR__GradWarp__N3__Scaled\2006-07-03_08_48_13.0\I46668\ADNI_137_S_0686_MR_MPR__GradWarp__N3__Scaled_Br_20070323175650350_S16048_I46668.nii,1934.0,72.0
067_S_0257,CN,0,bl,2006-08-10,Female,6.0,Not Hispanic or Latino,White,29.0,0.0,C:\Users\arine\Downloads\ADNI1_Complete_1Yr_1.5T\ADNI\067_S_0257\MPR__GradWarp__B1_Correction__N3__Scaled\2006-05-19_09_01_53.0\I34824\ADNI_067_S_0257_MR_MPR__GradWarp__B1_Correction__N3__Scaled_Br_20061229180908303_S14730_I34824.nii,1927.0,79.0
067_S_0257,CN,0,bl,2006-08-10,Female,6.0,Not Hispanic or Latino,White,29.0,0.0,C:\Users\arine\Downloads\ADNI1_Complete_1Yr_1.5T\ADNI\067_S_0257\MPR__GradWarp__B1_Correction__N3__Scaled\2006-05-19_09_01_53.0\I34824\ADNI_067_S_0257_MR_MPR__GradWarp__B1_Correction__N3__Scaled_Br_20061229180908303_S14730_I34824.nii,1927.0,79.0
094_S_0711,CN,0,bl,2006-08-15,Male,18.0,Not Hispanic or Latino,White,29.0,0.0,C:\Users\arine\Downloads\ADNI1_Complete_1Yr_1.5T\ADNI\094_S_0711\MPR__GradWarp__B1_Correction__N3__Scaled\2006-07-10_14_00_10.0\I39137\ADNI_094_S_0711_MR_MPR__GradWarp__B1_Correction__N3__Scaled_Br_20070210205418959_S16553_I39137.nii,1929.0,77.0
133_S_0629,MCI,1,bl,2006-07-19,Male,20.0,Not Hispanic or Latino,White,29.0,0.5,C:\Users\arine\Downloads\ADNI1_Complete_1Yr_1.5T\ADNI\133_S_0629\MPR-R__GradWarp__B1_Correction__N3__Scaled\2006-06-23_10_31_24.0\I40954\ADNI_133_S_0629_MR_MPR-R__GradWarp__B1_Correction__N3__Scaled_Br_20070219171645270_S15915_I40954.nii,1935.0,71.0
130_S_0102,MCI,1,bl,2006-01-13,Female,20.0,Not Hispanic or Latino,White,25.0,1.5,C:\Users\arine\Downloads\ADNI1_Complete_1Yr_1.5T\ADNI\130_S_0102\MPR__GradWarp__B1_Correction__N3__Scaled\2005-12-28_13_42_49.0\I39460\ADNI_130_S_0102_MR_MPR__GradWarp__B1_Correction__N3__Scaled_Br_20070212203700215_S10746_I39460.nii,1935.0,71.0
037_S_0627,Dementia,2,bl,2006-08-17,Female,12.0,Not Hispanic or Latino,White,23.0,5.0,C:\Users\arine\Downloads\ADNI1_Complete_1Yr_1.5T\ADNI\037_S_0627\MPR__GradWarp__N3__Scaled\2006-07-06_13_23_59.0\I79831\ADNI_037_S_0627_MR_MPR__GradWarp__N3__Scaled_Br_20071030172722998_S16313_I79831.nii,1947.0,59.0
130_S_0423,MCI,1,bl,2006-08-08,Male,20.0,Not Hispanic or Latino,White,29.0,4.5,C:\Users\arine\Downloads\ADNI1_Complete_1Yr_1.5T\ADNI\130_S_0423\MPR__GradWarp__B1_Correction__N3__Scaled\2006-05-30_07_28_01.0\I39132\ADNI_130_S_0423_MR_MPR__GradWarp__B1_Correction__N3__Scaled_Br_20070210204607108_S15030_I39132.nii,1926.0,80.0
016_S_0538,CN,0,bl,2006-08-15,Male,16.0,Not Hispanic or Latino,White,29.0,0.0,C:\Users\arine\Downloads\ADNI1_Complete_1Yr_1.5T\ADNI\016_S_0538\MPR__GradWarp__B1_Correction__N3__Scaled\2006-08-02_11_02_27.0\I40772\ADNI_016_S_0538_MR_MPR__GradWarp__B1_Correction__N3__Scaled_Br_20070217020336501_S17545_I40772.nii,1923.0,83.0
016_S_0538,CN,0,bl,2006-08-15,Male,16.0,Not Hispanic or Latino,White,29.0,0.0,C:\Users\arine\Downloads\ADNI1_Complete_1Yr_1.5T\ADNI\016_S_0538\MPR__GradWarp__B1_Correction__N3__Scaled\2006-08-02_11_02_27.0\I40772\ADNI_016_S_0538_MR_MPR__GradWarp__B1_Correction__N3__Scaled_Br_20070217020336501_S17545_I40772.nii,1923.0,83.0
009_S_0751,CN,0,bl,2006-08-21,Male,16.0,Not Hispanic or Latino,White,27.0,0.0,C:\Users\arine\Downloads\ADNI1_Complete_1Yr_1.5T\ADNI\009_S_0751\MPR__GradWarp__N3__Scaled\2006-07-25_12_31_19.0\I101528\ADNI_009_S_0751_MR_MPR__GradWarp__N3__Scaled_Br_20080408151939286_S17487_I101528.nii,1935.0,71.0
009_S_0751,CN,0,bl,2006-08-21,Male,16.0,Not Hispanic or Latino,White,27.0,0.0,C:\Users\arine\Downloads\ADNI1_Complete_1Yr_1.5T\ADNI\009_S_0751\MPR__GradWarp__N3__Scaled\2006-07-25_12_31_19.0\I101528\ADNI_009_S_0751_MR_MPR__GradWarp__N3__Scaled_Br_20080408151939286_S17487_I101528.nii,1935.0,71.0
009_S_0751,CN,0,bl,2006-08-21,Male,16.0,Not Hispanic or Latino,White,27.0,0.0,C:\Users\arine\Downloads\ADNI1_Complete_1Yr_1.5T\ADNI\009_S_0751\MPR__GradWarp__N3__Scaled\2006-07-25_12_31_19.0\I101528\ADNI_009_S_0751_MR_MPR__GradWarp__N3__Scaled_Br_20080408151939286_S17487_I101528.nii,1935.0,71.0
137_S_0669,MCI,1,bl,2006-08-23,Male,13.0,Not Hispanic or Latino,White,24.0,1.0,C:\Users\arine\Downloads\ADNI1_Complete_1Yr_1.5T\ADNI\137_S_0669\MPR__GradWarp__N3__Scaled\2006-07-21_09_05_59.0\I43009\ADNI_137_S_0669_MR_MPR__GradWarp__N3__Scaled_Br_20070306175457295_S17100_I43009.nii,1942.0,64.0
002_S_0782,MCI,1,bl,2006-08-23,Male,16.0,Not Hispanic or Latino,White,29.0,0.5,C:\Users\arine\Downloads\ADNI1_Complete_1Yr_1.5T\ADNI\002_S_0782\MPR__GradWarp__B1_Correction__N3__Scaled\2006-08-14_09_39_47.0\I40717\ADNI_002_S_0782_MR_MPR__GradWarp__B1_Correction__N3__Scaled_Br_20070217003515950_S17835_I40717.nii,1924.0,82.0
012_S_0720,Dementia,2,bl,2006-08-24,Female,14.0,Not Hispanic or Latino,White,23.0,4.5,C:\Users\arine\Downloads\ADNI1_Complete_1Yr_1.5T\ADNI\012_S_0720\MPR____N3__Scaled\2006-08-09_12_45_29.0\I92529\ADNI_012_S_0720_MR_MPR____N3__Scaled_Br_20080225174150688_S17682_I92529.nii,1929.0,77.0
007_S_0698,MCI,1,bl,2006-08-23,Male,18.0,Not Hispanic or Latino,White,29.0,1.5,C:\Users\arine\Downloads\ADNI1_Complete_1Yr_1.5T\ADNI\007_S_0698\MPR-R__GradWarp__B1_Correction__N3__Scaled\2006-07-07_09_36_06.0\I36613\ADNI_007_S_0698_MR_MPR-R__GradWarp__B1_Correction__N3__Scaled_Br_20070118041435818_S16403_I36613.nii,1932.0,74.0
007_S_0698,MCI,1,bl,2006-08-23,Male,18.0,Not Hispanic or Latino,White,29.0,1.5,C:\Users\arine\Downloads\ADNI1_Complete_1Yr_1.5T\ADNI\007_S_0698\MPR-R__GradWarp__B1_Correction__N3__Scaled\2006-07-07_09_36_06.0\I36613\ADNI_007_S_0698_MR_MPR-R__GradWarp__B1_Correction__N3__Scaled_Br_20070118041435818_S16403_I36613.nii,1932.0,74.0
007_S_0698,MCI,1,bl,2006-08-23,Male,18.0,Not Hispanic or Latino,White,29.0,1.5,C:\Users\arine\Downloads\ADNI1_Complete_1Yr_1.5T\ADNI\007_S_0698\MPR-R__GradWarp__B1_Correction__N3__Scaled\2006-07-07_09_36_06.0\I36613\ADNI_007_S_0698_MR_MPR-R__GradWarp__B1_Correction__N3__Scaled_Br_20070118041435818_S16403_I36613.nii,1932.0,74.0
022_S_0750,MCI,1,bl,2006-08-25,Female,12.0,Not Hispanic or Latino,White,27.0,2.0,C:\Users\arine\Downloads\ADNI1_Complete_1Yr_1.5T\ADNI\022_S_0750\MPR__GradWarp__B1_Correction__N3__Scaled\2006-08-07_11_31_23.0\I59552\ADNI_022_S_0750_MR_MPR__GradWarp__B1_Correction__N3__Scaled_Br_20070712155703378_S17695_I59552.nii,1930.0,76.0
062_S_0768,CN,0,bl,2006-08-23,Male,14.0,Not Hispanic or Latino,White,30.0,0.0,C:\Users\arine\Downloads\ADNI1_Complete_1Yr_1.5T\ADNI\062_S_0768\MPR__GradWarp__B1_Correction__N3__Scaled\2006-08-02_09_18_44.0\I50506\ADNI_062_S_0768_MR_MPR__GradWarp__B1_Correction__N3__Scaled_Br_20070424122235198_S17527_I50506.nii,1929.0,77.0
116_S_0648,CN,0,bl,2006-08-15,Female,14.0,Not Hispanic or Latino,White,30.0,0.0,C:\Users\arine\Downloads\ADNI1_Complete_1Yr_1.5T\ADNI\116_S_0648\MPR__GradWarp__N3__Scaled\2006-08-03_11_16_41.0\I59666\ADNI_116_S_0648_MR_MPR__GradWarp__N3__Scaled_Br_20070712175429093_S17724_I59666.nii,1935.0,71.0
116_S_0649,MCI,1,bl,2006-08-16,Male,20.0,Not Hispanic or Latino,White,26.0,1.0,C:\Users\arine\Downloads\ADNI1_Complete_1Yr_1.5T\ADNI\116_S_0649\MPR__GradWarp__N3__Scaled\2006-07-24_11_36_46.0\I59697\ADNI_116_S_0649_MR_MPR__GradWarp__N3__Scaled_Br_20070713074708872_S17166_I59697.nii,1919.0,87.0
116_S_0649,MCI,1,bl,2006-08-16,Male,20.0,Not Hispanic or Latino,White,26.0,1.0,C:\Users\arine\Downloads\ADNI1_Complete_1Yr_1.5T\ADNI\116_S_0649\MPR__GradWarp__N3__Scaled\2006-07-24_11_36_46.0\I59697\ADNI_116_S_0649_MR_MPR__GradWarp__N3__Scaled_Br_20070713074708872_S17166_I59697.nii,1919.0,87.0
073_S_0311,CN,0,bl,2006-08-02,Female,16.0,Not Hispanic or Latino,White,30.0,0.0,C:\Users\arine\Downloads\ADNI1_Complete_1Yr_1.5T\ADNI\073_S_0311\MPR__GradWarp__B1_Correction__N3__Scaled\2006-05-31_14_38_48.0\I39868\ADNI_073_S_0311_MR_MPR__GradWarp__B1_Correction__N3__Scaled_Br_20070213203125567_S15069_I39868.nii,1928.0,78.0
073_S_0311,CN,0,bl,2006-08-02,Female,16.0,Not Hispanic or Latino,White,30.0,0.0,C:\Users\arine\Downloads\ADNI1_Complete_1Yr_1.5T\ADNI\073_S_0311\MPR__GradWarp__B1_Correction__N3__Scaled\2006-05-31_14_38_48.0\I39868\ADNI_073_S_0311_MR_MPR__GradWarp__B1_Correction__N3__Scaled_Br_20070213203125567_S15069_I39868.nii,1928.0,78.0
073_S_0312,CN,0,bl,2006-08-02,Male,20.0,Not Hispanic or Latino,White,30.0,0.0,C:\Users\arine\Downloads\ADNI1_Complete_1Yr_1.5T\ADNI\073_S_0312\MPR__GradWarp__B1_Correction__N3__Scaled\2006-05-31_13_21_45.0\I39881\ADNI_073_S_0312_MR_MPR__GradWarp__B1_Correction__N3__Scaled_Br_20070213204740079_S15079_I39881.nii,1923.0,83.0
036_S_0748,MCI,1,bl,2006-08-28,Male,16.0,Not Hispanic or Latino,White,26.0,2.0,C:\Users\arine\Downloads\ADNI1_Complete_1Yr_1.5T\ADNI\036_S_0748\MPR__GradWarp__B1_Correction__N3__Scaled\2006-08-10_12_14_49.0\I36959\ADNI_036_S_0748_MR_MPR__GradWarp__B1_Correction__N3__Scaled_Br_20070120002555015_S17705_I36959.nii,1927.0,79.0
116_S_0752,MCI,1,bl,2006-08-29,Female,16.0,Not Hispanic or Latino,White,24.0,2.0,C:\Users\arine\Downloads\ADNI1_Complete_1Yr_1.5T\ADNI\116_S_0752\MPR__GradWarp__N3__Scaled\2006-08-16_16_29_49.0\I59637\ADNI_116_S_0752_MR_MPR__GradWarp__N3__Scaled_Br_20070712172336778_S18066_I59637.nii,1924.0,82.0
116_S_0752,MCI,1,bl,2006-08-29,Female,16.0,Not Hispanic or Latino,White,24.0,2.0,C:\Users\arine\Downloads\ADNI1_Complete_1Yr_1.5T\ADNI\116_S_0752\MPR__GradWarp__N3__Scaled\2006-08-16_16_29_49.0\I59637\ADNI_116_S_0752_MR_MPR__GradWarp__N3__Scaled_Br_20070712172336778_S18066_I59637.nii,,75.05882352941177
116_S_0752,MCI,1,bl,2006-08-29,Female,16.0,Not Hispanic or Latino,White,24.0,2.0,C:\Users\arine\Downloads\ADNI1_Complete_1Yr_1.5T\ADNI\116_S_0752\MPR__GradWarp__N3__Scaled\2006-08-16_16_29_49.0\I59637\ADNI_116_S_0752_MR_MPR__GradWarp__N3__Scaled_Br_20070712172336778_S18066_I59637.nii,1924.0,82.0
032_S_0718,MCI,1,bl,2006-08-31,Female,18.0,Not Hispanic or Latino,White,27.0,1.0,C:\Users\arine\Downloads\ADNI1_Complete_1Yr_1.5T\ADNI\032_S_0718\MPR____N3__Scaled\2006-07-12_11_27_10.0\I36474\ADNI_032_S_0718_MR_MPR____N3__Scaled_Br_20070118003212483_S16859_I36474.nii,1926.0,80.0
036_S_0759,Dementia,2,bl,2006-09-01,Female,12.0,Not Hispanic or Latino,White,22.0,4.5,C:\Users\arine\Downloads\ADNI1_Complete_1Yr_1.5T\ADNI\036_S_0759\MPR__GradWarp__B1_Correction__N3__Scaled\2006-08-22_11_08_33.0\I36969\ADNI_036_S_0759_MR_MPR__GradWarp__B1_Correction__N3__Scaled_Br_20070120004026768_S18094_I36969.nii,1924.0,82.0
099_S_0533,CN,0,bl,2006-09-01,Female,12.0,Not Hispanic or Latino,White,30.0,0.5,C:\Users\arine\Downloads\ADNI1_Complete_1Yr_1.5T\ADNI\099_S_0533\MPR-R__GradWarp__B1_Correction__N3__Scaled\2006-05-25_07_15_19.0\I38785\ADNI_099_S_0533_MR_MPR-R__GradWarp__B1_Correction__N3__Scaled_Br_20070209171723295_S14938_I38785.nii,1925.0,81.0
099_S_0551,MCI,1,bl,2006-09-01,Male,16.0,Not Hispanic or Latino,White,29.0,0.5,C:\Users\arine\Downloads\ADNI1_Complete_1Yr_1.5T\ADNI\099_S_0551\MPR-R__GradWarp__B1_Correction__N3__Scaled\2006-05-18_07_14_08.0\I34586\ADNI_099_S_0551_MR_MPR-R__GradWarp__B1_Correction__N3__Scaled_Br_20061228153327357_S14645_I34586.nii,1942.0,64.0
116_S_0657,CN,0,bl,2006-09-07,Female,13.0,Not Hispanic or Latino,White,29.0,0.5,C:\Users\arine\Downloads\ADNI1_Complete_1Yr_1.5T\ADNI\116_S_0657\MPR__GradWarp__N3__Scaled\2006-08-24_12_15_55.0\I59739\ADNI_116_S_0657_MR_MPR__GradWarp__N3__Scaled_Br_20070713083225378_S18236_I59739.nii,1928.0,78.0
116_S_0657,CN,0,bl,2006-09-07,Female,13.0,Not Hispanic or Latino,White,29.0,0.5,C:\Users\arine\Downloads\ADNI1_Complete_1Yr_1.5T\ADNI\116_S_0657\MPR__GradWarp__N3__Scaled\2006-08-24_12_15_55.0\I59739\ADNI_116_S_0657_MR_MPR__GradWarp__N3__Scaled_Br_20070713083225378_S18236_I59739.nii,1928.0,78.0
130_S_0783,MCI,1,bl,2006-08-29,Female,18.0,Not Hispanic or Latino,White,29.0,1.5,C:\Users\arine\Downloads\ADNI1_Complete_1Yr_1.5T\ADNI\130_S_0783\MPR__GradWarp__B1_Correction__N3__Scaled\2006-08-17_07_11_54.0\I39152\ADNI_130_S_0783_MR_MPR__GradWarp__B1_Correction__N3__Scaled_Br_20070210211809149_S18023_I39152.nii,1927.0,79.0
057_S_0779,CN,0,bl,2006-09-05,Male,13.0,Not Hispanic or Latino,White,28.0,0.0,C:\Users\arine\Downloads\ADNI1_Complete_1Yr_1.5T\ADNI\057_S_0779\MPR-R__GradWarp__B1_Correction__N3__Scaled\2006-08-16_13_13_48.0\I80629\ADNI_057_S_0779_MR_MPR-R__GradWarp__B1_Correction__N3__Scaled_Br_20071103124833906_S18109_I80629.nii,1927.0,79.0
129_S_0778,CN,0,bl,2006-09-11,Male,13.0,Not Hispanic or Latino,White,28.0,0.0,C:\Users\arine\Downloads\ADNI1_Complete_1Yr_1.5T\ADNI\129_S_0778\MPR__GradWarp__N3__Scaled\2006-08-14_13_22_25.0\I91135\ADNI_129_S_0778_MR_MPR__GradWarp__N3__Scaled_Br_20080220145002718_S17848_I91135.nii,1934.0,72.0
129_S_0778,CN,0,bl,2006-09-11,Male,13.0,Not Hispanic or Latino,White,28.0,0.0,C:\Users\arine\Downloads\ADNI1_Complete_1Yr_1.5T\ADNI\129_S_0778\MPR__GradWarp__N3__Scaled\2006-08-14_13_22_25.0\I91135\ADNI_129_S_0778_MR_MPR__GradWarp__N3__Scaled_Br_20080220145002718_S17848_I91135.nii,1934.0,72.0
129_S_0778,CN,0,bl,2006-09-11,Male,13.0,Not Hispanic or Latino,White,28.0,0.0,C:\Users\arine\Downloads\ADNI1_Complete_1Yr_1.5T\ADNI\129_S_0778\MPR__GradWarp__N3__Scaled\2006-08-14_13_22_25.0\I91135\ADNI_129_S_0778_MR_MPR__GradWarp__N3__Scaled_Br_20080220145002718_S17848_I91135.nii,1934.0,72.0
062_S_0793,Dementia,2,bl,2006-09-11,Male,20.0,Not Hispanic or Latino,White,26.0,4.5,C:\Users\arine\Downloads\ADNI1_Complete_1Yr_1.5T\ADNI\062_S_0793\MPR__GradWarp__B1_Correction__N3__Scaled\2006-08-24_10_28_33.0\I50524\ADNI_062_S_0793_MR_MPR__GradWarp__B1_Correction__N3__Scaled_Br_20070424123729148_S18189_I50524.nii,1937.0,69.0
029_S_0824,CN,0,bl,2006-09-13,Female,13.0,Not Hispanic or Latino,White,30.0,0.0,C:\Users\arine\Downloads\ADNI1_Complete_1Yr_1.5T\ADNI\029_S_0824\MPR__GradWarp__B1_Correction__N3__Scaled\2006-08-22_14_54_21.0\I96284\ADNI_029_S_0824_MR_MPR__GradWarp__B1_Correction__N3__Scaled_Br_20080308130111462_S18139_I96284.nii,1930.0,76.0
029_S_0824,CN,0,bl,2006-09-13,Female,13.0,Not Hispanic or Latino,White,30.0,0.0,C:\Users\arine\Downloads\ADNI1_Complete_1Yr_1.5T\ADNI\029_S_0824\MPR__GradWarp__B1_Correction__N3__Scaled\2006-08-22_14_54_21.0\I96284\ADNI_029_S_0824_MR_MPR__GradWarp__B1_Correction__N3__Scaled_Br_20080308130111462_S18139_I96284.nii,1930.0,76.0
029_S_0824,CN,0,bl,2006-09-13,Female,13.0,Not Hispanic or Latino,White,30.0,0.0,C:\Users\arine\Downloads\ADNI1_Complete_1Yr_1.5T\ADNI\029_S_0824\MPR__GradWarp__B1_Correction__N3__Scaled\2006-08-22_14_54_21.0\I96284\ADNI_029_S_0824_MR_MPR__GradWarp__B1_Correction__N3__Scaled_Br_20080308130111462_S18139_I96284.nii,1930.0,76.0
002_S_0816,Dementia,2,bl,2006-09-13,Male,20.0,Not Hispanic or Latino,White,26.0,4.0,C:\Users\arine\Downloads\ADNI1_Complete_1Yr_1.5T\ADNI\002_S_0816\MPR__GradWarp__B1_Correction__N3__Scaled\2006-08-30_12_22_53.0\I40731\ADNI_002_S_0816_MR_MPR__GradWarp__B1_Correction__N3__Scaled_Br_20070217005829488_S18402_I40731.nii,1935.0,71.0
137_S_0722,MCI,1,bl,2006-09-12,Male,12.0,Not Hispanic or Latino,White,26.0,2.0,C:\Users\arine\Downloads\ADNI1_Complete_1Yr_1.5T\ADNI\137_S_0722\MPR__GradWarp__N3__Scaled\2006-07-26_09_00_07.0\I43022\ADNI_137_S_0722_MR_MPR__GradWarp__N3__Scaled_Br_20070306180852008_S17295_I43022.nii,1936.0,70.0
137_S_0722,MCI,1,bl,2006-09-12,Male,12.0,Not Hispanic or Latino,White,26.0,2.0,C:\Users\arine\Downloads\ADNI1_Complete_1Yr_1.5T\ADNI\137_S_0722\MPR__GradWarp__N3__Scaled\2006-07-26_09_00_07.0\I43022\ADNI_137_S_0722_MR_MPR__GradWarp__N3__Scaled_Br_20070306180852008_S17295_I43022.nii,1936.0,70.0
137_S_0722,MCI,1,bl,2006-09-12,Male,12.0,Not Hispanic or Latino,White,26.0,2.0,C:\Users\arine\Downloads\ADNI1_Complete_1Yr_1.5T\ADNI\137_S_0722\MPR__GradWarp__N3__Scaled\2006-07-26_09_00_07.0\I43022\ADNI_137_S_0722_MR_MPR__GradWarp__N3__Scaled_Br_20070306180852008_S17295_I43022.nii,1936.0,70.0
137_S_0800,MCI,1,bl,2006-09-01,Male,12.0,Not Hispanic or Latino,White,29.0,1.0,C:\Users\arine\Downloads\ADNI1_Complete_1Yr_1.5T\ADNI\137_S_0800\MPR__GradWarp__N3__Scaled\2006-08-14_14_04_22.0\I43035\ADNI_137_S_0800_MR_MPR__GradWarp__N3__Scaled_Br_20070306182209232_S17822_I43035.nii,1932.0,74.0
137_S_0800,MCI,1,bl,2006-09-01,Male,12.0,Not Hispanic or Latino,White,29.0,1.0,C:\Users\arine\Downloads\ADNI1_Complete_1Yr_1.5T\ADNI\137_S_0800\MPR__GradWarp__N3__Scaled\2006-08-14_14_04_22.0\I43035\ADNI_137_S_0800_MR_MPR__GradWarp__N3__Scaled_Br_20070306182209232_S17822_I43035.nii,1932.0,74.0
137_S_0800,MCI,1,bl,2006-09-01,Male,12.0,Not Hispanic or Latino,White,29.0,1.0,C:\Users\arine\Downloads\ADNI1_Complete_1Yr_1.5T\ADNI\137_S_0800\MPR__GradWarp__N3__Scaled\2006-08-14_14_04_22.0\I43035\ADNI_137_S_0800_MR_MPR__GradWarp__N3__Scaled_Br_20070306182209232_S17822_I43035.nii,1932.0,74.0
137_S_0668,MCI,1,bl,2006-09-11,Male,12.0,Not Hispanic or Latino,White,27.0,1.5,C:\Users\arine\Downloads\ADNI1_Complete_1Yr_1.5T\ADNI\137_S_0668\MPR__GradWarp__N3__Scaled\2006-08-07_08_05_51.0\I43001\ADNI_137_S_0668_MR_MPR__GradWarp__N3__Scaled_Br_20070306174129400_S17610_I43001.nii,1933.0,73.0
137_S_0668,MCI,1,bl,2006-09-11,Male,12.0,Not Hispanic or Latino,White,27.0,1.5,C:\Users\arine\Downloads\ADNI1_Complete_1Yr_1.5T\ADNI\137_S_0668\MPR__GradWarp__N3__Scaled\2006-08-07_08_05_51.0\I43001\ADNI_137_S_0668_MR_MPR__GradWarp__N3__Scaled_Br_20070306174129400_S17610_I43001.nii,1933.0,73.0
137_S_0668,MCI,1,bl,2006-09-11,Male,12.0,Not Hispanic or Latino,White,27.0,1.5,C:\Users\arine\Downloads\ADNI1_Complete_1Yr_1.5T\ADNI\137_S_0668\MPR__GradWarp__N3__Scaled\2006-08-07_08_05_51.0\I43001\ADNI_137_S_0668_MR_MPR__GradWarp__N3__Scaled_Br_20070306174129400_S17610_I43001.nii,,75.05882352941177
137_S_0668,MCI,1,bl,2006-09-11,Male,12.0,Not Hispanic or Latino,White,27.0,1.5,C:\Users\arine\Downloads\ADNI1_Complete_1Yr_1.5T\ADNI\137_S_0668\MPR__GradWarp__N3__Scaled\2006-08-07_08_05_51.0\I43001\ADNI_137_S_0668_MR_MPR__GradWarp__N3__Scaled_Br_20070306174129400_S17610_I43001.nii,1933.0,73.0
036_S_0813,CN,0,bl,2006-09-13,Male,16.0,Not Hispanic or Latino,White,29.0,0.0,C:\Users\arine\Downloads\ADNI1_Complete_1Yr_1.5T\ADNI\036_S_0813\MPR__GradWarp__B1_Correction__N3__Scaled\2006-08-25_10_11_42.0\I36979\ADNI_036_S_0813_MR_MPR__GradWarp__B1_Correction__N3__Scaled_Br_20070120005430235_S18252_I36979.nii,1933.0,73.0
036_S_0813,CN,0,bl,2006-09-13,Male,16.0,Not Hispanic or Latino,White,29.0,0.0,C:\Users\arine\Downloads\ADNI1_Complete_1Yr_1.5T\ADNI\036_S_0813\MPR__GradWarp__B1_Correction__N3__Scaled\2006-08-25_10_11_42.0\I36979\ADNI_036_S_0813_MR_MPR__GradWarp__B1_Correction__N3__Scaled_Br_20070120005430235_S18252_I36979.nii,1933.0,73.0
036_S_0813,CN,0,bl,2006-09-13,Male,16.0,Not Hispanic or Latino,White,29.0,0.0,C:\Users\arine\Downloads\ADNI1_Complete_1Yr_1.5T\ADNI\036_S_0813\MPR__GradWarp__B1_Correction__N3__Scaled\2006-08-25_10_11_42.0\I36979\ADNI_036_S_0813_MR_MPR__GradWarp__B1_Correction__N3__Scaled_Br_20070120005430235_S18252_I36979.nii,,75.71323529411765
036_S_0760,Dementia,2,bl,2006-09-13,Female,12.0,Not Hispanic or Latino,White,25.0,3.5,C:\Users\arine\Downloads\ADNI1_Complete_1Yr_1.5T\ADNI\036_S_0760\MPR__GradWarp__B1_Correction__N3__Scaled\2006-08-25_11_11_22.0\I38652\ADNI_036_S_0760_MR_MPR__GradWarp__B1_Correction__N3__Scaled_Br_20070209144410346_S18264_I38652.nii,1937.0,69.0
016_S_0702,MCI,1,bl,2006-08-23,Male,16.0,Not Hispanic or Latino,White,27.0,1.0,C:\Users\arine\Downloads\ADNI1_Complete_1Yr_1.5T\ADNI\016_S_0702\MPR__GradWarp__B1_Correction__N3__Scaled\2006-07-24_14_24_51.0\I40781\ADNI_016_S_0702_MR_MPR__GradWarp__B1_Correction__N3__Scaled_Br_20070217021444111_S17341_I40781.nii,1921.0,85.0
016_S_0702,MCI,1,bl,2006-08-23,Male,16.0,Not Hispanic or Latino,White,27.0,1.0,C:\Users\arine\Downloads\ADNI1_Complete_1Yr_1.5T\ADNI\016_S_0702\MPR__GradWarp__B1_Correction__N3__Scaled\2006-07-24_14_24_51.0\I40781\ADNI_016_S_0702_MR_MPR__GradWarp__B1_Correction__N3__Scaled_Br_20070217021444111_S17341_I40781.nii,1921.0,85.0
016_S_0702,MCI,1,bl,2006-08-23,Male,16.0,Not Hispanic or Latino,White,27.0,1.0,C:\Users\arine\Downloads\ADNI1_Complete_1Yr_1.5T\ADNI\016_S_0702\MPR__GradWarp__B1_Correction__N3__Scaled\2006-07-24_14_24_51.0\I40781\ADNI_016_S_0702_MR_MPR__GradWarp__B1_Correction__N3__Scaled_Br_20070217021444111_S17341_I40781.nii,,75.05882352941177
016_S_0702,MCI,1,bl,2006-08-23,Male,16.0,Not Hispanic or Latino,White,27.0,1.0,C:\Users\arine\Downloads\ADNI1_Complete_1Yr_1.5T\ADNI\016_S_0702\MPR__GradWarp__B1_Correction__N3__Scaled\2006-07-24_14_24_51.0\I40781\ADNI_016_S_0702_MR_MPR__GradWarp__B1_Correction__N3__Scaled_Br_20070217021444111_S17341_I40781.nii,1921.0,85.0
010_S_0422,MCI,1,bl,2006-09-15,Male,20.0,Not Hispanic or Latino,White,29.0,1.0,C:\Users\arine\Downloads\ADNI1_Complete_1Yr_1.5T\ADNI\010_S_0422\MPR____N3__Scaled\2006-11-30_14_02_07.0\I63332\ADNI_010_S_0422_MR_MPR____N3__Scaled_Br_20070731162014912_S23188_I63332.nii,1944.0,62.0
021_S_0753,Dementia,2,bl,2006-09-18,Male,16.0,Not Hispanic or Latino,White,24.0,4.5,C:\Users\arine\Downloads\ADNI1_Complete_1Yr_1.5T\ADNI\021_S_0753\MPR__GradWarp__N3__Scaled\2006-08-04_10_45_36.0\I33461\ADNI_021_S_0753_MR_MPR__GradWarp__N3__Scaled_Br_20061217132116005_S17580_I33461.nii,1941.0,65.0
141_S_0767,CN,0,bl,2006-09-07,Female,16.0,Not Hispanic or Latino,White,29.0,0.0,C:\Users\arine\Downloads\ADNI1_Complete_1Yr_1.5T\ADNI\141_S_0767\MPR-R__GradWarp__B1_Correction__N3__Scaled\2006-08-27_17_00_56.0\I47306\ADNI_141_S_0767_MR_MPR-R__GradWarp__B1_Correction__N3__Scaled_Br_20070328092102686_S18337_I47306.nii,1933.0,73.0
141_S_0767,CN,0,bl,2006-09-07,Female,16.0,Not Hispanic or Latino,White,29.0,0.0,C:\Users\arine\Downloads\ADNI1_Complete_1Yr_1.5T\ADNI\141_S_0767\MPR-R__GradWarp__B1_Correction__N3__Scaled\2006-08-27_17_00_56.0\I47306\ADNI_141_S_0767_MR_MPR-R__GradWarp__B1_Correction__N3__Scaled_Br_20070328092102686_S18337_I47306.nii,1933.0,73.0
141_S_0767,CN,0,bl,2006-09-07,Female,16.0,Not Hispanic or Latino,White,29.0,0.0,C:\Users\arine\Downloads\ADNI1_Complete_1Yr_1.5T\ADNI\141_S_0767\MPR-R__GradWarp__B1_Correction__N3__Scaled\2006-08-27_17_00_56.0\I47306\ADNI_141_S_0767_MR_MPR-R__GradWarp__B1_Correction__N3__Scaled_Br_20070328092102686_S18337_I47306.nii,1933.0,73.0
141_S_0767,CN,0,bl,2006-09-07,Female,16.0,Not Hispanic or Latino,White,29.0,0.0,C:\Users\arine\Downloads\ADNI1_Complete_1Yr_1.5T\ADNI\141_S_0767\MPR-R__GradWarp__B1_Correction__N3__Scaled\2006-08-27_17_00_56.0\I47306\ADNI_141_S_0767_MR_MPR-R__GradWarp__B1_Correction__N3__Scaled_Br_20070328092102686_S18337_I47306.nii,1933.0,73.0
141_S_0726,CN,0,bl,2006-09-13,Male,17.0,Not Hispanic or Latino,White,28.0,0.0,C:\Users\arine\Downloads\ADNI1_Complete_1Yr_1.5T\ADNI\141_S_0726\MPR__GradWarp__B1_Correction__N3__Scaled\2006-08-27_15_51_10.0\I94824\ADNI_141_S_0726_MR_MPR__GradWarp__B1_Correction__N3__Scaled_Br_20080302105053142_S18354_I94824.nii,1925.0,81.0
023_S_0855,MCI,1,bl,2006-09-19,Male,12.0,Not Hispanic or Latino,White,25.0,1.5,C:\Users\arine\Downloads\ADNI1_Complete_1Yr_1.5T\ADNI\023_S_0855\MPR__GradWarp__B1_Correction__N3__Scaled\2006-09-05_12_44_29.0\I31509\ADNI_023_S_0855_MR_MPR__GradWarp__B1_Correction__N3__Scaled_Br_20061203135308153_S18561_I31509.nii,1931.0,75.0
023_S_0855,MCI,1,bl,2006-09-19,Male,12.0,Not Hispanic or Latino,White,25.0,1.5,C:\Users\arine\Downloads\ADNI1_Complete_1Yr_1.5T\ADNI\023_S_0855\MPR__GradWarp__B1_Correction__N3__Scaled\2006-09-05_12_44_29.0\I31509\ADNI_023_S_0855_MR_MPR__GradWarp__B1_Correction__N3__Scaled_Br_20061203135308153_S18561_I31509.nii,,75.05882352941177
141_S_0696,Dementia,2,bl,2006-09-11,Female,12.0,Not Hispanic or Latino,Black or African American,25.0,3.0,C:\Users\arine\Downloads\ADNI1_Complete_1Yr_1.5T\ADNI\141_S_0696\MPR__GradWarp__B1_Correction__N3__Scaled\2006-08-25_14_48_31.0\I82738\ADNI_141_S_0696_MR_MPR__GradWarp__B1_Correction__N3__Scaled_Br_20071119104836717_S18373_I82738.nii,1932.0,74.0
006_S_0681,CN,0,bl,2006-09-20,Female,19.0,Not Hispanic or Latino,White,30.0,0.0,C:\Users\arine\Downloads\ADNI1_Complete_1Yr_1.5T\ADNI\006_S_0681\MPR__GradWarp__B1_Correction__N3__Scaled\2006-08-31_13_42_29.0\I92305\ADNI_006_S_0681_MR_MPR__GradWarp__B1_Correction__N3__Scaled_Br_20080224150248153_S18451_I92305.nii,1929.0,77.0
141_S_0717,CN,0,bl,2006-09-15,Male,12.0,Not Hispanic or Latino,White,30.0,0.0,C:\Users\arine\Downloads\ADNI1_Complete_1Yr_1.5T\ADNI\141_S_0717\MPR-R__GradWarp__B1_Correction__N3__Scaled\2006-08-27_14_55_18.0\I98888\ADNI_141_S_0717_MR_MPR-R__GradWarp__B1_Correction__N3__Scaled_Br_20080318145722556_S18413_I98888.nii,1930.0,76.0
141_S_0717,CN,0,bl,2006-09-15,Male,12.0,Not Hispanic or Latino,White,30.0,0.0,C:\Users\arine\Downloads\ADNI1_Complete_1Yr_1.5T\ADNI\141_S_0717\MPR-R__GradWarp__B1_Correction__N3__Scaled\2006-08-27_14_55_18.0\I98888\ADNI_141_S_0717_MR_MPR-R__GradWarp__B1_Correction__N3__Scaled_Br_20080318145722556_S18413_I98888.nii,1930.0,76.0
141_S_0717,CN,0,bl,2006-09-15,Male,12.0,Not Hispanic or Latino,White,30.0,0.0,C:\Users\arine\Downloads\ADNI1_Complete_1Yr_1.5T\ADNI\141_S_0717\MPR-R__GradWarp__B1_Correction__N3__Scaled\2006-08-27_14_55_18.0\I98888\ADNI_141_S_0717_MR_MPR-R__GradWarp__B1_Correction__N3__Scaled_Br_20080318145722556_S18413_I98888.nii,,75.71323529411765
141_S_0717,CN,0,bl,2006-09-15,Male,12.0,Not Hispanic or Latino,White,30.0,0.0,C:\Users\arine\Downloads\ADNI1_Complete_1Yr_1.5T\ADNI\141_S_0717\MPR-R__GradWarp__B1_Correction__N3__Scaled\2006-08-27_14_55_18.0\I98888\ADNI_141_S_0717_MR_MPR-R__GradWarp__B1_Correction__N3__Scaled_Br_20080318145722556_S18413_I98888.nii,1930.0,76.0
029_S_0845,CN,0,bl,2006-09-21,Male,16.0,Not Hispanic or Latino,White,28.0,0.0,C:\Users\arine\Downloads\ADNI1_Complete_1Yr_1.5T\ADNI\029_S_0845\MPR__GradWarp__B1_Correction__N3__Scaled\2006-09-12_12_24_22.0\I64867\ADNI_029_S_0845_MR_MPR__GradWarp__B1_Correction__N3__Scaled_Br_20070805141431549_S18829_I64867.nii,1926.0,80.0
029_S_0845,CN,0,bl,2006-09-21,Male,16.0,Not Hispanic or Latino,White,28.0,0.0,C:\Users\arine\Downloads\ADNI1_Complete_1Yr_1.5T\ADNI\029_S_0845\MPR__GradWarp__B1_Correction__N3__Scaled\2006-09-12_12_24_22.0\I64867\ADNI_029_S_0845_MR_MPR__GradWarp__B1_Correction__N3__Scaled_Br_20070805141431549_S18829_I64867.nii,1926.0,80.0
029_S_0836,Dementia,2,bl,2006-09-07,Male,16.0,Not Hispanic or Latino,White,26.0,2.0,C:\Users\arine\Downloads\ADNI1_Complete_1Yr_1.5T\ADNI\029_S_0836\MPR__GradWarp__B1_Correction__N3__Scaled\2006-08-23_12_49_43.0\I65013\ADNI_029_S_0836_MR_MPR__GradWarp__B1_Correction__N3__Scaled_Br_20070806122937449_S18151_I65013.nii,1923.0,83.0
006_S_0731,CN,0,bl,2006-09-05,Male,18.0,Not Hispanic or Latino,White,30.0,0.0,C:\Users\arine\Downloads\ADNI1_Complete_1Yr_1.5T\ADNI\006_S_0731\MPR__GradWarp__B1_Correction__N3__Scaled\2006-08-28_10_57_36.0\I90848\ADNI_006_S_0731_MR_MPR__GradWarp__B1_Correction__N3__Scaled_Br_20080220094836683_S18321_I90848.nii,1935.0,71.0
006_S_0731,CN,0,bl,2006-09-05,Male,18.0,Not Hispanic or Latino,White,30.0,0.0,C:\Users\arine\Downloads\ADNI1_Complete_1Yr_1.5T\ADNI\006_S_0731\MPR__GradWarp__B1_Correction__N3__Scaled\2006-08-28_10_57_36.0\I90848\ADNI_006_S_0731_MR_MPR__GradWarp__B1_Correction__N3__Scaled_Br_20080220094836683_S18321_I90848.nii,1935.0,71.0
006_S_0731,CN,0,bl,2006-09-05,Male,18.0,Not Hispanic or Latino,White,30.0,0.0,C:\Users\arine\Downloads\ADNI1_Complete_1Yr_1.5T\ADNI\006_S_0731\MPR__GradWarp__B1_Correction__N3__Scaled\2006-08-28_10_57_36.0\I90848\ADNI_006_S_0731_MR_MPR__GradWarp__B1_Correction__N3__Scaled_Br_20080220094836683_S18321_I90848.nii,1935.0,71.0
027_S_0835,MCI,1,bl,2006-09-15,Male,14.0,Not Hispanic or Latino,White,26.0,0.5,C:\Users\arine\Downloads\ADNI1_Complete_1Yr_1.5T\ADNI\027_S_0835\MPR-R__GradWarp__B1_Correction__N3__Scaled\2006-09-11_12_07_47.0\I35666\ADNI_027_S_0835_MR_MPR-R__GradWarp__B1_Correction__N3__Scaled_Br_20070109234117513_S18760_I35666.nii,1933.0,73.0
027_S_0835,MCI,1,bl,2006-09-15,Male,14.0,Not Hispanic or Latino,White,26.0,0.5,C:\Users\arine\Downloads\ADNI1_Complete_1Yr_1.5T\ADNI\027_S_0835\MPR-R__GradWarp__B1_Correction__N3__Scaled\2006-09-11_12_07_47.0\I35666\ADNI_027_S_0835_MR_MPR-R__GradWarp__B1_Correction__N3__Scaled_Br_20070109234117513_S18760_I35666.nii,1933.0,73.0
027_S_0835,MCI,1,bl,2006-09-15,Male,14.0,Not Hispanic or Latino,White,26.0,0.5,C:\Users\arine\Downloads\ADNI1_Complete_1Yr_1.5T\ADNI\027_S_0835\MPR-R__GradWarp__B1_Correction__N3__Scaled\2006-09-11_12_07_47.0\I35666\ADNI_027_S_0835_MR_MPR-R__GradWarp__B1_Correction__N3__Scaled_Br_20070109234117513_S18760_I35666.nii,1933.0,73.0
094_S_0692,CN,0,bl,2006-08-11,Female,19.0,Not Hispanic or Latino,White,29.0,0.0,C:\Users\arine\Downloads\ADNI1_Complete_1Yr_1.5T\ADNI\094_S_0692\MPR__GradWarp__B1_Correction__N3__Scaled\2006-07-21_14_19_56.0\I47295\ADNI_094_S_0692_MR_MPR__GradWarp__B1_Correction__N3__Scaled_Br_20070328090417409_S17207_I47295.nii,1929.0,77.0
013_S_0502,CN,0,bl,2006-09-25,Male,18.0,Not Hispanic or Latino,White,29.0,0.0,C:\Users\arine\Downloads\ADNI1_Complete_1Yr_1.5T\ADNI\013_S_0502\MPR__GradWarp__B1_Correction__N3__Scaled\2006-07-25_13_35_33.0\I51138\ADNI_013_S_0502_MR_MPR__GradWarp__B1_Correction__N3__Scaled_Br_20070426090217227_S17232_I51138.nii,1931.0,75.0
013_S_0240,MCI,1,bl,2006-09-26,Male,16.0,Not Hispanic or Latino,White,28.0,1.5,C:\Users\arine\Downloads\ADNI1_Complete_1Yr_1.5T\ADNI\013_S_0240\MPR-R__GradWarp__B1_Correction__N3__Scaled\2006-03-20_10_12_00.0\I51151\ADNI_013_S_0240_MR_MPR-R__GradWarp__B1_Correction__N3__Scaled_Br_20070426090948082_S12308_I51151.nii,1917.0,89.0
013_S_0575,CN,0,bl,2006-09-26,Female,17.0,Not Hispanic or Latino,White,29.0,0.0,C:\Users\arine\Downloads\ADNI1_Complete_1Yr_1.5T\ADNI\013_S_0575\MPR-R__GradWarp__B1_Correction__N3__Scaled\2006-08-14_15_09_37.0\I51160\ADNI_013_S_0575_MR_MPR-R__GradWarp__B1_Correction__N3__Scaled_Br_20070426091507319_S17859_I51160.nii,1920.0,86.0
023_S_0916,Dementia,2,bl,2006-09-26,Male,16.0,Not Hispanic or Latino,White,21.0,4.5,C:\Users\arine\Downloads\ADNI1_Complete_1Yr_1.5T\ADNI\023_S_0916\MPR__GradWarp__B1_Correction__N3__Scaled\2006-09-22_14_14_58.0\I31533\ADNI_023_S_0916_MR_MPR__GradWarp__B1_Correction__N3__Scaled_Br_20061203142844438_S19228_I31533.nii,1926.0,80.0
006_S_0498,CN,0,bl,2006-09-06,Male,12.0,Not Hispanic or Latino,White,25.0,0.0,C:\Users\arine\Downloads\ADNI1_Complete_1Yr_1.5T\ADNI\006_S_0498\MPR-R__GradWarp__B1_Correction__N3__Scaled\2006-09-19_09_42_50.0\I55943\ADNI_006_S_0498_MR_MPR-R__GradWarp__B1_Correction__N3__Scaled_Br_20070605122045523_S19763_I55943.nii,1935.0,71.0
006_S_0498,CN,0,bl,2006-09-06,Male,12.0,Not Hispanic or Latino,White,25.0,0.0,C:\Users\arine\Downloads\ADNI1_Complete_1Yr_1.5T\ADNI\006_S_0498\MPR-R__GradWarp__B1_Correction__N3__Scaled\2006-09-19_09_42_50.0\I55943\ADNI_006_S_0498_MR_MPR-R__GradWarp__B1_Correction__N3__Scaled_Br_20070605122045523_S19763_I55943.nii,1935.0,71.0
006_S_0498,CN,0,bl,2006-09-06,Male,12.0,Not Hispanic or Latino,White,25.0,0.0,C:\Users\arine\Downloads\ADNI1_Complete_1Yr_1.5T\ADNI\006_S_0498\MPR-R__GradWarp__B1_Correction__N3__Scaled\2006-09-19_09_42_50.0\I55943\ADNI_006_S_0498_MR_MPR-R__GradWarp__B1_Correction__N3__Scaled_Br_20070605122045523_S19763_I55943.nii,1935.0,71.0
127_S_0754,Dementia,2,bl,2006-09-29,Female,14.0,Not Hispanic or Latino,White,23.0,4.0,C:\Users\arine\Downloads\ADNI1_Complete_1Yr_1.5T\ADNI\127_S_0754\MPR__GradWarp__B1_Correction__N3__Scaled\2006-09-05_12_47_43.0\I80760\ADNI_127_S_0754_MR_MPR__GradWarp__B1_Correction__N3__Scaled_Br_20071104122303097_S18515_I80760.nii,1939.0,67.0
005_S_0814,Dementia,2,bl,2006-09-27,Female,16.0,Not Hispanic or Latino,White,21.0,4.0,C:\Users\arine\Downloads\ADNI1_Complete_1Yr_1.5T\ADNI\005_S_0814\MPR__GradWarp__B1_Correction__N3__Scaled\2006-08-30_09_32_32.0\I74591\ADNI_005_S_0814_MR_MPR__GradWarp__B1_Correction__N3__Scaled_Br_20070923123111793_S18390_I74591.nii,1935.0,71.0
012_S_0803,Dementia,2,bl,2006-10-04,Female,12.0,Not Hispanic or Latino,White,22.0,7.0,C:\Users\arine\Downloads\ADNI1_Complete_1Yr_1.5T\ADNI\012_S_0803\MPR____N3__Scaled\2006-09-22_07_58_57.0\I59250\ADNI_012_S_0803_MR_MPR____N3__Scaled_Br_20070711172746366_S19197_I59250.nii,1921.0,85.0
057_S_0818,CN,0,bl,2006-09-27,Female,10.0,Not Hispanic or Latino,White,29.0,0.0,C:\Users\arine\Downloads\ADNI1_Complete_1Yr_1.5T\ADNI\057_S_0818\MPR-R__GradWarp__B1_Correction__N3__Scaled\2006-09-06_14_02_39.0\I121435\ADNI_057_S_0818_MR_MPR-R__GradWarp__B1_Correction__N3__Scaled_Br_20081016161130417_S18613_I121435.nii,1932.0,74.0
011_S_0861,MCI,1,bl,2006-10-05,Male,16.0,Not Hispanic or Latino,White,24.0,1.0,C:\Users\arine\Downloads\ADNI1_Complete_1Yr_1.5T\ADNI\011_S_0861\MPR__GradWarp__B1_Correction__N3__Scaled\2006-09-27_10_28_03.0\I35513\ADNI_011_S_0861_MR_MPR__GradWarp__B1_Correction__N3__Scaled_Br_20070108234412094_S19476_I35513.nii,1919.0,87.0
029_S_0866,CN,0,bl,2006-10-05,Female,13.0,Not Hispanic or Latino,White,28.0,0.0,C:\Users\arine\Downloads\ADNI1_Complete_1Yr_1.5T\ADNI\029_S_0866\MPR__GradWarp__B1_Correction__N3__Scaled\2006-09-13_14_35_06.0\I65611\ADNI_029_S_0866_MR_MPR__GradWarp__B1_Correction__N3__Scaled_Br_20070807154846672_S18917_I65611.nii,1926.0,80.0
027_S_0850,Dementia,2,bl,2006-09-20,Male,16.0,Not Hispanic or Latino,White,22.0,5.5,C:\Users\arine\Downloads\ADNI1_Complete_1Yr_1.5T\ADNI\027_S_0850\MPR__GradWarp__B1_Correction__N3__Scaled\2006-09-06_10_03_25.0\I48996\ADNI_027_S_0850_MR_MPR__GradWarp__B1_Correction__N3__Scaled_Br_20070412191003564_S18554_I48996.nii,1928.0,78.0
023_S_0887,MCI,1,bl,2006-10-06,Female,8.0,Not Hispanic or Latino,White,24.0,2.0,C:\Users\arine\Downloads\ADNI1_Complete_1Yr_1.5T\ADNI\023_S_0887\MPR__GradWarp__B1_Correction__N3__Scaled\2006-09-20_12_12_32.0\I31526\ADNI_023_S_0887_MR_MPR__GradWarp__B1_Correction__N3__Scaled_Br_20061203141838289_S19087_I31526.nii,1933.0,73.0
023_S_0887,MCI,1,bl,2006-10-06,Female,8.0,Not Hispanic or Latino,White,24.0,2.0,C:\Users\arine\Downloads\ADNI1_Complete_1Yr_1.5T\ADNI\023_S_0887\MPR__GradWarp__B1_Correction__N3__Scaled\2006-09-20_12_12_32.0\I31526\ADNI_023_S_0887_MR_MPR__GradWarp__B1_Correction__N3__Scaled_Br_20061203141838289_S19087_I31526.nii,1933.0,73.0
023_S_0887,MCI,1,bl,2006-10-06,Female,8.0,Not Hispanic or Latino,White,24.0,2.0,C:\Users\arine\Downloads\ADNI1_Complete_1Yr_1.5T\ADNI\023_S_0887\MPR__GradWarp__B1_Correction__N3__Scaled\2006-09-20_12_12_32.0\I31526\ADNI_023_S_0887_MR_MPR__GradWarp__B1_Correction__N3__Scaled_Br_20061203141838289_S19087_I31526.nii,1933.0,73.0
126_S_0784,Dementia,2,bl,2006-10-11,Female,16.0,Not Hispanic or Latino,White,23.0,4.5,C:\Users\arine\Downloads\ADNI1_Complete_1Yr_1.5T\ADNI\126_S_0784\MPR-R__GradWarp__B1_Correction__N3__Scaled\2006-10-05_11_49_25.0\I39005\ADNI_126_S_0784_MR_MPR-R__GradWarp__B1_Correction__N3__Scaled_Br_20070209204200349_S19752_I39005.nii,1930.0,76.0
073_S_0565,Dementia,2,bl,2006-08-03,Male,14.0,Not Hispanic or Latino,White,24.0,7.0,C:\Users\arine\Downloads\ADNI1_Complete_1Yr_1.5T\ADNI\073_S_0565\MPR__GradWarp__B1_Correction__N3__Scaled\2006-06-21_14_22_31.0\I39919\ADNI_073_S_0565_MR_MPR__GradWarp__B1_Correction__N3__Scaled_Br_20070213213329963_S15762_I39919.nii,1931.0,75.0
128_S_0863,CN,0,bl,2006-10-11,Male,15.0,Not Hispanic or Latino,White,26.0,0.0,C:\Users\arine\Downloads\ADNI1_Complete_1Yr_1.5T\ADNI\128_S_0863\MPR__GradWarp__B1_Correction__N3__Scaled\2006-09-25_16_32_31.0\I98875\ADNI_128_S_0863_MR_MPR__GradWarp__B1_Correction__N3__Scaled_Br_20080318145032239_S19272_I98875.nii,1927.0,79.0
128_S_0863,CN,0,bl,2006-10-11,Male,15.0,Not Hispanic or Latino,White,26.0,0.0,C:\Users\arine\Downloads\ADNI1_Complete_1Yr_1.5T\ADNI\128_S_0863\MPR__GradWarp__B1_Correction__N3__Scaled\2006-09-25_16_32_31.0\I98875\ADNI_128_S_0863_MR_MPR__GradWarp__B1_Correction__N3__Scaled_Br_20080318145032239_S19272_I98875.nii,1927.0,79.0
128_S_0863,CN,0,bl,2006-10-11,Male,15.0,Not Hispanic or Latino,White,26.0,0.0,C:\Users\arine\Downloads\ADNI1_Complete_1Yr_1.5T\ADNI\128_S_0863\MPR__GradWarp__B1_Correction__N3__Scaled\2006-09-25_16_32_31.0\I98875\ADNI_128_S_0863_MR_MPR__GradWarp__B1_Correction__N3__Scaled_Br_20080318145032239_S19272_I98875.nii,1927.0,79.0
057_S_0839,MCI,1,bl,2006-10-06,Female,9.0,Not Hispanic or Latino,White,26.0,1.0,C:\Users\arine\Downloads\ADNI1_Complete_1Yr_1.5T\ADNI\057_S_0839\MPR__GradWarp__B1_Correction__N3__Scaled\2006-09-20_14_00_08.0\I38670\ADNI_057_S_0839_MR_MPR__GradWarp__B1_Correction__N3__Scaled_Br_20070209151105220_S19188_I38670.nii,1927.0,79.0
006_S_0547,Dementia,2,bl,2006-09-21,Male,12.0,Not Hispanic or Latino,White,26.0,3.5,C:\Users\arine\Downloads\ADNI1_Complete_1Yr_1.5T\ADNI\006_S_0547\MPR-R__GradWarp__B1_Correction__N3__Scaled\2006-09-21_10_57_58.0\I75279\ADNI_006_S_0547_MR_MPR-R__GradWarp__B1_Correction__N3__Scaled_Br_20070926110116880_S19779_I75279.nii,1930.0,76.0
126_S_0891,Dementia,2,bl,2006-10-12,Female,12.0,Not Hispanic or Latino,White,22.0,4.5,C:\Users\arine\Downloads\ADNI1_Complete_1Yr_1.5T\ADNI\126_S_0891\MPR__GradWarp__B1_Correction__N3__Scaled\2006-09-25_10_08_24.0\I39054\ADNI_126_S_0891_MR_MPR__GradWarp__B1_Correction__N3__Scaled_Br_20070209210901264_S19386_I39054.nii,1927.0,79.0
126_S_0891,Dementia,2,bl,2006-10-12,Female,12.0,Not Hispanic or Latino,White,22.0,4.5,C:\Users\arine\Downloads\ADNI1_Complete_1Yr_1.5T\ADNI\126_S_0891\MPR__GradWarp__B1_Correction__N3__Scaled\2006-09-25_10_08_24.0\I39054\ADNI_126_S_0891_MR_MPR__GradWarp__B1_Correction__N3__Scaled_Br_20070209210901264_S19386_I39054.nii,,74.94117647058823
033_S_0920,CN,0,bl,2006-10-11,Female,12.0,Not Hispanic or Latino,White,30.0,0.0,C:\Users\arine\Downloads\ADNI1_Complete_1Yr_1.5T\ADNI\033_S_0920\MPR-R__GradWarp__B1_Correction__N3__Scaled\2006-09-22_12_30_58.0\I42481\ADNI_033_S_0920_MR_MPR-R__GradWarp__B1_Correction__N3__Scaled_Br_20070304121025723_S19288_I42481.nii,1926.0,80.0
033_S_0920,CN,0,bl,2006-10-11,Female,12.0,Not Hispanic or Latino,White,30.0,0.0,C:\Users\arine\Downloads\ADNI1_Complete_1Yr_1.5T\ADNI\033_S_0920\MPR-R__GradWarp__B1_Correction__N3__Scaled\2006-09-22_12_30_58.0\I42481\ADNI_033_S_0920_MR_MPR-R__GradWarp__B1_Correction__N3__Scaled_Br_20070304121025723_S19288_I42481.nii,1926.0,80.0
033_S_0920,CN,0,bl,2006-10-11,Female,12.0,Not Hispanic or Latino,White,30.0,0.0,C:\Users\arine\Downloads\ADNI1_Complete_1Yr_1.5T\ADNI\033_S_0920\MPR-R__GradWarp__B1_Correction__N3__Scaled\2006-09-22_12_30_58.0\I42481\ADNI_033_S_0920_MR_MPR-R__GradWarp__B1_Correction__N3__Scaled_Br_20070304121025723_S19288_I42481.nii,,75.71323529411765
033_S_0920,CN,0,bl,2006-10-11,Female,12.0,Not Hispanic or Latino,White,30.0,0.0,C:\Users\arine\Downloads\ADNI1_Complete_1Yr_1.5T\ADNI\033_S_0920\MPR-R__GradWarp__B1_Correction__N3__Scaled\2006-09-22_12_30_58.0\I42481\ADNI_033_S_0920_MR_MPR-R__GradWarp__B1_Correction__N3__Scaled_Br_20070304121025723_S19288_I42481.nii,1926.0,80.0
033_S_0889,Dementia,2,bl,2006-10-09,Female,16.0,Not Hispanic or Latino,White,26.0,4.5,C:\Users\arine\Downloads\ADNI1_Complete_1Yr_1.5T\ADNI\033_S_0889\MPR-R__GradWarp__B1_Correction__N3__Scaled\2006-09-25_09_31_04.0\I51629\ADNI_033_S_0889_MR_MPR-R__GradWarp__B1_Correction__N3__Scaled_Br_20070426183239887_S19296_I51629.nii,1934.0,72.0
033_S_0906,MCI,1,bl,2006-10-11,Female,12.0,Not Hispanic or Latino,White,25.0,1.5,C:\Users\arine\Downloads\ADNI1_Complete_1Yr_1.5T\ADNI\033_S_0906\MPR__GradWarp__B1_Correction__N3__Scaled\2006-09-25_12_38_45.0\I42468\ADNI_033_S_0906_MR_MPR__GradWarp__B1_Correction__N3__Scaled_Br_20070304115044054_S19314_I42468.nii,1941.0,65.0
033_S_0906,MCI,1,bl,2006-10-11,Female,12.0,Not Hispanic or Latino,White,25.0,1.5,C:\Users\arine\Downloads\ADNI1_Complete_1Yr_1.5T\ADNI\033_S_0906\MPR__GradWarp__B1_Correction__N3__Scaled\2006-09-25_12_38_45.0\I42468\ADNI_033_S_0906_MR_MPR__GradWarp__B1_Correction__N3__Scaled_Br_20070304115044054_S19314_I42468.nii,1941.0,65.0
033_S_0906,MCI,1,bl,2006-10-11,Female,12.0,Not Hispanic or Latino,White,25.0,1.5,C:\Users\arine\Downloads\ADNI1_Complete_1Yr_1.5T\ADNI\033_S_0906\MPR__GradWarp__B1_Correction__N3__Scaled\2006-09-25_12_38_45.0\I42468\ADNI_033_S_0906_MR_MPR__GradWarp__B1_Correction__N3__Scaled_Br_20070304115044054_S19314_I42468.nii,,75.05882352941177
033_S_0906,MCI,1,bl,2006-10-11,Female,12.0,Not Hispanic or Latino,White,25.0,1.5,C:\Users\arine\Downloads\ADNI1_Complete_1Yr_1.5T\ADNI\033_S_0906\MPR__GradWarp__B1_Correction__N3__Scaled\2006-09-25_12_38_45.0\I42468\ADNI_033_S_0906_MR_MPR__GradWarp__B1_Correction__N3__Scaled_Br_20070304115044054_S19314_I42468.nii,1941.0,65.0
033_S_0922,MCI,1,bl,2006-10-13,Male,12.0,Not Hispanic or Latino,White,26.0,2.5,C:\Users\arine\Downloads\ADNI1_Complete_1Yr_1.5T\ADNI\033_S_0922\MPR__GradWarp__B1_Correction__N3__Scaled\2006-09-26_10_54_34.0\I42493\ADNI_033_S_0922_MR_MPR__GradWarp__B1_Correction__N3__Scaled_Br_20070304122855389_S19341_I42493.nii,1938.0,68.0
033_S_0922,MCI,1,bl,2006-10-13,Male,12.0,Not Hispanic or Latino,White,26.0,2.5,C:\Users\arine\Downloads\ADNI1_Complete_1Yr_1.5T\ADNI\033_S_0922\MPR__GradWarp__B1_Correction__N3__Scaled\2006-09-26_10_54_34.0\I42493\ADNI_033_S_0922_MR_MPR__GradWarp__B1_Correction__N3__Scaled_Br_20070304122855389_S19341_I42493.nii,1938.0,68.0
033_S_0922,MCI,1,bl,2006-10-13,Male,12.0,Not Hispanic or Latino,White,26.0,2.5,C:\Users\arine\Downloads\ADNI1_Complete_1Yr_1.5T\ADNI\033_S_0922\MPR__GradWarp__B1_Correction__N3__Scaled\2006-09-26_10_54_34.0\I42493\ADNI_033_S_0922_MR_MPR__GradWarp__B1_Correction__N3__Scaled_Br_20070304122855389_S19341_I42493.nii,,75.05882352941177
033_S_0922,MCI,1,bl,2006-10-13,Male,12.0,Not Hispanic or Latino,White,26.0,2.5,C:\Users\arine\Downloads\ADNI1_Complete_1Yr_1.5T\ADNI\033_S_0922\MPR__GradWarp__B1_Correction__N3__Scaled\2006-09-26_10_54_34.0\I42493\ADNI_033_S_0922_MR_MPR__GradWarp__B1_Correction__N3__Scaled_Br_20070304122855389_S19341_I42493.nii,1938.0,68.0
033_S_0923,CN,0,bl,2006-10-13,Male,14.0,Not Hispanic or Latino,White,30.0,0.0,C:\Users\arine\Downloads\ADNI1_Complete_1Yr_1.5T\ADNI\033_S_0923\MPR__GradWarp__B1_Correction__N3__Scaled\2006-09-29_09_42_13.0\I42509\ADNI_033_S_0923_MR_MPR__GradWarp__B1_Correction__N3__Scaled_Br_20070304125438114_S19544_I42509.nii,1923.0,83.0
033_S_0923,CN,0,bl,2006-10-13,Male,14.0,Not Hispanic or Latino,White,30.0,0.0,C:\Users\arine\Downloads\ADNI1_Complete_1Yr_1.5T\ADNI\033_S_0923\MPR__GradWarp__B1_Correction__N3__Scaled\2006-09-29_09_42_13.0\I42509\ADNI_033_S_0923_MR_MPR__GradWarp__B1_Correction__N3__Scaled_Br_20070304125438114_S19544_I42509.nii,1923.0,83.0
033_S_0923,CN,0,bl,2006-10-13,Male,14.0,Not Hispanic or Latino,White,30.0,0.0,C:\Users\arine\Downloads\ADNI1_Complete_1Yr_1.5T\ADNI\033_S_0923\MPR__GradWarp__B1_Correction__N3__Scaled\2006-09-29_09_42_13.0\I42509\ADNI_033_S_0923_MR_MPR__GradWarp__B1_Correction__N3__Scaled_Br_20070304125438114_S19544_I42509.nii,,75.71323529411765
033_S_0923,CN,0,bl,2006-10-13,Male,14.0,Not Hispanic or Latino,White,30.0,0.0,C:\Users\arine\Downloads\ADNI1_Complete_1Yr_1.5T\ADNI\033_S_0923\MPR__GradWarp__B1_Correction__N3__Scaled\2006-09-29_09_42_13.0\I42509\ADNI_033_S_0923_MR_MPR__GradWarp__B1_Correction__N3__Scaled_Br_20070304125438114_S19544_I42509.nii,1923.0,83.0
009_S_0862,CN,0,bl,2006-10-04,Female,12.0,Not Hispanic or Latino,White,30.0,0.5,C:\Users\arine\Downloads\ADNI1_Complete_1Yr_1.5T\ADNI\009_S_0862\MPR__GradWarp__N3__Scaled\2006-09-19_12_53_39.0\I121228\ADNI_009_S_0862_MR_MPR__GradWarp__N3__Scaled_Br_20081016092132040_S19358_I121228.nii,1933.0,73.0
023_S_0926,CN,0,bl,2006-10-16,Female,16.0,Not Hispanic or Latino,White,29.0,0.0,C:\Users\arine\Downloads\ADNI1_Complete_1Yr_1.5T\ADNI\023_S_0926\MPR__GradWarp__B1_Correction__N3__Scaled\2006-09-27_12_09_35.0\I31547\ADNI_023_S_0926_MR_MPR__GradWarp__B1_Correction__N3__Scaled_Br_20061203145312272_S19390_I31547.nii,1935.0,71.0
023_S_0926,CN,0,bl,2006-10-16,Female,16.0,Not Hispanic or Latino,White,29.0,0.0,C:\Users\arine\Downloads\ADNI1_Complete_1Yr_1.5T\ADNI\023_S_0926\MPR__GradWarp__B1_Correction__N3__Scaled\2006-09-27_12_09_35.0\I31547\ADNI_023_S_0926_MR_MPR__GradWarp__B1_Correction__N3__Scaled_Br_20061203145312272_S19390_I31547.nii,1935.0,71.0
023_S_0926,CN,0,bl,2006-10-16,Female,16.0,Not Hispanic or Latino,White,29.0,0.0,C:\Users\arine\Downloads\ADNI1_Complete_1Yr_1.5T\ADNI\023_S_0926\MPR__GradWarp__B1_Correction__N3__Scaled\2006-09-27_12_09_35.0\I31547\ADNI_023_S_0926_MR_MPR__GradWarp__B1_Correction__N3__Scaled_Br_20061203145312272_S19390_I31547.nii,,75.71323529411765
023_S_0926,CN,0,bl,2006-10-16,Female,16.0,Not Hispanic or Latino,White,29.0,0.0,C:\Users\arine\Downloads\ADNI1_Complete_1Yr_1.5T\ADNI\023_S_0926\MPR__GradWarp__B1_Correction__N3__Scaled\2006-09-27_12_09_35.0\I31547\ADNI_023_S_0926_MR_MPR__GradWarp__B1_Correction__N3__Scaled_Br_20061203145312272_S19390_I31547.nii,1935.0,71.0
009_S_0842,CN,0,bl,2006-10-09,Male,18.0,Not Hispanic or Latino,White,28.0,0.0,C:\Users\arine\Downloads\ADNI1_Complete_1Yr_1.5T\ADNI\009_S_0842\MPR__GradWarp__N3__Scaled\2006-09-07_09_36_49.0\I89575\ADNI_009_S_0842_MR_MPR__GradWarp__N3__Scaled_Br_20080206154637186_S18870_I89575.nii,1933.0,73.0
009_S_0842,CN,0,bl,2006-10-09,Male,18.0,Not Hispanic or Latino,White,28.0,0.0,C:\Users\arine\Downloads\ADNI1_Complete_1Yr_1.5T\ADNI\009_S_0842\MPR__GradWarp__N3__Scaled\2006-09-07_09_36_49.0\I89575\ADNI_009_S_0842_MR_MPR__GradWarp__N3__Scaled_Br_20080206154637186_S18870_I89575.nii,1933.0,73.0
009_S_0842,CN,0,bl,2006-10-09,Male,18.0,Not Hispanic or Latino,White,28.0,0.0,C:\Users\arine\Downloads\ADNI1_Complete_1Yr_1.5T\ADNI\009_S_0842\MPR__GradWarp__N3__Scaled\2006-09-07_09_36_49.0\I89575\ADNI_009_S_0842_MR_MPR__GradWarp__N3__Scaled_Br_20080206154637186_S18870_I89575.nii,1933.0,73.0
023_S_0963,CN,0,bl,2006-10-17,Male,16.0,Not Hispanic or Latino,White,30.0,0.0,C:\Users\arine\Downloads\ADNI1_Complete_1Yr_1.5T\ADNI\023_S_0963\MPR__GradWarp__B1_Correction__N3__Scaled\2006-10-04_16_15_40.0\I89417\ADNI_023_S_0963_MR_MPR__GradWarp__B1_Correction__N3__Scaled_Br_20080206081955454_S19740_I89417.nii,1934.0,72.0
013_S_0860,MCI,1,bl,2006-10-16,Male,16.0,Not Hispanic or Latino,White,29.0,1.5,C:\Users\arine\Downloads\ADNI1_Complete_1Yr_1.5T\ADNI\013_S_0860\MPR__GradWarp__B1_Correction__N3__Scaled\2006-09-21_14_14_36.0\I51533\ADNI_013_S_0860_MR_MPR__GradWarp__B1_Correction__N3__Scaled_Br_20070426173344229_S19237_I51533.nii,1921.0,85.0
010_S_0786,Dementia,2,bl,2006-10-18,Male,19.0,Not Hispanic or Latino,White,26.0,5.0,C:\Users\arine\Downloads\ADNI1_Complete_1Yr_1.5T\ADNI\010_S_0786\MPR____N3__Scaled\2006-09-27_11_10_34.0\I65597\ADNI_010_S_0786_MR_MPR____N3__Scaled_Br_20070807153633938_S19638_I65597.nii,1932.0,74.0
010_S_0786,Dementia,2,bl,2006-10-18,Male,19.0,Not Hispanic or Latino,White,26.0,5.0,C:\Users\arine\Downloads\ADNI1_Complete_1Yr_1.5T\ADNI\010_S_0786\MPR____N3__Scaled\2006-09-27_11_10_34.0\I65597\ADNI_010_S_0786_MR_MPR____N3__Scaled_Br_20070807153633938_S19638_I65597.nii,,74.94117647058823
029_S_0878,MCI,1,bl,2006-10-19,Male,14.0,Not Hispanic or Latino,Asian,26.0,4.0,C:\Users\arine\Downloads\ADNI1_Complete_1Yr_1.5T\ADNI\029_S_0878\MPR__GradWarp__B1_Correction__N3__Scaled\2006-09-15_14_28_17.0\I64876\ADNI_029_S_0878_MR_MPR__GradWarp__B1_Correction__N3__Scaled_Br_20070805142357853_S18986_I64876.nii,1934.0,72.0
029_S_0878,MCI,1,bl,2006-10-19,Male,14.0,Not Hispanic or Latino,Asian,26.0,4.0,C:\Users\arine\Downloads\ADNI1_Complete_1Yr_1.5T\ADNI\029_S_0878\MPR__GradWarp__B1_Correction__N3__Scaled\2006-09-15_14_28_17.0\I64876\ADNI_029_S_0878_MR_MPR__GradWarp__B1_Correction__N3__Scaled_Br_20070805142357853_S18986_I64876.nii,1934.0,72.0
130_S_0886,CN,0,bl,2006-10-06,Female,15.0,Not Hispanic or Latino,White,28.0,0.0,C:\Users\arine\Downloads\ADNI1_Complete_1Yr_1.5T\ADNI\130_S_0886\MPR__GradWarp__B1_Correction__N3__Scaled\2006-09-29_08_03_26.0\I39171\ADNI_130_S_0886_MR_MPR__GradWarp__B1_Correction__N3__Scaled_Br_20070210214803504_S19561_I39171.nii,1935.0,71.0
130_S_0886,CN,0,bl,2006-10-06,Female,15.0,Not Hispanic or Latino,White,28.0,0.0,C:\Users\arine\Downloads\ADNI1_Complete_1Yr_1.5T\ADNI\130_S_0886\MPR__GradWarp__B1_Correction__N3__Scaled\2006-09-29_08_03_26.0\I39171\ADNI_130_S_0886_MR_MPR__GradWarp__B1_Correction__N3__Scaled_Br_20070210214803504_S19561_I39171.nii,1935.0,71.0
002_S_0938,Dementia,2,bl,2006-10-20,Female,16.0,Not Hispanic or Latino,White,23.0,5.0,C:\Users\arine\Downloads\ADNI1_Complete_1Yr_1.5T\ADNI\002_S_0938\MPR__GradWarp__B1_Correction__N3__Scaled\2006-10-05_15_54_26.0\I40980\ADNI_002_S_0938_MR_MPR__GradWarp__B1_Correction__N3__Scaled_Br_20070219175406282_S19852_I40980.nii,1924.0,82.0
141_S_0853,Dementia,2,bl,2006-09-09,Male,16.0,Not Hispanic or Latino,White,26.0,3.5,C:\Users\arine\Downloads\ADNI1_Complete_1Yr_1.5T\ADNI\141_S_0853\MPR__GradWarp__B1_Correction__N3__Scaled\2006-08-27_13_46_01.0\I112292\ADNI_141_S_0853_MR_MPR__GradWarp__B1_Correction__N3__Scaled_Br_20080702153618963_S18348_I112292.nii,1919.0,87.0
094_S_0921,MCI,1,bl,2006-10-24,Male,19.0,Not Hispanic or Latino,White,26.0,1.5,C:\Users\arine\Downloads\ADNI1_Complete_1Yr_1.5T\ADNI\094_S_0921\MPR__GradWarp__B1_Correction__N3__Scaled\2006-10-02_13_16_04.0\I49510\ADNI_094_S_0921_MR_MPR__GradWarp__B1_Correction__N3__Scaled_Br_20070418082931241_S19582_I49510.nii,1935.0,71.0
141_S_0852,Dementia,2,bl,2006-10-04,Female,18.0,Not Hispanic or Latino,White,24.0,2.5,C:\Users\arine\Downloads\ADNI1_Complete_1Yr_1.5T\ADNI\141_S_0852\MPR-R__GradWarp__B1_Correction__N3__Scaled\2006-09-25_15_31_01.0\I47744\ADNI_141_S_0852_MR_MPR-R__GradWarp__B1_Correction__N3__Scaled_Br_20070402180938591_S19395_I47744.nii,1922.0,84.0
141_S_0852,Dementia,2,bl,2006-10-04,Female,18.0,Not Hispanic or Latino,White,24.0,2.5,C:\Users\arine\Downloads\ADNI1_Complete_1Yr_1.5T\ADNI\141_S_0852\MPR-R__GradWarp__B1_Correction__N3__Scaled\2006-09-25_15_31_01.0\I47744\ADNI_141_S_0852_MR_MPR-R__GradWarp__B1_Correction__N3__Scaled_Br_20070402180938591_S19395_I47744.nii,,74.94117647058823
141_S_0790,Dementia,2,bl,2006-10-20,Female,14.0,Not Hispanic or Latino,White,26.0,3.5,C:\Users\arine\Downloads\ADNI1_Complete_1Yr_1.5T\ADNI\141_S_0790\MPR__GradWarp__B1_Correction__N3__Scaled\2006-09-10_15_48_15.0\I91253\ADNI_141_S_0790_MR_MPR__GradWarp__B1_Correction__N3__Scaled_Br_20080220165919265_S18766_I91253.nii,1923.0,83.0
116_S_0834,MCI,1,bl,2006-10-25,Male,13.0,Not Hispanic or Latino,White,26.0,3.5,C:\Users\arine\Downloads\ADNI1_Complete_1Yr_1.5T\ADNI\116_S_0834\MPR-R__GradWarp__N3__Scaled\2006-09-29_13_25_34.0\I59798\ADNI_116_S_0834_MR_MPR-R__GradWarp__N3__Scaled_Br_20070713094039499_S19568_I59798.nii,1942.0,64.0
116_S_0834,MCI,1,bl,2006-10-25,Male,13.0,Not Hispanic or Latino,White,26.0,3.5,C:\Users\arine\Downloads\ADNI1_Complete_1Yr_1.5T\ADNI\116_S_0834\MPR-R__GradWarp__N3__Scaled\2006-09-29_13_25_34.0\I59798\ADNI_116_S_0834_MR_MPR-R__GradWarp__N3__Scaled_Br_20070713094039499_S19568_I59798.nii,1942.0,64.0
041_S_0549,MCI,1,bl,2006-08-11,Male,14.0,Not Hispanic or Latino,White,25.0,1.5,C:\Users\arine\Downloads\ADNI1_Complete_1Yr_1.5T\ADNI\041_S_0549\MPR__GradWarp__B1_Correction__N3__Scaled\2006-06-13_14_26_16.0\I39506\ADNI_041_S_0549_MR_MPR__GradWarp__B1_Correction__N3__Scaled_Br_20070212211806655_S15488_I39506.nii,1937.0,69.0
041_S_0598,MCI,1,bl,2006-08-02,Male,20.0,Not Hispanic or Latino,White,27.0,0.5,C:\Users\arine\Downloads\ADNI1_Complete_1Yr_1.5T\ADNI\041_S_0598\MPR__GradWarp__B1_Correction__N3__Scaled\2006-06-16_12_05_02.0\I40037\ADNI_041_S_0598_MR_MPR__GradWarp__B1_Correction__N3__Scaled_Br_20070214000432776_S15604_I40037.nii,1934.0,72.0
041_S_0679,MCI,1,bl,2006-08-04,Male,18.0,Not Hispanic or Latino,White,29.0,0.5,C:\Users\arine\Downloads\ADNI1_Complete_1Yr_1.5T\ADNI\041_S_0679\MPR__GradWarp__B1_Correction__N3__Scaled\2006-07-20_10_19_53.0\I40046\ADNI_041_S_0679_MR_MPR__GradWarp__B1_Correction__N3__Scaled_Br_20070214001636579_S17077_I40046.nii,1943.0,63.0
041_S_0679,MCI,1,bl,2006-08-04,Male,18.0,Not Hispanic or Latino,White,29.0,0.5,C:\Users\arine\Downloads\ADNI1_Complete_1Yr_1.5T\ADNI\041_S_0679\MPR__GradWarp__B1_Correction__N3__Scaled\2006-07-20_10_19_53.0\I40046\ADNI_041_S_0679_MR_MPR__GradWarp__B1_Correction__N3__Scaled_Br_20070214001636579_S17077_I40046.nii,1943.0,63.0
041_S_0679,MCI,1,bl,2006-08-04,Male,18.0,Not Hispanic or Latino,White,29.0,0.5,C:\Users\arine\Downloads\ADNI1_Complete_1Yr_1.5T\ADNI\041_S_0679\MPR__GradWarp__B1_Correction__N3__Scaled\2006-07-20_10_19_53.0\I40046\ADNI_041_S_0679_MR_MPR__GradWarp__B1_Correction__N3__Scaled_Br_20070214001636579_S17077_I40046.nii,1943.0,63.0
020_S_0899,CN,0,bl,2006-10-26,Female,16.0,Not Hispanic or Latino,White,30.0,0.0,C:\Users\arine\Downloads\ADNI1_Complete_1Yr_1.5T\ADNI\020_S_0899\MPR__GradWarp__B1_Correction__N3__Scaled\2006-09-25_19_44_35.0\I60618\ADNI_020_S_0899_MR_MPR__GradWarp__B1_Correction__N3__Scaled_Br_20070718121152849_S19329_I60618.nii,1926.0,80.0
003_S_0907,CN,0,bl,2006-10-16,Female,20.0,Not Hispanic or Latino,White,30.0,0.0,C:\Users\arine\Downloads\ADNI1_Complete_1Yr_1.5T\ADNI\003_S_0907\MPR__GradWarp__B1_Correction__N3__Scaled\2006-09-11_11_38_13.0\I52781\ADNI_003_S_0907_MR_MPR__GradWarp__B1_Correction__N3__Scaled_Br_20070501171753634_S19728_I52781.nii,1918.0,88.0
003_S_0907,CN,0,bl,2006-10-16,Female,20.0,Not Hispanic or Latino,White,30.0,0.0,C:\Users\arine\Downloads\ADNI1_Complete_1Yr_1.5T\ADNI\003_S_0907\MPR__GradWarp__B1_Correction__N3__Scaled\2006-09-11_11_38_13.0\I52781\ADNI_003_S_0907_MR_MPR__GradWarp__B1_Correction__N3__Scaled_Br_20070501171753634_S19728_I52781.nii,,75.71323529411765
003_S_0907,CN,0,bl,2006-10-16,Female,20.0,Not Hispanic or Latino,White,30.0,0.0,C:\Users\arine\Downloads\ADNI1_Complete_1Yr_1.5T\ADNI\003_S_0907\MPR__GradWarp__B1_Correction__N3__Scaled\2006-09-11_11_38_13.0\I52781\ADNI_003_S_0907_MR_MPR__GradWarp__B1_Correction__N3__Scaled_Br_20070501171753634_S19728_I52781.nii,1918.0,88.0
003_S_0907,CN,0,bl,2006-10-16,Female,20.0,Not Hispanic or Latino,White,30.0,0.0,C:\Users\arine\Downloads\ADNI1_Complete_1Yr_1.5T\ADNI\003_S_0907\MPR__GradWarp__B1_Correction__N3__Scaled\2006-09-11_11_38_13.0\I52781\ADNI_003_S_0907_MR_MPR__GradWarp__B1_Correction__N3__Scaled_Br_20070501171753634_S19728_I52781.nii,1918.0,88.0
057_S_0941,MCI,1,bl,2006-10-25,Female,14.0,Not Hispanic or Latino,White,25.0,1.0,C:\Users\arine\Downloads\ADNI1_Complete_1Yr_1.5T\ADNI\057_S_0941\MPR-R__GradWarp__B1_Correction__N3__Scaled\2006-10-11_13_29_12.0\I34747\ADNI_057_S_0941_MR_MPR-R__GradWarp__B1_Correction__N3__Scaled_Br_20061229162102002_S19985_I34747.nii,1933.0,73.0
057_S_0934,CN,0,bl,2006-10-25,Female,10.0,Not Hispanic or Latino,White,28.0,0.0,C:\Users\arine\Downloads\ADNI1_Complete_1Yr_1.5T\ADNI\057_S_0934\MPR__GradWarp__B1_Correction__N3__Scaled\2006-10-04_14_02_01.0\I34734\ADNI_057_S_0934_MR_MPR__GradWarp__B1_Correction__N3__Scaled_Br_20061229160134007_S19971_I34734.nii,1936.0,70.0
057_S_0934,CN,0,bl,2006-10-25,Female,10.0,Not Hispanic or Latino,White,28.0,0.0,C:\Users\arine\Downloads\ADNI1_Complete_1Yr_1.5T\ADNI\057_S_0934\MPR__GradWarp__B1_Correction__N3__Scaled\2006-10-04_14_02_01.0\I34734\ADNI_057_S_0934_MR_MPR__GradWarp__B1_Correction__N3__Scaled_Br_20061229160134007_S19971_I34734.nii,1936.0,70.0
057_S_0934,CN,0,bl,2006-10-25,Female,10.0,Not Hispanic or Latino,White,28.0,0.0,C:\Users\arine\Downloads\ADNI1_Complete_1Yr_1.5T\ADNI\057_S_0934\MPR__GradWarp__B1_Correction__N3__Scaled\2006-10-04_14_02_01.0\I34734\ADNI_057_S_0934_MR_MPR__GradWarp__B1_Correction__N3__Scaled_Br_20061229160134007_S19971_I34734.nii,1936.0,70.0
057_S_0934,CN,0,bl,2006-10-25,Female,10.0,Not Hispanic or Latino,White,28.0,0.0,C:\Users\arine\Downloads\ADNI1_Complete_1Yr_1.5T\ADNI\057_S_0934\MPR__GradWarp__B1_Correction__N3__Scaled\2006-10-04_14_02_01.0\I34734\ADNI_057_S_0934_MR_MPR__GradWarp__B1_Correction__N3__Scaled_Br_20061229160134007_S19971_I34734.nii,1936.0,70.0
003_S_0908,MCI,1,bl,2006-10-12,Female,16.0,Not Hispanic or Latino,White,29.0,2.0,C:\Users\arine\Downloads\ADNI1_Complete_1Yr_1.5T\ADNI\003_S_0908\MPR__GradWarp__B1_Correction__N3__Scaled\2006-09-12_16_07_53.0\I62589\ADNI_003_S_0908_MR_MPR__GradWarp__B1_Correction__N3__Scaled_Br_20070727175013471_S32516_I62589.nii,1943.0,63.0
003_S_0908,MCI,1,bl,2006-10-12,Female,16.0,Not Hispanic or Latino,White,29.0,2.0,C:\Users\arine\Downloads\ADNI1_Complete_1Yr_1.5T\ADNI\003_S_0908\MPR__GradWarp__B1_Correction__N3__Scaled\2006-09-12_16_07_53.0\I62589\ADNI_003_S_0908_MR_MPR__GradWarp__B1_Correction__N3__Scaled_Br_20070727175013471_S32516_I62589.nii,1943.0,63.0
003_S_0908,MCI,1,bl,2006-10-12,Female,16.0,Not Hispanic or Latino,White,29.0,2.0,C:\Users\arine\Downloads\ADNI1_Complete_1Yr_1.5T\ADNI\003_S_0908\MPR__GradWarp__B1_Correction__N3__Scaled\2006-09-12_16_07_53.0\I62589\ADNI_003_S_0908_MR_MPR__GradWarp__B1_Correction__N3__Scaled_Br_20070727175013471_S32516_I62589.nii,,75.05882352941177
003_S_0908,MCI,1,bl,2006-10-12,Female,16.0,Not Hispanic or Latino,White,29.0,2.0,C:\Users\arine\Downloads\ADNI1_Complete_1Yr_1.5T\ADNI\003_S_0908\MPR__GradWarp__B1_Correction__N3__Scaled\2006-09-12_16_07_53.0\I62589\ADNI_003_S_0908_MR_MPR__GradWarp__B1_Correction__N3__Scaled_Br_20070727175013471_S32516_I62589.nii,1943.0,63.0
003_S_0908,MCI,1,bl,2006-10-12,Female,16.0,Not Hispanic or Latino,White,29.0,2.0,C:\Users\arine\Downloads\ADNI1_Complete_1Yr_1.5T\ADNI\003_S_0908\MPR__GradWarp__B1_Correction__N3__Scaled\2006-09-12_16_07_53.0\I62589\ADNI_003_S_0908_MR_MPR__GradWarp__B1_Correction__N3__Scaled_Br_20070727175013471_S32516_I62589.nii,1943.0,63.0
137_S_0825,MCI,1,bl,2006-11-01,Male,12.0,Not Hispanic or Latino,White,28.0,3.5,C:\Users\arine\Downloads\ADNI1_Complete_1Yr_1.5T\ADNI\137_S_0825\MPR__GradWarp__N3__Scaled\2006-09-28_11_47_38.0\I43048\ADNI_137_S_0825_MR_MPR__GradWarp__N3__Scaled_Br_20070306183604457_S19451_I43048.nii,1919.0,87.0
130_S_0505,MCI,1,bl,2006-10-11,Male,16.0,Not Hispanic or Latino,White,28.0,0.5,C:\Users\arine\Downloads\ADNI1_Complete_1Yr_1.5T\ADNI\130_S_0505\MPR__GradWarp__B1_Correction__N3__Scaled\2006-07-25_07_56_17.0\I39142\ADNI_130_S_0505_MR_MPR__GradWarp__B1_Correction__N3__Scaled_Br_20070210210227671_S17292_I39142.nii,1926.0,80.0
130_S_0505,MCI,1,bl,2006-10-11,Male,16.0,Not Hispanic or Latino,White,28.0,0.5,C:\Users\arine\Downloads\ADNI1_Complete_1Yr_1.5T\ADNI\130_S_0505\MPR__GradWarp__B1_Correction__N3__Scaled\2006-07-25_07_56_17.0\I39142\ADNI_130_S_0505_MR_MPR__GradWarp__B1_Correction__N3__Scaled_Br_20070210210227671_S17292_I39142.nii,1926.0,80.0
141_S_0851,MCI,1,bl,2006-10-11,Female,12.0,Not Hispanic or Latino,White,25.0,0.5,C:\Users\arine\Downloads\ADNI1_Complete_1Yr_1.5T\ADNI\141_S_0851\MPR__GradWarp__B1_Correction__N3__Scaled\2006-09-26_17_10_16.0\I47870\ADNI_141_S_0851_MR_MPR__GradWarp__B1_Correction__N3__Scaled_Br_20070403112721109_S19364_I47870.nii,1934.0,72.0
141_S_0810,CN,0,bl,2006-11-02,Male,16.0,Not Hispanic or Latino,White,29.0,0.0,C:\Users\arine\Downloads\ADNI1_Complete_1Yr_1.5T\ADNI\141_S_0810\MPR-R__GradWarp__B1_Correction__N3__Scaled\2006-10-17_16_53_28.0\I47314\ADNI_141_S_0810_MR_MPR-R__GradWarp__B1_Correction__N3__Scaled_Br_20070328093111188_S20274_I47314.nii,1923.0,83.0
130_S_0956,Dementia,2,bl,2006-10-24,Female,7.0,Not Hispanic or Latino,Black or African American,23.0,1.5,C:\Users\arine\Downloads\ADNI1_Complete_1Yr_1.5T\ADNI\130_S_0956\MPR__GradWarp__B1_Correction__N3__Scaled\2006-10-20_07_28_32.0\I39185\ADNI_130_S_0956_MR_MPR__GradWarp__B1_Correction__N3__Scaled_Br_20070210221002388_S20667_I39185.nii,1942.0,64.0
032_S_0978,MCI,1,bl,2006-11-02,Male,12.0,Not Hispanic or Latino,White,29.0,1.5,C:\Users\arine\Downloads\ADNI1_Complete_1Yr_1.5T\ADNI\032_S_0978\MPR____N3__Scaled\2006-10-16_13_06_25.0\I37238\ADNI_032_S_0978_MR_MPR____N3__Scaled_Br_20070123201832755_S20184_I37238.nii,1933.0,73.0
032_S_0978,MCI,1,bl,2006-11-02,Male,12.0,Not Hispanic or Latino,White,29.0,1.5,C:\Users\arine\Downloads\ADNI1_Complete_1Yr_1.5T\ADNI\032_S_0978\MPR____N3__Scaled\2006-10-16_13_06_25.0\I37238\ADNI_032_S_0978_MR_MPR____N3__Scaled_Br_20070123201832755_S20184_I37238.nii,1933.0,73.0
032_S_0978,MCI,1,bl,2006-11-02,Male,12.0,Not Hispanic or Latino,White,29.0,1.5,C:\Users\arine\Downloads\ADNI1_Complete_1Yr_1.5T\ADNI\032_S_0978\MPR____N3__Scaled\2006-10-16_13_06_25.0\I37238\ADNI_032_S_0978_MR_MPR____N3__Scaled_Br_20070123201832755_S20184_I37238.nii,1933.0,73.0
133_S_0912,MCI,1,bl,2006-10-24,Female,18.0,Not Hispanic or Latino,Black or African American,29.0,0.5,C:\Users\arine\Downloads\ADNI1_Complete_1Yr_1.5T\ADNI\133_S_0912\MPR__GradWarp__B1_Correction__N3__Scaled\2006-10-09_13_10_30.0\I40000\ADNI_133_S_0912_MR_MPR__GradWarp__B1_Correction__N3__Scaled_Br_20070213230551142_S19884_I40000.nii,1932.0,74.0
020_S_0883,CN,0,bl,2006-10-24,Female,16.0,Not Hispanic or Latino,White,29.0,0.0,C:\Users\arine\Downloads\ADNI1_Complete_1Yr_1.5T\ADNI\020_S_0883\MPR__GradWarp__B1_Correction__N3__Scaled\2006-09-15_12_55_11.0\I60673\ADNI_020_S_0883_MR_MPR__GradWarp__B1_Correction__N3__Scaled_Br_20070718141322351_S19459_I60673.nii,1930.0,76.0
137_S_0796,Dementia,2,bl,2006-11-01,Male,14.0,Not Hispanic or Latino,White,26.0,3.5,C:\Users\arine\Downloads\ADNI1_Complete_1Yr_1.5T\ADNI\137_S_0796\MPR__GradWarp__N3__Scaled\2006-08-21_15_13_24.0\I89979\ADNI_137_S_0796_MR_MPR__GradWarp__N3__Scaled_Br_20080207175303986_S18077_I89979.nii,1926.0,80.0
137_S_0796,Dementia,2,bl,2006-11-01,Male,14.0,Not Hispanic or Latino,White,26.0,3.5,C:\Users\arine\Downloads\ADNI1_Complete_1Yr_1.5T\ADNI\137_S_0796\MPR__GradWarp__N3__Scaled\2006-08-21_15_13_24.0\I89979\ADNI_137_S_0796_MR_MPR__GradWarp__N3__Scaled_Br_20080207175303986_S18077_I89979.nii,,74.94117647058823
098_S_0896,CN,0,bl,2006-10-31,Male,16.0,Not Hispanic or Latino,White,30.0,0.0,C:\Users\arine\Downloads\ADNI1_Complete_1Yr_1.5T\ADNI\098_S_0896\MPR__GradWarp__B1_Correction__N3__Scaled\2006-09-25_21_31_59.0\I56031\ADNI_098_S_0896_MR_MPR__GradWarp__B1_Correction__N3__Scaled_Br_20070605153525348_S19439_I56031.nii,1929.0,77.0
098_S_0896,CN,0,bl,2006-10-31,Male,16.0,Not Hispanic or Latino,White,30.0,0.0,C:\Users\arine\Downloads\ADNI1_Complete_1Yr_1.5T\ADNI\098_S_0896\MPR__GradWarp__B1_Correction__N3__Scaled\2006-09-25_21_31_59.0\I56031\ADNI_098_S_0896_MR_MPR__GradWarp__B1_Correction__N3__Scaled_Br_20070605153525348_S19439_I56031.nii,1929.0,77.0
098_S_0896,CN,0,bl,2006-10-31,Male,16.0,Not Hispanic or Latino,White,30.0,0.0,C:\Users\arine\Downloads\ADNI1_Complete_1Yr_1.5T\ADNI\098_S_0896\MPR__GradWarp__B1_Correction__N3__Scaled\2006-09-25_21_31_59.0\I56031\ADNI_098_S_0896_MR_MPR__GradWarp__B1_Correction__N3__Scaled_Br_20070605153525348_S19439_I56031.nii,1929.0,77.0
012_S_0932,MCI,1,bl,2006-11-06,Male,16.0,Not Hispanic or Latino,White,27.0,2.5,C:\Users\arine\Downloads\ADNI1_Complete_1Yr_1.5T\ADNI\012_S_0932\MPR____N3__Scaled\2006-09-20_12_49_02.0\I59255\ADNI_012_S_0932_MR_MPR____N3__Scaled_Br_20070711173123684_S19374_I59255.nii,1931.0,75.0
137_S_0443,MCI,1,bl,2006-11-03,Male,18.0,Not Hispanic or Latino,White,28.0,1.0,C:\Users\arine\Downloads\ADNI1_Complete_1Yr_1.5T\ADNI\137_S_0443\MPR__GradWarp__N3__Scaled\2006-06-15_09_57_02.0\I46622\ADNI_137_S_0443_MR_MPR__GradWarp__N3__Scaled_Br_20070323163855614_S15548_I46622.nii,1943.0,63.0
036_S_0945,MCI,1,bl,2006-11-08,Male,12.0,Not Hispanic or Latino,White,25.0,1.5,C:\Users\arine\Downloads\ADNI1_Complete_1Yr_1.5T\ADNI\036_S_0945\MPR__GradWarp__B1_Correction__N3__Scaled\2006-10-25_09_04_33.0\I36999\ADNI_036_S_0945_MR_MPR__GradWarp__B1_Correction__N3__Scaled_Br_20070120012107705_S20971_I36999.nii,1934.0,72.0
036_S_0945,MCI,1,bl,2006-11-08,Male,12.0,Not Hispanic or Latino,White,25.0,1.5,C:\Users\arine\Downloads\ADNI1_Complete_1Yr_1.5T\ADNI\036_S_0945\MPR__GradWarp__B1_Correction__N3__Scaled\2006-10-25_09_04_33.0\I36999\ADNI_036_S_0945_MR_MPR__GradWarp__B1_Correction__N3__Scaled_Br_20070120012107705_S20971_I36999.nii,1934.0,72.0
036_S_0945,MCI,1,bl,2006-11-08,Male,12.0,Not Hispanic or Latino,White,25.0,1.5,C:\Users\arine\Downloads\ADNI1_Complete_1Yr_1.5T\ADNI\036_S_0945\MPR__GradWarp__B1_Correction__N3__Scaled\2006-10-25_09_04_33.0\I36999\ADNI_036_S_0945_MR_MPR__GradWarp__B1_Correction__N3__Scaled_Br_20070120012107705_S20971_I36999.nii,1934.0,72.0
003_S_0981,CN,0,bl,2006-10-30,Female,16.0,Not Hispanic or Latino,White,29.0,0.0,C:\Users\arine\Downloads\ADNI1_Complete_1Yr_1.5T\ADNI\003_S_0981\MPR-R__GradWarp__B1_Correction__N3__Scaled\2006-10-19_10_53_34.0\I52776\ADNI_003_S_0981_MR_MPR-R__GradWarp__B1_Correction__N3__Scaled_Br_20070501171453195_S20753_I52776.nii,1922.0,84.0
003_S_0981,CN,0,bl,2006-10-30,Female,16.0,Not Hispanic or Latino,White,29.0,0.0,C:\Users\arine\Downloads\ADNI1_Complete_1Yr_1.5T\ADNI\003_S_0981\MPR-R__GradWarp__B1_Correction__N3__Scaled\2006-10-19_10_53_34.0\I52776\ADNI_003_S_0981_MR_MPR-R__GradWarp__B1_Correction__N3__Scaled_Br_20070501171453195_S20753_I52776.nii,1922.0,84.0
003_S_0981,CN,0,bl,2006-10-30,Female,16.0,Not Hispanic or Latino,White,29.0,0.0,C:\Users\arine\Downloads\ADNI1_Complete_1Yr_1.5T\ADNI\003_S_0981\MPR-R__GradWarp__B1_Correction__N3__Scaled\2006-10-19_10_53_34.0\I52776\ADNI_003_S_0981_MR_MPR-R__GradWarp__B1_Correction__N3__Scaled_Br_20070501171453195_S20753_I52776.nii,1922.0,84.0
024_S_0985,CN,0,bl,2006-11-03,Male,14.0,Not Hispanic or Latino,White,30.0,0.0,C:\Users\arine\Downloads\ADNI1_Complete_1Yr_1.5T\ADNI\024_S_0985\MPR-R__GradWarp__B1_Correction__N3__Scaled\2006-10-20_16_27_28.0\I62715\ADNI_024_S_0985_MR_MPR-R__GradWarp__B1_Correction__N3__Scaled_Br_20070727191736159_S21112_I62715.nii,1925.0,81.0
024_S_0985,CN,0,bl,2006-11-03,Male,14.0,Not Hispanic or Latino,White,30.0,0.0,C:\Users\arine\Downloads\ADNI1_Complete_1Yr_1.5T\ADNI\024_S_0985\MPR-R__GradWarp__B1_Correction__N3__Scaled\2006-10-20_16_27_28.0\I62715\ADNI_024_S_0985_MR_MPR-R__GradWarp__B1_Correction__N3__Scaled_Br_20070727191736159_S21112_I62715.nii,1925.0,81.0
024_S_0985,CN,0,bl,2006-11-03,Male,14.0,Not Hispanic or Latino,White,30.0,0.0,C:\Users\arine\Downloads\ADNI1_Complete_1Yr_1.5T\ADNI\024_S_0985\MPR-R__GradWarp__B1_Correction__N3__Scaled\2006-10-20_16_27_28.0\I62715\ADNI_024_S_0985_MR_MPR-R__GradWarp__B1_Correction__N3__Scaled_Br_20070727191736159_S21112_I62715.nii,1925.0,81.0
036_S_0869,MCI,1,bl,2006-11-13,Female,16.0,Not Hispanic or Latino,White,26.0,2.0,C:\Users\arine\Downloads\ADNI1_Complete_1Yr_1.5T\ADNI\036_S_0869\MPR-R__GradWarp__B1_Correction__N3__Scaled\2006-10-30_10_41_49.0\I36993\ADNI_036_S_0869_MR_MPR-R__GradWarp__B1_Correction__N3__Scaled_Br_20070120011255669_S21421_I36993.nii,1923.0,83.0
036_S_0869,MCI,1,bl,2006-11-13,Female,16.0,Not Hispanic or Latino,White,26.0,2.0,C:\Users\arine\Downloads\ADNI1_Complete_1Yr_1.5T\ADNI\036_S_0869\MPR-R__GradWarp__B1_Correction__N3__Scaled\2006-10-30_10_41_49.0\I36993\ADNI_036_S_0869_MR_MPR-R__GradWarp__B1_Correction__N3__Scaled_Br_20070120011255669_S21421_I36993.nii,1923.0,83.0
036_S_0869,MCI,1,bl,2006-11-13,Female,16.0,Not Hispanic or Latino,White,26.0,2.0,C:\Users\arine\Downloads\ADNI1_Complete_1Yr_1.5T\ADNI\036_S_0869\MPR-R__GradWarp__B1_Correction__N3__Scaled\2006-10-30_10_41_49.0\I36993\ADNI_036_S_0869_MR_MPR-R__GradWarp__B1_Correction__N3__Scaled_Br_20070120011255669_S21421_I36993.nii,1923.0,83.0
127_S_0844,Dementia,2,bl,2006-11-14,Female,12.0,Not Hispanic or Latino,White,22.0,3.5,C:\Users\arine\Downloads\ADNI1_Complete_1Yr_1.5T\ADNI\127_S_0844\MPR-R__GradWarp__B1_Correction__N3__Scaled\2006-10-09_12_13_27.0\I34471\ADNI_127_S_0844_MR_MPR-R__GradWarp__B1_Correction__N3__Scaled_Br_20061228121939879_S19874_I34471.nii,1921.0,85.0
033_S_1016,CN,0,bl,2006-11-13,Female,13.0,Not Hispanic or Latino,White,29.0,0.0,C:\Users\arine\Downloads\ADNI1_Complete_1Yr_1.5T\ADNI\033_S_1016\MPR__GradWarp__B1_Correction__N3__Scaled\2006-11-01_09_23_40.0\I42772\ADNI_033_S_1016_MR_MPR__GradWarp__B1_Correction__N3__Scaled_Br_20070306084833503_S21817_I42772.nii,1928.0,78.0
033_S_1016,CN,0,bl,2006-11-13,Female,13.0,Not Hispanic or Latino,White,29.0,0.0,C:\Users\arine\Downloads\ADNI1_Complete_1Yr_1.5T\ADNI\033_S_1016\MPR__GradWarp__B1_Correction__N3__Scaled\2006-11-01_09_23_40.0\I42772\ADNI_033_S_1016_MR_MPR__GradWarp__B1_Correction__N3__Scaled_Br_20070306084833503_S21817_I42772.nii,1928.0,78.0
033_S_1016,CN,0,bl,2006-11-13,Female,13.0,Not Hispanic or Latino,White,29.0,0.0,C:\Users\arine\Downloads\ADNI1_Complete_1Yr_1.5T\ADNI\033_S_1016\MPR__GradWarp__B1_Correction__N3__Scaled\2006-11-01_09_23_40.0\I42772\ADNI_033_S_1016_MR_MPR__GradWarp__B1_Correction__N3__Scaled_Br_20070306084833503_S21817_I42772.nii,,75.71323529411765
033_S_1016,CN,0,bl,2006-11-13,Female,13.0,Not Hispanic or Latino,White,29.0,0.0,C:\Users\arine\Downloads\ADNI1_Complete_1Yr_1.5T\ADNI\033_S_1016\MPR__GradWarp__B1_Correction__N3__Scaled\2006-11-01_09_23_40.0\I42772\ADNI_033_S_1016_MR_MPR__GradWarp__B1_Correction__N3__Scaled_Br_20070306084833503_S21817_I42772.nii,1928.0,78.0
023_S_1046,MCI,1,bl,2006-11-16,Male,20.0,Not Hispanic or Latino,White,25.0,2.0,C:\Users\arine\Downloads\ADNI1_Complete_1Yr_1.5T\ADNI\023_S_1046\MPR-R__GradWarp__B1_Correction__N3__Scaled\2006-11-06_17_28_34.0\I46396\ADNI_023_S_1046_MR_MPR-R__GradWarp__B1_Correction__N3__Scaled_Br_20070322174836354_S22199_I46396.nii,1935.0,71.0
023_S_1046,MCI,1,bl,2006-11-16,Male,20.0,Not Hispanic or Latino,White,25.0,2.0,C:\Users\arine\Downloads\ADNI1_Complete_1Yr_1.5T\ADNI\023_S_1046\MPR-R__GradWarp__B1_Correction__N3__Scaled\2006-11-06_17_28_34.0\I46396\ADNI_023_S_1046_MR_MPR-R__GradWarp__B1_Correction__N3__Scaled_Br_20070322174836354_S22199_I46396.nii,1935.0,71.0
023_S_1046,MCI,1,bl,2006-11-16,Male,20.0,Not Hispanic or Latino,White,25.0,2.0,C:\Users\arine\Downloads\ADNI1_Complete_1Yr_1.5T\ADNI\023_S_1046\MPR-R__GradWarp__B1_Correction__N3__Scaled\2006-11-06_17_28_34.0\I46396\ADNI_023_S_1046_MR_MPR-R__GradWarp__B1_Correction__N3__Scaled_Br_20070322174836354_S22199_I46396.nii,,75.05882352941177
023_S_1046,MCI,1,bl,2006-11-16,Male,20.0,Not Hispanic or Latino,White,25.0,2.0,C:\Users\arine\Downloads\ADNI1_Complete_1Yr_1.5T\ADNI\023_S_1046\MPR-R__GradWarp__B1_Correction__N3__Scaled\2006-11-06_17_28_34.0\I46396\ADNI_023_S_1046_MR_MPR-R__GradWarp__B1_Correction__N3__Scaled_Br_20070322174836354_S22199_I46396.nii,1935.0,71.0
024_S_1063,CN,0,bl,2006-11-16,Female,19.0,Not Hispanic or Latino,Black or African American,29.0,0.0,C:\Users\arine\Downloads\ADNI1_Complete_1Yr_1.5T\ADNI\024_S_1063\MPR-R__GradWarp__B1_Correction__N3__Scaled\2006-10-31_10_06_21.0\I63392\ADNI_024_S_1063_MR_MPR-R__GradWarp__B1_Correction__N3__Scaled_Br_20070731170617965_S21525_I63392.nii,1928.0,78.0
024_S_1063,CN,0,bl,2006-11-16,Female,19.0,Not Hispanic or Latino,Black or African American,29.0,0.0,C:\Users\arine\Downloads\ADNI1_Complete_1Yr_1.5T\ADNI\024_S_1063\MPR-R__GradWarp__B1_Correction__N3__Scaled\2006-10-31_10_06_21.0\I63392\ADNI_024_S_1063_MR_MPR-R__GradWarp__B1_Correction__N3__Scaled_Br_20070731170617965_S21525_I63392.nii,1928.0,78.0
024_S_1063,CN,0,bl,2006-11-16,Female,19.0,Not Hispanic or Latino,Black or African American,29.0,0.0,C:\Users\arine\Downloads\ADNI1_Complete_1Yr_1.5T\ADNI\024_S_1063\MPR-R__GradWarp__B1_Correction__N3__Scaled\2006-10-31_10_06_21.0\I63392\ADNI_024_S_1063_MR_MPR-R__GradWarp__B1_Correction__N3__Scaled_Br_20070731170617965_S21525_I63392.nii,,75.71323529411765
029_S_0843,CN,0,bl,2006-11-16,Male,16.0,Not Hispanic or Latino,White,28.0,0.0,C:\Users\arine\Downloads\ADNI1_Complete_1Yr_1.5T\ADNI\029_S_0843\MPR__GradWarp__B1_Correction__N3__Scaled\2006-09-13_12_19_12.0\I66997\ADNI_029_S_0843_MR_MPR__GradWarp__B1_Correction__N3__Scaled_Br_20070810175504250_S18909_I66997.nii,1936.0,70.0
029_S_0843,CN,0,bl,2006-11-16,Male,16.0,Not Hispanic or Latino,White,28.0,0.0,C:\Users\arine\Downloads\ADNI1_Complete_1Yr_1.5T\ADNI\029_S_0843\MPR__GradWarp__B1_Correction__N3__Scaled\2006-09-13_12_19_12.0\I66997\ADNI_029_S_0843_MR_MPR__GradWarp__B1_Correction__N3__Scaled_Br_20070810175504250_S18909_I66997.nii,1936.0,70.0
029_S_0843,CN,0,bl,2006-11-16,Male,16.0,Not Hispanic or Latino,White,28.0,0.0,C:\Users\arine\Downloads\ADNI1_Complete_1Yr_1.5T\ADNI\029_S_0843\MPR__GradWarp__B1_Correction__N3__Scaled\2006-09-13_12_19_12.0\I66997\ADNI_029_S_0843_MR_MPR__GradWarp__B1_Correction__N3__Scaled_Br_20070810175504250_S18909_I66997.nii,1936.0,70.0
009_S_1030,MCI,1,bl,2006-11-13,Male,20.0,Not Hispanic or Latino,White,28.0,1.5,C:\Users\arine\Downloads\ADNI1_Complete_1Yr_1.5T\ADNI\009_S_1030\MPR__GradWarp__N3__Scaled\2006-11-01_07_20_55.0\I54651\ADNI_009_S_1030_MR_MPR__GradWarp__N3__Scaled_Br_20070517121250972_S21823_I54651.nii,1939.0,67.0
009_S_1030,MCI,1,bl,2006-11-13,Male,20.0,Not Hispanic or Latino,White,28.0,1.5,C:\Users\arine\Downloads\ADNI1_Complete_1Yr_1.5T\ADNI\009_S_1030\MPR__GradWarp__N3__Scaled\2006-11-01_07_20_55.0\I54651\ADNI_009_S_1030_MR_MPR__GradWarp__N3__Scaled_Br_20070517121250972_S21823_I54651.nii,1939.0,67.0
009_S_1030,MCI,1,bl,2006-11-13,Male,20.0,Not Hispanic or Latino,White,28.0,1.5,C:\Users\arine\Downloads\ADNI1_Complete_1Yr_1.5T\ADNI\009_S_1030\MPR__GradWarp__N3__Scaled\2006-11-01_07_20_55.0\I54651\ADNI_009_S_1030_MR_MPR__GradWarp__N3__Scaled_Br_20070517121250972_S21823_I54651.nii,1939.0,67.0
094_S_1027,Dementia,2,bl,2006-11-20,Female,12.0,Not Hispanic or Latino,White,25.0,3.0,C:\Users\arine\Downloads\ADNI1_Complete_1Yr_1.5T\ADNI\094_S_1027\MPR-R__GradWarp__B1_Correction__N3__Scaled\2006-10-26_15_54_25.0\I49527\ADNI_094_S_1027_MR_MPR-R__GradWarp__B1_Correction__N3__Scaled_Br_20070418084102408_S21207_I49527.nii,1937.0,69.0
114_S_0979,Dementia,2,bl,2006-11-21,Male,18.0,Not Hispanic or Latino,White,21.0,6.0,C:\Users\arine\Downloads\ADNI1_Complete_1Yr_1.5T\ADNI\114_S_0979\MPR__GradWarp__B1_Correction__N3__Scaled\2006-11-01_13_38_02.0\I39859\ADNI_114_S_0979_MR_MPR__GradWarp__B1_Correction__N3__Scaled_Br_20070213201727734_S21933_I39859.nii,1920.0,86.0
010_S_0472,CN,0,bl,2006-11-21,Male,20.0,Not Hispanic or Latino,White,30.0,0.0,C:\Users\arine\Downloads\ADNI1_Complete_1Yr_1.5T\ADNI\010_S_0472\MPR____N3__Scaled\2006-11-22_11_30_27.0\I62630\ADNI_010_S_0472_MR_MPR____N3__Scaled_Br_20070727181627156_S22912_I62630.nii,1934.0,72.0
126_S_0865,MCI,1,bl,2006-11-21,Male,10.0,Not Hispanic or Latino,White,27.0,1.0,C:\Users\arine\Downloads\ADNI1_Complete_1Yr_1.5T\ADNI\126_S_0865\MPR-R__GradWarp__B1_Correction__N3__Scaled\2006-11-06_10_43_46.0\I39028\ADNI_126_S_0865_MR_MPR-R__GradWarp__B1_Correction__N3__Scaled_Br_20070209205925474_S22295_I39028.nii,1933.0,73.0
002_S_0954,MCI,1,bl,2006-11-22,Female,14.0,Not Hispanic or Latino,White,25.0,2.0,C:\Users\arine\Downloads\ADNI1_Complete_1Yr_1.5T\ADNI\002_S_0954\MPR-R__GradWarp__B1_Correction__N3__Scaled\2006-10-10_15_13_04.0\I40744\ADNI_002_S_0954_MR_MPR-R__GradWarp__B1_Correction__N3__Scaled_Br_20070217011938920_S19979_I40744.nii,1937.0,69.0
016_S_0991,Dementia,2,bl,2006-11-21,Female,10.0,Not Hispanic or Latino,White,21.0,9.0,C:\Users\arine\Downloads\ADNI1_Complete_1Yr_1.5T\ADNI\016_S_0991\MPR-R__GradWarp__B1_Correction__N3__Scaled\2006-11-01_14_50_19.0\I40794\ADNI_016_S_0991_MR_MPR-R__GradWarp__B1_Correction__N3__Scaled_Br_20070217023139686_S21737_I40794.nii,1920.0,86.0
136_S_0874,MCI,1,bl,2006-11-27,Female,16.0,Not Hispanic or Latino,White,25.0,1.5,C:\Users\arine\Downloads\ADNI1_Complete_1Yr_1.5T\ADNI\136_S_0874\MPR__GradWarp__B1_Correction__N3__Scaled\2006-11-06_19_06_29.0\I40419\ADNI_136_S_0874_MR_MPR__GradWarp__B1_Correction__N3__Scaled_Br_20070215224044149_S22234_I40419.nii,1940.0,66.0
027_S_1045,MCI,1,bl,2006-11-17,Female,14.0,Not Hispanic or Latino,White,26.0,1.5,C:\Users\arine\Downloads\ADNI1_Complete_1Yr_1.5T\ADNI\027_S_1045\MPR__GradWarp__B1_Correction__N3__Scaled\2006-11-03_12_23_14.0\I47210\ADNI_027_S_1045_MR_MPR__GradWarp__B1_Correction__N3__Scaled_Br_20070327162348161_S22174_I47210.nii,1924.0,82.0
027_S_1045,MCI,1,bl,2006-11-17,Female,14.0,Not Hispanic or Latino,White,26.0,1.5,C:\Users\arine\Downloads\ADNI1_Complete_1Yr_1.5T\ADNI\027_S_1045\MPR__GradWarp__B1_Correction__N3__Scaled\2006-11-03_12_23_14.0\I47210\ADNI_027_S_1045_MR_MPR__GradWarp__B1_Correction__N3__Scaled_Br_20070327162348161_S22174_I47210.nii,1924.0,82.0
027_S_1045,MCI,1,bl,2006-11-17,Female,14.0,Not Hispanic or Latino,White,26.0,1.5,C:\Users\arine\Downloads\ADNI1_Complete_1Yr_1.5T\ADNI\027_S_1045\MPR__GradWarp__B1_Correction__N3__Scaled\2006-11-03_12_23_14.0\I47210\ADNI_027_S_1045_MR_MPR__GradWarp__B1_Correction__N3__Scaled_Br_20070327162348161_S22174_I47210.nii,1924.0,82.0
141_S_0915,MCI,1,bl,2006-10-31,Female,14.0,Not Hispanic or Latino,White,26.0,1.0,C:\Users\arine\Downloads\ADNI1_Complete_1Yr_1.5T\ADNI\141_S_0915\MPR__GradWarp__B1_Correction__N3__Scaled\2006-11-19_16_42_47.0\I48563\ADNI_141_S_0915_MR_MPR__GradWarp__B1_Correction__N3__Scaled_Br_20070411121151917_S22748_I48563.nii,1926.0,80.0
141_S_0915,MCI,1,bl,2006-10-31,Female,14.0,Not Hispanic or Latino,White,26.0,1.0,C:\Users\arine\Downloads\ADNI1_Complete_1Yr_1.5T\ADNI\141_S_0915\MPR__GradWarp__B1_Correction__N3__Scaled\2006-11-19_16_42_47.0\I48563\ADNI_141_S_0915_MR_MPR__GradWarp__B1_Correction__N3__Scaled_Br_20070411121151917_S22748_I48563.nii,1926.0,80.0
016_S_1028,MCI,1,bl,2006-11-29,Female,7.0,Hispanic or Latino,White,25.0,1.0,C:\Users\arine\Downloads\ADNI1_Complete_1Yr_1.5T\ADNI\016_S_1028\MPR__GradWarp__B1_Correction__N3__Scaled\2006-11-02_12_42_12.0\I40799\ADNI_016_S_1028_MR_MPR__GradWarp__B1_Correction__N3__Scaled_Br_20070217023802197_S22058_I40799.nii,1929.0,77.0
012_S_1009,CN,0,bl,2006-12-01,Male,16.0,Not Hispanic or Latino,White,28.0,0.0,C:\Users\arine\Downloads\ADNI1_Complete_1Yr_1.5T\ADNI\012_S_1009\MPR____N3__Scaled\2006-11-01_07_26_40.0\I64717\ADNI_012_S_1009_MR_MPR____N3__Scaled_Br_20070804145130249_S21610_I64717.nii,1930.0,76.0
052_S_0951,CN,0,bl,2006-11-17,Male,18.0,Not Hispanic or Latino,White,28.0,0.0,C:\Users\arine\Downloads\ADNI1_Complete_1Yr_1.5T\ADNI\052_S_0951\MPR__GradWarp__B1_Correction__N3__Scaled\2006-10-19_10_20_23.0\I64170\ADNI_052_S_0951_MR_MPR__GradWarp__B1_Correction__N3__Scaled_Br_20070802184955745_S20352_I64170.nii,1921.0,85.0
052_S_0951,CN,0,bl,2006-11-17,Male,18.0,Not Hispanic or Latino,White,28.0,0.0,C:\Users\arine\Downloads\ADNI1_Complete_1Yr_1.5T\ADNI\052_S_0951\MPR__GradWarp__B1_Correction__N3__Scaled\2006-10-19_10_20_23.0\I64170\ADNI_052_S_0951_MR_MPR__GradWarp__B1_Correction__N3__Scaled_Br_20070802184955745_S20352_I64170.nii,1921.0,85.0
052_S_0951,CN,0,bl,2006-11-17,Male,18.0,Not Hispanic or Latino,White,28.0,0.0,C:\Users\arine\Downloads\ADNI1_Complete_1Yr_1.5T\ADNI\052_S_0951\MPR__GradWarp__B1_Correction__N3__Scaled\2006-10-19_10_20_23.0\I64170\ADNI_052_S_0951_MR_MPR__GradWarp__B1_Correction__N3__Scaled_Br_20070802184955745_S20352_I64170.nii,1921.0,85.0
032_S_1101,Dementia,2,bl,2006-12-04,Female,12.0,Not Hispanic or Latino,White,26.0,3.0,C:\Users\arine\Downloads\ADNI1_Complete_1Yr_1.5T\ADNI\032_S_1101\MPR____N3__Scaled\2006-11-21_11_41_21.0\I63442\ADNI_032_S_1101_MR_MPR____N3__Scaled_Br_20070731180142730_S22783_I63442.nii,1935.0,71.0
012_S_1033,MCI,1,bl,2006-12-05,Female,18.0,Not Hispanic or Latino,White,28.0,2.0,C:\Users\arine\Downloads\ADNI1_Complete_1Yr_1.5T\ADNI\012_S_1033\MPR____N3__Scaled\2006-11-16_14_06_09.0\I59219\ADNI_012_S_1033_MR_MPR____N3__Scaled_Br_20070711170547643_S22635_I59219.nii,1933.0,73.0
033_S_1098,CN,0,bl,2006-12-04,Female,15.0,Not Hispanic or Latino,White,29.0,0.0,C:\Users\arine\Downloads\ADNI1_Complete_1Yr_1.5T\ADNI\033_S_1098\MPR-R__GradWarp__B1_Correction__N3__Scaled\2006-11-21_13_38_28.0\I42832\ADNI_033_S_1098_MR_MPR-R__GradWarp__B1_Correction__N3__Scaled_Br_20070306095352673_S22792_I42832.nii,1934.0,72.0
033_S_1098,CN,0,bl,2006-12-04,Female,15.0,Not Hispanic or Latino,White,29.0,0.0,C:\Users\arine\Downloads\ADNI1_Complete_1Yr_1.5T\ADNI\033_S_1098\MPR-R__GradWarp__B1_Correction__N3__Scaled\2006-11-21_13_38_28.0\I42832\ADNI_033_S_1098_MR_MPR-R__GradWarp__B1_Correction__N3__Scaled_Br_20070306095352673_S22792_I42832.nii,1934.0,72.0
033_S_1098,CN,0,bl,2006-12-04,Female,15.0,Not Hispanic or Latino,White,29.0,0.0,C:\Users\arine\Downloads\ADNI1_Complete_1Yr_1.5T\ADNI\033_S_1098\MPR-R__GradWarp__B1_Correction__N3__Scaled\2006-11-21_13_38_28.0\I42832\ADNI_033_S_1098_MR_MPR-R__GradWarp__B1_Correction__N3__Scaled_Br_20070306095352673_S22792_I42832.nii,,75.71323529411765
033_S_1098,CN,0,bl,2006-12-04,Female,15.0,Not Hispanic or Latino,White,29.0,0.0,C:\Users\arine\Downloads\ADNI1_Complete_1Yr_1.5T\ADNI\033_S_1098\MPR-R__GradWarp__B1_Correction__N3__Scaled\2006-11-21_13_38_28.0\I42832\ADNI_033_S_1098_MR_MPR-R__GradWarp__B1_Correction__N3__Scaled_Br_20070306095352673_S22792_I42832.nii,1934.0,72.0
033_S_1116,MCI,1,bl,2006-12-04,Male,18.0,Not Hispanic or Latino,White,27.0,1.0,C:\Users\arine\Downloads\ADNI1_Complete_1Yr_1.5T\ADNI\033_S_1116\MPR__GradWarp__B1_Correction__N3__Scaled\2006-11-21_14_12_48.0\I42844\ADNI_033_S_1116_MR_MPR__GradWarp__B1_Correction__N3__Scaled_Br_20070306101437636_S22799_I42844.nii,1923.0,83.0
033_S_1116,MCI,1,bl,2006-12-04,Male,18.0,Not Hispanic or Latino,White,27.0,1.0,C:\Users\arine\Downloads\ADNI1_Complete_1Yr_1.5T\ADNI\033_S_1116\MPR__GradWarp__B1_Correction__N3__Scaled\2006-11-21_14_12_48.0\I42844\ADNI_033_S_1116_MR_MPR__GradWarp__B1_Correction__N3__Scaled_Br_20070306101437636_S22799_I42844.nii,1923.0,83.0
033_S_1116,MCI,1,bl,2006-12-04,Male,18.0,Not Hispanic or Latino,White,27.0,1.0,C:\Users\arine\Downloads\ADNI1_Complete_1Yr_1.5T\ADNI\033_S_1116\MPR__GradWarp__B1_Correction__N3__Scaled\2006-11-21_14_12_48.0\I42844\ADNI_033_S_1116_MR_MPR__GradWarp__B1_Correction__N3__Scaled_Br_20070306101437636_S22799_I42844.nii,,75.05882352941177
033_S_1116,MCI,1,bl,2006-12-04,Male,18.0,Not Hispanic or Latino,White,27.0,1.0,C:\Users\arine\Downloads\ADNI1_Complete_1Yr_1.5T\ADNI\033_S_1116\MPR__GradWarp__B1_Correction__N3__Scaled\2006-11-21_14_12_48.0\I42844\ADNI_033_S_1116_MR_MPR__GradWarp__B1_Correction__N3__Scaled_Br_20070306101437636_S22799_I42844.nii,1923.0,83.0
035_S_0555,CN,0,bl,2006-12-05,Male,16.0,Not Hispanic or Latino,White,28.0,0.0,C:\Users\arine\Downloads\ADNI1_Complete_1Yr_1.5T\ADNI\035_S_0555\MPR-R__GradWarp__B1_Correction__N3__Scaled\2006-11-14_07_30_48.0\I39614\ADNI_035_S_0555_MR_MPR-R__GradWarp__B1_Correction__N3__Scaled_Br_20070212231251579_S22440_I39614.nii,1929.0,77.0
035_S_0555,CN,0,bl,2006-12-05,Male,16.0,Not Hispanic or Latino,White,28.0,0.0,C:\Users\arine\Downloads\ADNI1_Complete_1Yr_1.5T\ADNI\035_S_0555\MPR-R__GradWarp__B1_Correction__N3__Scaled\2006-11-14_07_30_48.0\I39614\ADNI_035_S_0555_MR_MPR-R__GradWarp__B1_Correction__N3__Scaled_Br_20070212231251579_S22440_I39614.nii,1929.0,77.0
035_S_0555,CN,0,bl,2006-12-05,Male,16.0,Not Hispanic or Latino,White,28.0,0.0,C:\Users\arine\Downloads\ADNI1_Complete_1Yr_1.5T\ADNI\035_S_0555\MPR-R__GradWarp__B1_Correction__N3__Scaled\2006-11-14_07_30_48.0\I39614\ADNI_035_S_0555_MR_MPR-R__GradWarp__B1_Correction__N3__Scaled_Br_20070212231251579_S22440_I39614.nii,,75.71323529411765
035_S_0555,CN,0,bl,2006-12-05,Male,16.0,Not Hispanic or Latino,White,28.0,0.0,C:\Users\arine\Downloads\ADNI1_Complete_1Yr_1.5T\ADNI\035_S_0555\MPR-R__GradWarp__B1_Correction__N3__Scaled\2006-11-14_07_30_48.0\I39614\ADNI_035_S_0555_MR_MPR-R__GradWarp__B1_Correction__N3__Scaled_Br_20070212231251579_S22440_I39614.nii,1929.0,77.0
029_S_1073,MCI,1,bl,2006-12-07,Female,18.0,Not Hispanic or Latino,White,27.0,2.0,C:\Users\arine\Downloads\ADNI1_Complete_1Yr_1.5T\ADNI\029_S_1073\MPR__GradWarp__B1_Correction__N3__Scaled\2006-11-21_11_37_46.0\I65022\ADNI_029_S_1073_MR_MPR__GradWarp__B1_Correction__N3__Scaled_Br_20070806124421887_S22828_I65022.nii,1941.0,65.0
114_S_1103,MCI,1,bl,2006-12-08,Male,18.0,Not Hispanic or Latino,White,27.0,2.0,C:\Users\arine\Downloads\ADNI1_Complete_1Yr_1.5T\ADNI\114_S_1103\MPR__GradWarp__B1_Correction__N3__Scaled\2006-11-29_16_21_07.0\I49757\ADNI_114_S_1103_MR_MPR__GradWarp__B1_Correction__N3__Scaled_Br_20070419174713695_S23239_I49757.nii,1923.0,83.0
062_S_1099,CN,0,bl,2006-12-04,Female,15.0,Not Hispanic or Latino,Black or African American,29.0,0.5,C:\Users\arine\Downloads\ADNI1_Complete_1Yr_1.5T\ADNI\062_S_1099\MPR__GradWarp__B1_Correction__N3__Scaled\2006-11-20_14_25_07.0\I50557\ADNI_062_S_1099_MR_MPR__GradWarp__B1_Correction__N3__Scaled_Br_20070424130119480_S22713_I50557.nii,1927.0,79.0
011_S_1080,MCI,1,bl,2006-12-08,Male,19.0,Not Hispanic or Latino,White,28.0,1.5,C:\Users\arine\Downloads\ADNI1_Complete_1Yr_1.5T\ADNI\011_S_1080\MPR__GradWarp__B1_Correction__N3__Scaled\2006-11-22_15_57_48.0\I35591\ADNI_011_S_1080_MR_MPR__GradWarp__B1_Correction__N3__Scaled_Br_20070109192452043_S23159_I35591.nii,1925.0,81.0
011_S_1080,MCI,1,bl,2006-12-08,Male,19.0,Not Hispanic or Latino,White,28.0,1.5,C:\Users\arine\Downloads\ADNI1_Complete_1Yr_1.5T\ADNI\011_S_1080\MPR__GradWarp__B1_Correction__N3__Scaled\2006-11-22_15_57_48.0\I35591\ADNI_011_S_1080_MR_MPR__GradWarp__B1_Correction__N3__Scaled_Br_20070109192452043_S23159_I35591.nii,1925.0,81.0
011_S_1080,MCI,1,bl,2006-12-08,Male,19.0,Not Hispanic or Latino,White,28.0,1.5,C:\Users\arine\Downloads\ADNI1_Complete_1Yr_1.5T\ADNI\011_S_1080\MPR__GradWarp__B1_Correction__N3__Scaled\2006-11-22_15_57_48.0\I35591\ADNI_011_S_1080_MR_MPR__GradWarp__B1_Correction__N3__Scaled_Br_20070109192452043_S23159_I35591.nii,,75.05882352941177
011_S_1080,MCI,1,bl,2006-12-08,Male,19.0,Not Hispanic or Latino,White,28.0,1.5,C:\Users\arine\Downloads\ADNI1_Complete_1Yr_1.5T\ADNI\011_S_1080\MPR__GradWarp__B1_Correction__N3__Scaled\2006-11-22_15_57_48.0\I35591\ADNI_011_S_1080_MR_MPR__GradWarp__B1_Correction__N3__Scaled_Br_20070109192452043_S23159_I35591.nii,1925.0,81.0
014_S_1095,Dementia,2,bl,2006-12-12,Female,12.0,Not Hispanic or Latino,White,25.0,6.5,C:\Users\arine\Downloads\ADNI1_Complete_1Yr_1.5T\ADNI\014_S_1095\MPR__GradWarp__B1_Correction__N3__Scaled\2006-12-03_09_03_16.0\I45740\ADNI_014_S_1095_MR_MPR__GradWarp__B1_Correction__N3__Scaled_Br_20070320181218511_S23323_I45740.nii,1926.0,80.0
114_S_1106,MCI,1,bl,2006-12-12,Female,18.0,Not Hispanic or Latino,White,30.0,0.5,C:\Users\arine\Downloads\ADNI1_Complete_1Yr_1.5T\ADNI\114_S_1106\MPR__GradWarp__B1_Correction__N3__Scaled\2006-11-21_16_03_43.0\I49910\ADNI_114_S_1106_MR_MPR__GradWarp__B1_Correction__N3__Scaled_Br_20070420164415238_S22859_I49910.nii,1932.0,74.0
114_S_1106,MCI,1,bl,2006-12-12,Female,18.0,Not Hispanic or Latino,White,30.0,0.5,C:\Users\arine\Downloads\ADNI1_Complete_1Yr_1.5T\ADNI\114_S_1106\MPR__GradWarp__B1_Correction__N3__Scaled\2006-11-21_16_03_43.0\I49910\ADNI_114_S_1106_MR_MPR__GradWarp__B1_Correction__N3__Scaled_Br_20070420164415238_S22859_I49910.nii,1932.0,74.0
036_S_1001,Dementia,2,bl,2006-11-29,Male,14.0,Not Hispanic or Latino,Black or African American,22.0,4.5,C:\Users\arine\Downloads\ADNI1_Complete_1Yr_1.5T\ADNI\036_S_1001\MPR__GradWarp__B1_Correction__N3__Scaled\2006-11-20_09_47_56.0\I38661\ADNI_036_S_1001_MR_MPR__GradWarp__B1_Correction__N3__Scaled_Br_20070209145840163_S22691_I38661.nii,1937.0,69.0
027_S_1082,Dementia,2,bl,2006-12-06,Female,13.0,Not Hispanic or Latino,White,22.0,6.0,C:\Users\arine\Downloads\ADNI1_Complete_1Yr_1.5T\ADNI\027_S_1082\MPR-R__GradWarp__B1_Correction__N3__Scaled\2006-11-27_15_03_41.0\I47204\ADNI_027_S_1082_MR_MPR-R__GradWarp__B1_Correction__N3__Scaled_Br_20070327161431010_S22938_I47204.nii,1937.0,69.0
029_S_1056,Dementia,2,bl,2006-12-13,Female,13.0,Not Hispanic or Latino,White,23.0,5.0,C:\Users\arine\Downloads\ADNI1_Complete_1Yr_1.5T\ADNI\029_S_1056\MPR-R__GradWarp__B1_Correction__N3__Scaled\2006-11-27_13_50_21.0\I60741\ADNI_029_S_1056_MR_MPR-R__GradWarp__B1_Correction__N3__Scaled_Br_20070718151433161_S22977_I60741.nii,1935.0,71.0
137_S_0973,MCI,1,bl,2006-12-12,Male,20.0,Not Hispanic or Latino,White,28.0,2.0,C:\Users\arine\Downloads\ADNI1_Complete_1Yr_1.5T\ADNI\137_S_0973\MPR__GradWarp__N3__Scaled\2006-11-15_11_17_44.0\I43060\ADNI_137_S_0973_MR_MPR__GradWarp__N3__Scaled_Br_20070306184943514_S22528_I43060.nii,1930.0,76.0
137_S_0973,MCI,1,bl,2006-12-12,Male,20.0,Not Hispanic or Latino,White,28.0,2.0,C:\Users\arine\Downloads\ADNI1_Complete_1Yr_1.5T\ADNI\137_S_0973\MPR__GradWarp__N3__Scaled\2006-11-15_11_17_44.0\I43060\ADNI_137_S_0973_MR_MPR__GradWarp__N3__Scaled_Br_20070306184943514_S22528_I43060.nii,,75.05882352941177
137_S_0973,MCI,1,bl,2006-12-12,Male,20.0,Not Hispanic or Latino,White,28.0,2.0,C:\Users\arine\Downloads\ADNI1_Complete_1Yr_1.5T\ADNI\137_S_0973\MPR__GradWarp__N3__Scaled\2006-11-15_11_17_44.0\I43060\ADNI_137_S_0973_MR_MPR__GradWarp__N3__Scaled_Br_20070306184943514_S22528_I43060.nii,1930.0,76.0
137_S_0973,MCI,1,bl,2006-12-12,Male,20.0,Not Hispanic or Latino,White,28.0,2.0,C:\Users\arine\Downloads\ADNI1_Complete_1Yr_1.5T\ADNI\137_S_0973\MPR__GradWarp__N3__Scaled\2006-11-15_11_17_44.0\I43060\ADNI_137_S_0973_MR_MPR__GradWarp__N3__Scaled_Br_20070306184943514_S22528_I43060.nii,,75.05882352941177
033_S_1086,CN,0,bl,2006-12-13,Male,20.0,Not Hispanic or Latino,White,29.0,0.0,C:\Users\arine\Downloads\ADNI1_Complete_1Yr_1.5T\ADNI\033_S_1086\MPR__GradWarp__B1_Correction__N3__Scaled\2006-12-06_16_24_03.0\I42785\ADNI_033_S_1086_MR_MPR__GradWarp__B1_Correction__N3__Scaled_Br_20070306090420483_S23547_I42785.nii,1925.0,81.0
013_S_1035,CN,0,bl,2006-12-04,Male,20.0,Not Hispanic or Latino,White,30.0,0.0,C:\Users\arine\Downloads\ADNI1_Complete_1Yr_1.5T\ADNI\013_S_1035\MPR__GradWarp__B1_Correction__N3__Scaled\2006-11-02_10_59_41.0\I51165\ADNI_013_S_1035_MR_MPR__GradWarp__B1_Correction__N3__Scaled_Br_20070426091804212_S21984_I51165.nii,1919.0,87.0
141_S_1094,CN,0,bl,2006-12-15,Male,20.0,Not Hispanic or Latino,White,30.0,0.0,C:\Users\arine\Downloads\ADNI1_Complete_1Yr_1.5T\ADNI\141_S_1094\MPR__GradWarp__B1_Correction__N3__Scaled\2006-11-21_15_34_30.0\I47732\ADNI_141_S_1094_MR_MPR__GradWarp__B1_Correction__N3__Scaled_Br_20070402175441620_S23294_I47732.nii,1930.0,76.0
141_S_0982,MCI,1,bl,2006-11-06,Female,16.0,Not Hispanic or Latino,White,26.0,0.5,C:\Users\arine\Downloads\ADNI1_Complete_1Yr_1.5T\ADNI\141_S_0982\MPR__GradWarp__B1_Correction__N3__Scaled\2006-11-15_11_16_26.0\I47703\ADNI_141_S_0982_MR_MPR__GradWarp__B1_Correction__N3__Scaled_Br_20070402171730196_S22644_I47703.nii,1926.0,80.0
127_S_1032,MCI,1,bl,2006-12-19,Male,18.0,Not Hispanic or Latino,White,27.0,3.0,C:\Users\arine\Downloads\ADNI1_Complete_1Yr_1.5T\ADNI\127_S_1032\MPR-R__GradWarp__B1_Correction__N3__Scaled\2006-11-08_14_10_18.0\I63632\ADNI_127_S_1032_MR_MPR-R__GradWarp__B1_Correction__N3__Scaled_Br_20070731205903851_S22259_I63632.nii,1922.0,84.0
127_S_1032,MCI,1,bl,2006-12-19,Male,18.0,Not Hispanic or Latino,White,27.0,3.0,C:\Users\arine\Downloads\ADNI1_Complete_1Yr_1.5T\ADNI\127_S_1032\MPR-R__GradWarp__B1_Correction__N3__Scaled\2006-11-08_14_10_18.0\I63632\ADNI_127_S_1032_MR_MPR-R__GradWarp__B1_Correction__N3__Scaled_Br_20070731205903851_S22259_I63632.nii,1922.0,84.0
127_S_1032,MCI,1,bl,2006-12-19,Male,18.0,Not Hispanic or Latino,White,27.0,3.0,C:\Users\arine\Downloads\ADNI1_Complete_1Yr_1.5T\ADNI\127_S_1032\MPR-R__GradWarp__B1_Correction__N3__Scaled\2006-11-08_14_10_18.0\I63632\ADNI_127_S_1032_MR_MPR-R__GradWarp__B1_Correction__N3__Scaled_Br_20070731205903851_S22259_I63632.nii,1922.0,84.0
141_S_1052,MCI,1,bl,2006-11-30,Female,8.0,Not Hispanic or Latino,White,26.0,1.5,C:\Users\arine\Downloads\ADNI1_Complete_1Yr_1.5T\ADNI\141_S_1052\MPR__GradWarp__B1_Correction__N3__Scaled\2006-11-26_14_38_02.0\I47722\ADNI_141_S_1052_MR_MPR__GradWarp__B1_Correction__N3__Scaled_Br_20070402174139992_S22923_I47722.nii,1937.0,69.0
141_S_1052,MCI,1,bl,2006-11-30,Female,8.0,Not Hispanic or Latino,White,26.0,1.5,C:\Users\arine\Downloads\ADNI1_Complete_1Yr_1.5T\ADNI\141_S_1052\MPR__GradWarp__B1_Correction__N3__Scaled\2006-11-26_14_38_02.0\I47722\ADNI_141_S_1052_MR_MPR__GradWarp__B1_Correction__N3__Scaled_Br_20070402174139992_S22923_I47722.nii,1937.0,69.0
141_S_1052,MCI,1,bl,2006-11-30,Female,8.0,Not Hispanic or Latino,White,26.0,1.5,C:\Users\arine\Downloads\ADNI1_Complete_1Yr_1.5T\ADNI\141_S_1052\MPR__GradWarp__B1_Correction__N3__Scaled\2006-11-26_14_38_02.0\I47722\ADNI_141_S_1052_MR_MPR__GradWarp__B1_Correction__N3__Scaled_Br_20070402174139992_S22923_I47722.nii,1937.0,69.0
016_S_1117,MCI,1,bl,2006-12-11,Female,18.0,Hispanic or Latino,White,26.0,2.0,C:\Users\arine\Downloads\ADNI1_Complete_1Yr_1.5T\ADNI\016_S_1117\MPR__GradWarp__B1_Correction__N3__Scaled\2006-12-01_14_49_22.0\I46384\ADNI_016_S_1117_MR_MPR__GradWarp__B1_Correction__N3__Scaled_Br_20070322173101235_S23327_I46384.nii,1937.0,69.0
016_S_1117,MCI,1,bl,2006-12-11,Female,18.0,Hispanic or Latino,White,26.0,2.0,C:\Users\arine\Downloads\ADNI1_Complete_1Yr_1.5T\ADNI\016_S_1117\MPR__GradWarp__B1_Correction__N3__Scaled\2006-12-01_14_49_22.0\I46384\ADNI_016_S_1117_MR_MPR__GradWarp__B1_Correction__N3__Scaled_Br_20070322173101235_S23327_I46384.nii,1937.0,69.0
016_S_1117,MCI,1,bl,2006-12-11,Female,18.0,Hispanic or Latino,White,26.0,2.0,C:\Users\arine\Downloads\ADNI1_Complete_1Yr_1.5T\ADNI\016_S_1117\MPR__GradWarp__B1_Correction__N3__Scaled\2006-12-01_14_49_22.0\I46384\ADNI_016_S_1117_MR_MPR__GradWarp__B1_Correction__N3__Scaled_Br_20070322173101235_S23327_I46384.nii,,75.05882352941177
016_S_1117,MCI,1,bl,2006-12-11,Female,18.0,Hispanic or Latino,White,26.0,2.0,C:\Users\arine\Downloads\ADNI1_Complete_1Yr_1.5T\ADNI\016_S_1117\MPR__GradWarp__B1_Correction__N3__Scaled\2006-12-01_14_49_22.0\I46384\ADNI_016_S_1117_MR_MPR__GradWarp__B1_Correction__N3__Scaled_Br_20070322173101235_S23327_I46384.nii,1937.0,69.0
137_S_1041,Dementia,2,bl,2006-12-20,Male,18.0,Not Hispanic or Latino,White,22.0,3.5,C:\Users\arine\Downloads\ADNI1_Complete_1Yr_1.5T\ADNI\137_S_1041\MPR-R__GradWarp__N3__Scaled\2006-11-09_09_35_11.0\I43071\ADNI_137_S_1041_MR_MPR-R__GradWarp__N3__Scaled_Br_20070306190902216_S22310_I43071.nii,1935.0,71.0
137_S_0994,MCI,1,bl,2006-12-20,Female,18.0,Not Hispanic or Latino,White,27.0,2.0,C:\Users\arine\Downloads\ADNI1_Complete_1Yr_1.5T\ADNI\137_S_0994\MPR__GradWarp__N3__Scaled\2006-11-01_12_32_28.0\I45943\ADNI_137_S_0994_MR_MPR__GradWarp__N3__Scaled_Br_20070321183202681_S21634_I45943.nii,1951.0,55.0
137_S_0994,MCI,1,bl,2006-12-20,Female,18.0,Not Hispanic or Latino,White,27.0,2.0,C:\Users\arine\Downloads\ADNI1_Complete_1Yr_1.5T\ADNI\137_S_0994\MPR__GradWarp__N3__Scaled\2006-11-01_12_32_28.0\I45943\ADNI_137_S_0994_MR_MPR__GradWarp__N3__Scaled_Br_20070321183202681_S21634_I45943.nii,1951.0,55.0
137_S_0994,MCI,1,bl,2006-12-20,Female,18.0,Not Hispanic or Latino,White,27.0,2.0,C:\Users\arine\Downloads\ADNI1_Complete_1Yr_1.5T\ADNI\137_S_0994\MPR__GradWarp__N3__Scaled\2006-11-01_12_32_28.0\I45943\ADNI_137_S_0994_MR_MPR__GradWarp__N3__Scaled_Br_20070321183202681_S21634_I45943.nii,1951.0,55.0
073_S_0518,MCI,1,bl,2006-12-21,Male,20.0,Not Hispanic or Latino,White,29.0,3.0,C:\Users\arine\Downloads\ADNI1_Complete_1Yr_1.5T\ADNI\073_S_0518\MPR__GradWarp__B1_Correction__N3__Scaled\2006-09-11_14_16_35.0\I39909\ADNI_073_S_0518_MR_MPR__GradWarp__B1_Correction__N3__Scaled_Br_20070213211806847_S18797_I39909.nii,1937.0,69.0
021_S_0984,CN,0,bl,2006-12-21,Male,14.0,Not Hispanic or Latino,White,30.0,0.0,C:\Users\arine\Downloads\ADNI1_Complete_1Yr_1.5T\ADNI\021_S_0984\MPR__GradWarp__N3__Scaled\2006-10-23_08_45_39.0\I33476\ADNI_021_S_0984_MR_MPR__GradWarp__N3__Scaled_Br_20061217135011341_S20680_I33476.nii,1930.0,76.0
021_S_0984,CN,0,bl,2006-12-21,Male,14.0,Not Hispanic or Latino,White,30.0,0.0,C:\Users\arine\Downloads\ADNI1_Complete_1Yr_1.5T\ADNI\021_S_0984\MPR__GradWarp__N3__Scaled\2006-10-23_08_45_39.0\I33476\ADNI_021_S_0984_MR_MPR__GradWarp__N3__Scaled_Br_20061217135011341_S20680_I33476.nii,1930.0,76.0
021_S_0984,CN,0,bl,2006-12-21,Male,14.0,Not Hispanic or Latino,White,30.0,0.0,C:\Users\arine\Downloads\ADNI1_Complete_1Yr_1.5T\ADNI\021_S_0984\MPR__GradWarp__N3__Scaled\2006-10-23_08_45_39.0\I33476\ADNI_021_S_0984_MR_MPR__GradWarp__N3__Scaled_Br_20061217135011341_S20680_I33476.nii,,75.71323529411765
021_S_0984,CN,0,bl,2006-12-21,Male,14.0,Not Hispanic or Latino,White,30.0,0.0,C:\Users\arine\Downloads\ADNI1_Complete_1Yr_1.5T\ADNI\021_S_0984\MPR__GradWarp__N3__Scaled\2006-10-23_08_45_39.0\I33476\ADNI_021_S_0984_MR_MPR__GradWarp__N3__Scaled_Br_20061217135011341_S20680_I33476.nii,1930.0,76.0
029_S_0999,Dementia,2,bl,2006-12-21,Male,12.0,Not Hispanic or Latino,White,25.0,4.0,C:\Users\arine\Downloads\ADNI1_Complete_1Yr_1.5T\ADNI\029_S_0999\MPR-R__GradWarp__B1_Correction__N3__Scaled\2006-11-30_11_19_54.0\I64898\ADNI_029_S_0999_MR_MPR-R__GradWarp__B1_Correction__N3__Scaled_Br_20070805144703422_S23248_I64898.nii,1936.0,70.0
109_S_0967,CN,0,bl,2006-12-12,Male,20.0,Not Hispanic or Latino,Black or African American,30.0,0.0,C:\Users\arine\Downloads\ADNI1_Complete_1Yr_1.5T\ADNI\109_S_0967\MPR__GradWarp__B1_Correction__N3__Scaled\2006-10-23_12_38_04.0\I55044\ADNI_109_S_0967_MR_MPR__GradWarp__B1_Correction__N3__Scaled_Br_20070522145149687_S21137_I55044.nii,1929.0,77.0
002_S_1018,Dementia,2,bl,2006-12-27,Female,13.0,Not Hispanic or Latino,White,26.0,3.0,C:\Users\arine\Downloads\ADNI1_Complete_1Yr_1.5T\ADNI\002_S_1018\MPR__GradWarp__B1_Correction__N3__Scaled\2006-11-29_10_00_05.0\I40817\ADNI_002_S_1018_MR_MPR__GradWarp__B1_Correction__N3__Scaled_Br_20070217030439623_S23128_I40817.nii,1936.0,70.0
130_S_0969,CN,0,bl,2006-11-03,Male,18.0,Not Hispanic or Latino,White,29.0,0.0,C:\Users\arine\Downloads\ADNI1_Complete_1Yr_1.5T\ADNI\130_S_0969\MPR-R__GradWarp__B1_Correction__N3__Scaled\2006-10-18_15_46_43.0\I39275\ADNI_130_S_0969_MR_MPR-R__GradWarp__B1_Correction__N3__Scaled_Br_20070211000635226_S20385_I39275.nii,1936.0,70.0
130_S_0969,CN,0,bl,2006-11-03,Male,18.0,Not Hispanic or Latino,White,29.0,0.0,C:\Users\arine\Downloads\ADNI1_Complete_1Yr_1.5T\ADNI\130_S_0969\MPR-R__GradWarp__B1_Correction__N3__Scaled\2006-10-18_15_46_43.0\I39275\ADNI_130_S_0969_MR_MPR-R__GradWarp__B1_Correction__N3__Scaled_Br_20070211000635226_S20385_I39275.nii,,75.71323529411765
130_S_0969,CN,0,bl,2006-11-03,Male,18.0,Not Hispanic or Latino,White,29.0,0.0,C:\Users\arine\Downloads\ADNI1_Complete_1Yr_1.5T\ADNI\130_S_0969\MPR-R__GradWarp__B1_Correction__N3__Scaled\2006-10-18_15_46_43.0\I39275\ADNI_130_S_0969_MR_MPR-R__GradWarp__B1_Correction__N3__Scaled_Br_20070211000635226_S20385_I39275.nii,1936.0,70.0
114_S_1118,MCI,1,bl,2007-01-03,Male,12.0,Not Hispanic or Latino,White,27.0,2.0,C:\Users\arine\Downloads\ADNI1_Complete_1Yr_1.5T\ADNI\114_S_1118\MPR__GradWarp__B1_Correction__N3__Scaled\2006-12-08_14_07_46.0\I49768\ADNI_114_S_1118_MR_MPR__GradWarp__B1_Correction__N3__Scaled_Br_20070419175332440_S23803_I49768.nii,1924.0,83.0
114_S_1118,MCI,1,bl,2007-01-03,Male,12.0,Not Hispanic or Latino,White,27.0,2.0,C:\Users\arine\Downloads\ADNI1_Complete_1Yr_1.5T\ADNI\114_S_1118\MPR__GradWarp__B1_Correction__N3__Scaled\2006-12-08_14_07_46.0\I49768\ADNI_114_S_1118_MR_MPR__GradWarp__B1_Correction__N3__Scaled_Br_20070419175332440_S23803_I49768.nii,1924.0,83.0
002_S_1070,MCI,1,bl,2006-12-27,Male,14.0,Not Hispanic or Latino,White,25.0,2.5,C:\Users\arine\Downloads\ADNI1_Complete_1Yr_1.5T\ADNI\002_S_1070\MPR__GradWarp__B1_Correction__N3__Scaled\2006-11-28_10_01_04.0\I40831\ADNI_002_S_1070_MR_MPR__GradWarp__B1_Correction__N3__Scaled_Br_20070217032644901_S23120_I40831.nii,1933.0,73.0
013_S_1120,MCI,1,bl,2007-01-04,Female,20.0,Not Hispanic or Latino,White,29.0,1.0,C:\Users\arine\Downloads\ADNI1_Complete_1Yr_1.5T\ADNI\013_S_1120\MPR__GradWarp__B1_Correction__N3__Scaled\2006-11-22_11_19_20.0\I51494\ADNI_013_S_1120_MR_MPR__GradWarp__B1_Correction__N3__Scaled_Br_20070426171701271_S22815_I51494.nii,1929.0,78.0
036_S_1023,CN,0,bl,2007-01-05,Female,18.0,Not Hispanic or Latino,White,27.0,0.0,C:\Users\arine\Downloads\ADNI1_Complete_1Yr_1.5T\ADNI\036_S_1023\MPR-R__GradWarp__B1_Correction__N3__Scaled\2006-12-20_09_43_28.0\I65104\ADNI_036_S_1023_MR_MPR-R__GradWarp__B1_Correction__N3__Scaled_Br_20070806143820211_S24338_I65104.nii,1929.0,78.0
036_S_1023,CN,0,bl,2007-01-05,Female,18.0,Not Hispanic or Latino,White,27.0,0.0,C:\Users\arine\Downloads\ADNI1_Complete_1Yr_1.5T\ADNI\036_S_1023\MPR-R__GradWarp__B1_Correction__N3__Scaled\2006-12-20_09_43_28.0\I65104\ADNI_036_S_1023_MR_MPR-R__GradWarp__B1_Correction__N3__Scaled_Br_20070806143820211_S24338_I65104.nii,1929.0,78.0
036_S_1023,CN,0,bl,2007-01-05,Female,18.0,Not Hispanic or Latino,White,27.0,0.0,C:\Users\arine\Downloads\ADNI1_Complete_1Yr_1.5T\ADNI\036_S_1023\MPR-R__GradWarp__B1_Correction__N3__Scaled\2006-12-20_09_43_28.0\I65104\ADNI_036_S_1023_MR_MPR-R__GradWarp__B1_Correction__N3__Scaled_Br_20070806143820211_S24338_I65104.nii,1929.0,78.0
141_S_1152,Dementia,2,bl,2007-01-08,Female,8.0,Not Hispanic or Latino,White,23.0,5.0,C:\Users\arine\Downloads\ADNI1_Complete_1Yr_1.5T\ADNI\141_S_1152\MPR__GradWarp__B1_Correction__N3__Scaled\2006-12-26_15_23_11.0\I48590\ADNI_141_S_1152_MR_MPR__GradWarp__B1_Correction__N3__Scaled_Br_20070411123107490_S24487_I48590.nii,1935.0,72.0
010_S_0904,MCI,1,bl,2006-12-19,Male,16.0,Not Hispanic or Latino,White,24.0,1.5,C:\Users\arine\Downloads\ADNI1_Complete_1Yr_1.5T\ADNI\010_S_0904\MPR____N3__Scaled\2006-12-07_14_29_23.0\I63357\ADNI_010_S_0904_MR_MPR____N3__Scaled_Br_20070731163807463_S23759_I63357.nii,1922.0,84.0
141_S_1137,Dementia,2,bl,2006-12-29,Female,18.0,Not Hispanic or Latino,White,24.0,4.5,C:\Users\arine\Downloads\ADNI1_Complete_1Yr_1.5T\ADNI\141_S_1137\MPR__GradWarp__B1_Correction__N3__Scaled\2006-12-19_16_13_22.0\I48581\ADNI_141_S_1137_MR_MPR__GradWarp__B1_Correction__N3__Scaled_Br_20070411122437840_S24301_I48581.nii,1925.0,81.0
141_S_1137,Dementia,2,bl,2006-12-29,Female,18.0,Not Hispanic or Latino,White,24.0,4.5,C:\Users\arine\Downloads\ADNI1_Complete_1Yr_1.5T\ADNI\141_S_1137\MPR__GradWarp__B1_Correction__N3__Scaled\2006-12-19_16_13_22.0\I48581\ADNI_141_S_1137_MR_MPR__GradWarp__B1_Correction__N3__Scaled_Br_20070411122437840_S24301_I48581.nii,,74.94117647058823
002_S_1155,MCI,1,bl,2007-01-10,Male,20.0,Not Hispanic or Latino,White,28.0,1.5,C:\Users\arine\Downloads\ADNI1_Complete_1Yr_1.5T\ADNI\002_S_1155\MPR__GradWarp__B1_Correction__N3__Scaled\2006-12-14_07_34_52.0\I40845\ADNI_002_S_1155_MR_MPR__GradWarp__B1_Correction__N3__Scaled_Br_20070217034919863_S24144_I40845.nii,1949.0,58.0
002_S_1155,MCI,1,bl,2007-01-10,Male,20.0,Not Hispanic or Latino,White,28.0,1.5,C:\Users\arine\Downloads\ADNI1_Complete_1Yr_1.5T\ADNI\002_S_1155\MPR__GradWarp__B1_Correction__N3__Scaled\2006-12-14_07_34_52.0\I40845\ADNI_002_S_1155_MR_MPR__GradWarp__B1_Correction__N3__Scaled_Br_20070217034919863_S24144_I40845.nii,1949.0,58.0
002_S_1155,MCI,1,bl,2007-01-10,Male,20.0,Not Hispanic or Latino,White,28.0,1.5,C:\Users\arine\Downloads\ADNI1_Complete_1Yr_1.5T\ADNI\002_S_1155\MPR__GradWarp__B1_Correction__N3__Scaled\2006-12-14_07_34_52.0\I40845\ADNI_002_S_1155_MR_MPR__GradWarp__B1_Correction__N3__Scaled_Br_20070217034919863_S24144_I40845.nii,1949.0,58.0
002_S_1155,MCI,1,bl,2007-01-10,Male,20.0,Not Hispanic or Latino,White,28.0,1.5,C:\Users\arine\Downloads\ADNI1_Complete_1Yr_1.5T\ADNI\002_S_1155\MPR__GradWarp__B1_Correction__N3__Scaled\2006-12-14_07_34_52.0\I40845\ADNI_002_S_1155_MR_MPR__GradWarp__B1_Correction__N3__Scaled_Br_20070217034919863_S24144_I40845.nii,1949.0,58.0
021_S_1109,Dementia,2,bl,2007-01-11,Female,17.0,Not Hispanic or Latino,White,21.0,5.0,C:\Users\arine\Downloads\ADNI1_Complete_1Yr_1.5T\ADNI\021_S_1109\MPR__GradWarp__N3__Scaled\2006-12-05_14_24_09.0\I62695\ADNI_021_S_1109_MR_MPR__GradWarp__N3__Scaled_Br_20070727185946236_S23446_I62695.nii,1929.0,78.0
032_S_1169,CN,0,bl,2007-01-11,Female,18.0,Not Hispanic or Latino,White,30.0,0.0,C:\Users\arine\Downloads\ADNI1_Complete_1Yr_1.5T\ADNI\032_S_1169\MPR-R____N3__Scaled\2006-12-21_08_59_25.0\I65052\ADNI_032_S_1169_MR_MPR-R____N3__Scaled_Br_20070806134402523_S24442_I65052.nii,1934.0,73.0
032_S_1169,CN,0,bl,2007-01-11,Female,18.0,Not Hispanic or Latino,White,30.0,0.0,C:\Users\arine\Downloads\ADNI1_Complete_1Yr_1.5T\ADNI\032_S_1169\MPR-R____N3__Scaled\2006-12-21_08_59_25.0\I65052\ADNI_032_S_1169_MR_MPR-R____N3__Scaled_Br_20070806134402523_S24442_I65052.nii,1934.0,73.0
032_S_1169,CN,0,bl,2007-01-11,Female,18.0,Not Hispanic or Latino,White,30.0,0.0,C:\Users\arine\Downloads\ADNI1_Complete_1Yr_1.5T\ADNI\032_S_1169\MPR-R____N3__Scaled\2006-12-21_08_59_25.0\I65052\ADNI_032_S_1169_MR_MPR-R____N3__Scaled_Br_20070806134402523_S24442_I65052.nii,1934.0,73.0
137_S_0972,CN,0,bl,2007-01-11,Male,16.0,Not Hispanic or Latino,White,30.0,0.0,C:\Users\arine\Downloads\ADNI1_Complete_1Yr_1.5T\ADNI\137_S_0972\MPR__GradWarp__N3__Scaled\2006-12-04_15_01_32.0\I45933\ADNI_137_S_0972_MR_MPR__GradWarp__N3__Scaled_Br_20070321181803256_S23389_I45933.nii,1929.0,78.0
137_S_0972,CN,0,bl,2007-01-11,Male,16.0,Not Hispanic or Latino,White,30.0,0.0,C:\Users\arine\Downloads\ADNI1_Complete_1Yr_1.5T\ADNI\137_S_0972\MPR__GradWarp__N3__Scaled\2006-12-04_15_01_32.0\I45933\ADNI_137_S_0972_MR_MPR__GradWarp__N3__Scaled_Br_20070321181803256_S23389_I45933.nii,1929.0,78.0
137_S_0972,CN,0,bl,2007-01-11,Male,16.0,Not Hispanic or Latino,White,30.0,0.0,C:\Users\arine\Downloads\ADNI1_Complete_1Yr_1.5T\ADNI\137_S_0972\MPR__GradWarp__N3__Scaled\2006-12-04_15_01_32.0\I45933\ADNI_137_S_0972_MR_MPR__GradWarp__N3__Scaled_Br_20070321181803256_S23389_I45933.nii,1929.0,78.0
022_S_0961,MCI,1,bl,2007-01-12,Male,16.0,Not Hispanic or Latino,White,26.0,1.5,C:\Users\arine\Downloads\ADNI1_Complete_1Yr_1.5T\ADNI\022_S_0961\MPR-R__GradWarp__B1_Correction__N3__Scaled\2006-10-20_10_10_09.0\I59601\ADNI_022_S_0961_MR_MPR-R__GradWarp__B1_Correction__N3__Scaled_Br_20070712161422506_S20711_I59601.nii,1933.0,74.0
067_S_0607,MCI,1,bl,2006-12-05,Female,14.0,Not Hispanic or Latino,White,30.0,0.5,C:\Users\arine\Downloads\ADNI1_Complete_1Yr_1.5T\ADNI\067_S_0607\MPR__GradWarp__B1_Correction__N3__Scaled\2006-06-27_09_14_16.0\I35938\ADNI_067_S_0607_MR_MPR__GradWarp__B1_Correction__N3__Scaled_Br_20070111020124287_S15894_I35938.nii,1928.0,78.0
067_S_0607,MCI,1,bl,2006-12-05,Female,14.0,Not Hispanic or Latino,White,30.0,0.5,C:\Users\arine\Downloads\ADNI1_Complete_1Yr_1.5T\ADNI\067_S_0607\MPR__GradWarp__B1_Correction__N3__Scaled\2006-06-27_09_14_16.0\I35938\ADNI_067_S_0607_MR_MPR__GradWarp__B1_Correction__N3__Scaled_Br_20070111020124287_S15894_I35938.nii,,75.05882352941177
036_S_0976,MCI,1,bl,2007-01-09,Male,15.0,Not Hispanic or Latino,White,27.0,2.5,C:\Users\arine\Downloads\ADNI1_Complete_1Yr_1.5T\ADNI\036_S_0976\MPR__GradWarp__B1_Correction__N3__Scaled\2006-12-12_11_33_31.0\I65091\ADNI_036_S_0976_MR_MPR__GradWarp__B1_Correction__N3__Scaled_Br_20070806142519390_S23852_I65091.nii,1926.0,81.0
127_S_1140,MCI,1,bl,2007-01-16,Male,18.0,Not Hispanic or Latino,Asian,25.0,0.5,C:\Users\arine\Downloads\ADNI1_Complete_1Yr_1.5T\ADNI\127_S_1140\MPR__GradWarp__B1_Correction__N3__Scaled\2006-12-14_14_04_12.0\I63637\ADNI_127_S_1140_MR_MPR__GradWarp__B1_Correction__N3__Scaled_Br_20070731210348025_S24278_I63637.nii,1922.0,85.0
003_S_1122,MCI,1,bl,2007-01-12,Female,14.0,Hispanic or Latino,White,28.0,1.0,C:\Users\arine\Downloads\ADNI1_Complete_1Yr_1.5T\ADNI\003_S_1122\MPR__GradWarp__B1_Correction__N3__Scaled\2006-12-06_11_37_39.0\I52799\ADNI_003_S_1122_MR_MPR__GradWarp__B1_Correction__N3__Scaled_Br_20070501172757639_S23542_I52799.nii,1930.0,77.0
003_S_1122,MCI,1,bl,2007-01-12,Female,14.0,Hispanic or Latino,White,28.0,1.0,C:\Users\arine\Downloads\ADNI1_Complete_1Yr_1.5T\ADNI\003_S_1122\MPR__GradWarp__B1_Correction__N3__Scaled\2006-12-06_11_37_39.0\I52799\ADNI_003_S_1122_MR_MPR__GradWarp__B1_Correction__N3__Scaled_Br_20070501172757639_S23542_I52799.nii,,75.05882352941177
003_S_1122,MCI,1,bl,2007-01-12,Female,14.0,Hispanic or Latino,White,28.0,1.0,C:\Users\arine\Downloads\ADNI1_Complete_1Yr_1.5T\ADNI\003_S_1122\MPR__GradWarp__B1_Correction__N3__Scaled\2006-12-06_11_37_39.0\I52799\ADNI_003_S_1122_MR_MPR__GradWarp__B1_Correction__N3__Scaled_Br_20070501172757639_S23542_I52799.nii,1930.0,77.0
003_S_1122,MCI,1,bl,2007-01-12,Female,14.0,Hispanic or Latino,White,28.0,1.0,C:\Users\arine\Downloads\ADNI1_Complete_1Yr_1.5T\ADNI\003_S_1122\MPR__GradWarp__B1_Correction__N3__Scaled\2006-12-06_11_37_39.0\I52799\ADNI_003_S_1122_MR_MPR__GradWarp__B1_Correction__N3__Scaled_Br_20070501172757639_S23542_I52799.nii,,75.05882352941177
003_S_1122,MCI,1,bl,2007-01-12,Female,14.0,Hispanic or Latino,White,28.0,1.0,C:\Users\arine\Downloads\ADNI1_Complete_1Yr_1.5T\ADNI\003_S_1122\MPR__GradWarp__B1_Correction__N3__Scaled\2006-12-06_11_37_39.0\I52799\ADNI_003_S_1122_MR_MPR__GradWarp__B1_Correction__N3__Scaled_Br_20070501172757639_S23542_I52799.nii,1930.0,77.0
003_S_1122,MCI,1,bl,2007-01-12,Female,14.0,Hispanic or Latino,White,28.0,1.0,C:\Users\arine\Downloads\ADNI1_Complete_1Yr_1.5T\ADNI\003_S_1122\MPR__GradWarp__B1_Correction__N3__Scaled\2006-12-06_11_37_39.0\I52799\ADNI_003_S_1122_MR_MPR__GradWarp__B1_Correction__N3__Scaled_Br_20070501172757639_S23542_I52799.nii,1930.0,77.0
035_S_0997,MCI,1,bl,2007-01-12,Female,20.0,Not Hispanic or Latino,White,24.0,5.0,C:\Users\arine\Downloads\ADNI1_Complete_1Yr_1.5T\ADNI\035_S_0997\MPR__GradWarp__B1_Correction__N3__Scaled\2006-11-29_15_11_51.0\I62908\ADNI_035_S_0997_MR_MPR__GradWarp__B1_Correction__N3__Scaled_Br_20070730180825513_S23184_I62908.nii,1926.0,81.0
035_S_0997,MCI,1,bl,2007-01-12,Female,20.0,Not Hispanic or Latino,White,24.0,5.0,C:\Users\arine\Downloads\ADNI1_Complete_1Yr_1.5T\ADNI\035_S_0997\MPR__GradWarp__B1_Correction__N3__Scaled\2006-11-29_15_11_51.0\I62908\ADNI_035_S_0997_MR_MPR__GradWarp__B1_Correction__N3__Scaled_Br_20070730180825513_S23184_I62908.nii,1926.0,81.0
035_S_0997,MCI,1,bl,2007-01-12,Female,20.0,Not Hispanic or Latino,White,24.0,5.0,C:\Users\arine\Downloads\ADNI1_Complete_1Yr_1.5T\ADNI\035_S_0997\MPR__GradWarp__B1_Correction__N3__Scaled\2006-11-29_15_11_51.0\I62908\ADNI_035_S_0997_MR_MPR__GradWarp__B1_Correction__N3__Scaled_Br_20070730180825513_S23184_I62908.nii,,75.05882352941177
035_S_0997,MCI,1,bl,2007-01-12,Female,20.0,Not Hispanic or Latino,White,24.0,5.0,C:\Users\arine\Downloads\ADNI1_Complete_1Yr_1.5T\ADNI\035_S_0997\MPR__GradWarp__B1_Correction__N3__Scaled\2006-11-29_15_11_51.0\I62908\ADNI_035_S_0997_MR_MPR__GradWarp__B1_Correction__N3__Scaled_Br_20070730180825513_S23184_I62908.nii,1926.0,81.0
109_S_1114,MCI,1,bl,2007-01-10,Female,12.0,Not Hispanic or Latino,Black or African American,28.0,1.0,C:\Users\arine\Downloads\ADNI1_Complete_1Yr_1.5T\ADNI\109_S_1114\MPR__GradWarp__B1_Correction__N3__Scaled\2006-12-27_11_58_17.0\I63489\ADNI_109_S_1114_MR_MPR__GradWarp__B1_Correction__N3__Scaled_Br_20070731184633088_S24702_I63489.nii,1928.0,79.0
109_S_1114,MCI,1,bl,2007-01-10,Female,12.0,Not Hispanic or Latino,Black or African American,28.0,1.0,C:\Users\arine\Downloads\ADNI1_Complete_1Yr_1.5T\ADNI\109_S_1114\MPR__GradWarp__B1_Correction__N3__Scaled\2006-12-27_11_58_17.0\I63489\ADNI_109_S_1114_MR_MPR__GradWarp__B1_Correction__N3__Scaled_Br_20070731184633088_S24702_I63489.nii,,75.05882352941177
036_S_1135,MCI,1,bl,2007-01-15,Male,14.0,Not Hispanic or Latino,White,27.0,1.5,C:\Users\arine\Downloads\ADNI1_Complete_1Yr_1.5T\ADNI\036_S_1135\MPR__GradWarp__B1_Correction__N3__Scaled\2006-12-27_10_11_45.0\I65109\ADNI_036_S_1135_MR_MPR__GradWarp__B1_Correction__N3__Scaled_Br_20070806144313368_S24501_I65109.nii,1931.0,76.0
094_S_1164,Dementia,2,bl,2007-01-16,Female,16.0,Not Hispanic or Latino,White,21.0,5.0,C:\Users\arine\Downloads\ADNI1_Complete_1Yr_1.5T\ADNI\094_S_1164\MPR__GradWarp__B1_Correction__N3__Scaled\2006-12-11_13_06_29.0\I67223\ADNI_094_S_1164_MR_MPR__GradWarp__B1_Correction__N3__Scaled_Br_20070812144323362_S23871_I67223.nii,1937.0,70.0
094_S_1090,Dementia,2,bl,2007-01-16,Male,16.0,Not Hispanic or Latino,White,24.0,2.5,C:\Users\arine\Downloads\ADNI1_Complete_1Yr_1.5T\ADNI\094_S_1090\MPR__GradWarp__B1_Correction__N3__Scaled\2006-12-04_09_55_17.0\I63176\ADNI_094_S_1090_MR_MPR__GradWarp__B1_Correction__N3__Scaled_Br_20070731120023063_S23375_I63176.nii,1935.0,72.0
012_S_1165,MCI,1,bl,2007-01-18,Male,19.0,Not Hispanic or Latino,White,28.0,1.5,C:\Users\arine\Downloads\ADNI1_Complete_1Yr_1.5T\ADNI\012_S_1165\MPR____N3__Scaled\2006-12-28_10_13_31.0\I59229\ADNI_012_S_1165_MR_MPR____N3__Scaled_Br_20070711171305055_S24576_I59229.nii,1925.0,82.0
133_S_1170,Dementia,2,bl,2007-01-16,Male,13.0,Not Hispanic or Latino,White,23.0,3.0,C:\Users\arine\Downloads\ADNI1_Complete_1Yr_1.5T\ADNI\133_S_1170\MPR__GradWarp__B1_Correction__N3__Scaled\2006-12-29_08_32_18.0\I89957\ADNI_133_S_1170_MR_MPR__GradWarp__B1_Correction__N3__Scaled_Br_20080207174424754_S24674_I89957.nii,1933.0,74.0
023_S_1190,CN,0,bl,2007-01-17,Female,13.0,Not Hispanic or Latino,White,30.0,0.0,C:\Users\arine\Downloads\ADNI1_Complete_1Yr_1.5T\ADNI\023_S_1190\MPR__GradWarp__B1_Correction__N3__Scaled\2007-01-08_16_43_31.0\I46417\ADNI_023_S_1190_MR_MPR__GradWarp__B1_Correction__N3__Scaled_Br_20070322181907670_S24847_I46417.nii,1930.0,77.0
023_S_1190,CN,0,bl,2007-01-17,Female,13.0,Not Hispanic or Latino,White,30.0,0.0,C:\Users\arine\Downloads\ADNI1_Complete_1Yr_1.5T\ADNI\023_S_1190\MPR__GradWarp__B1_Correction__N3__Scaled\2007-01-08_16_43_31.0\I46417\ADNI_023_S_1190_MR_MPR__GradWarp__B1_Correction__N3__Scaled_Br_20070322181907670_S24847_I46417.nii,,75.71323529411765
023_S_1190,CN,0,bl,2007-01-17,Female,13.0,Not Hispanic or Latino,White,30.0,0.0,C:\Users\arine\Downloads\ADNI1_Complete_1Yr_1.5T\ADNI\023_S_1190\MPR__GradWarp__B1_Correction__N3__Scaled\2007-01-08_16_43_31.0\I46417\ADNI_023_S_1190_MR_MPR__GradWarp__B1_Correction__N3__Scaled_Br_20070322181907670_S24847_I46417.nii,1930.0,77.0
109_S_1157,Dementia,2,bl,2007-01-10,Female,12.0,Not Hispanic or Latino,Black or African American,21.0,6.5,C:\Users\arine\Downloads\ADNI1_Complete_1Yr_1.5T\ADNI\109_S_1157\MPR__GradWarp__B1_Correction__N3__Scaled\2007-01-03_14_06_52.0\I66158\ADNI_109_S_1157_MR_MPR__GradWarp__B1_Correction__N3__Scaled_Br_20070808201650854_S24711_I66158.nii,1922.0,85.0
109_S_1157,Dementia,2,bl,2007-01-10,Female,12.0,Not Hispanic or Latino,Black or African American,21.0,6.5,C:\Users\arine\Downloads\ADNI1_Complete_1Yr_1.5T\ADNI\109_S_1157\MPR__GradWarp__B1_Correction__N3__Scaled\2007-01-03_14_06_52.0\I66158\ADNI_109_S_1157_MR_MPR__GradWarp__B1_Correction__N3__Scaled_Br_20070808201650854_S24711_I66158.nii,,74.94117647058823
024_S_1171,Dementia,2,bl,2007-01-19,Male,12.0,Not Hispanic or Latino,White,24.0,3.0,C:\Users\arine\Downloads\ADNI1_Complete_1Yr_1.5T\ADNI\024_S_1171\MPR__GradWarp__B1_Correction__N3__Scaled\2007-01-04_11_07_07.0\I63406\ADNI_024_S_1171_MR_MPR__GradWarp__B1_Correction__N3__Scaled_Br_20070731172208570_S24659_I63406.nii,1935.0,72.0
006_S_1130,MCI,1,bl,2007-01-04,Female,18.0,Not Hispanic or Latino,White,29.0,2.0,C:\Users\arine\Downloads\ADNI1_Complete_1Yr_1.5T\ADNI\006_S_1130\MPR-R__GradWarp__B1_Correction__N3__Scaled\2006-11-30_13_04_15.0\I55972\ADNI_006_S_1130_MR_MPR-R__GradWarp__B1_Correction__N3__Scaled_Br_20070605124018633_S23457_I55972.nii,1935.0,72.0
006_S_1130,MCI,1,bl,2007-01-04,Female,18.0,Not Hispanic or Latino,White,29.0,2.0,C:\Users\arine\Downloads\ADNI1_Complete_1Yr_1.5T\ADNI\006_S_1130\MPR-R__GradWarp__B1_Correction__N3__Scaled\2006-11-30_13_04_15.0\I55972\ADNI_006_S_1130_MR_MPR-R__GradWarp__B1_Correction__N3__Scaled_Br_20070605124018633_S23457_I55972.nii,1935.0,72.0
006_S_1130,MCI,1,bl,2007-01-04,Female,18.0,Not Hispanic or Latino,White,29.0,2.0,C:\Users\arine\Downloads\ADNI1_Complete_1Yr_1.5T\ADNI\006_S_1130\MPR-R__GradWarp__B1_Correction__N3__Scaled\2006-11-30_13_04_15.0\I55972\ADNI_006_S_1130_MR_MPR-R__GradWarp__B1_Correction__N3__Scaled_Br_20070605124018633_S23457_I55972.nii,1935.0,72.0
041_S_1002,CN,0,bl,2006-12-06,Female,18.0,Not Hispanic or Latino,White,30.0,0.0,C:\Users\arine\Downloads\ADNI1_Complete_1Yr_1.5T\ADNI\041_S_1002\MPR__GradWarp__B1_Correction__N3__Scaled\2006-12-08_12_23_31.0\I65220\ADNI_041_S_1002_MR_MPR__GradWarp__B1_Correction__N3__Scaled_Br_20070806162828919_S23705_I65220.nii,1930.0,76.0
041_S_0898,CN,0,bl,2006-11-06,Female,12.0,Not Hispanic or Latino,White,29.0,0.0,C:\Users\arine\Downloads\ADNI1_Complete_1Yr_1.5T\ADNI\041_S_0898\MPR__GradWarp__B1_Correction__N3__Scaled\2006-10-18_10_33_26.0\I34698\ADNI_041_S_0898_MR_MPR__GradWarp__B1_Correction__N3__Scaled_Br_20061229144820782_S20306_I34698.nii,1923.0,83.0
012_S_1133,CN,0,bl,2007-01-30,Female,20.0,Not Hispanic or Latino,White,30.0,0.0,C:\Users\arine\Downloads\ADNI1_Complete_1Yr_1.5T\ADNI\012_S_1133\MPR____N3__Scaled\2007-01-12_11_21_49.0\I59224\ADNI_012_S_1133_MR_MPR____N3__Scaled_Br_20070711170922052_S25016_I59224.nii,1927.0,80.0
012_S_1133,CN,0,bl,2007-01-30,Female,20.0,Not Hispanic or Latino,White,30.0,0.0,C:\Users\arine\Downloads\ADNI1_Complete_1Yr_1.5T\ADNI\012_S_1133\MPR____N3__Scaled\2007-01-12_11_21_49.0\I59224\ADNI_012_S_1133_MR_MPR____N3__Scaled_Br_20070711170922052_S25016_I59224.nii,1927.0,80.0
012_S_1133,CN,0,bl,2007-01-30,Female,20.0,Not Hispanic or Latino,White,30.0,0.0,C:\Users\arine\Downloads\ADNI1_Complete_1Yr_1.5T\ADNI\012_S_1133\MPR____N3__Scaled\2007-01-12_11_21_49.0\I59224\ADNI_012_S_1133_MR_MPR____N3__Scaled_Br_20070711170922052_S25016_I59224.nii,,75.71323529411765
027_S_1213,MCI,1,bl,2007-01-13,Female,16.0,Not Hispanic or Latino,White,27.0,2.0,C:\Users\arine\Downloads\ADNI1_Complete_1Yr_1.5T\ADNI\027_S_1213\MPR-R__GradWarp__B1_Correction__N3__Scaled\2007-01-19_14_52_38.0\I47223\ADNI_027_S_1213_MR_MPR-R__GradWarp__B1_Correction__N3__Scaled_Br_20070327164604315_S25492_I47223.nii,1932.0,75.0
027_S_1213,MCI,1,bl,2007-01-13,Female,16.0,Not Hispanic or Latino,White,27.0,2.0,C:\Users\arine\Downloads\ADNI1_Complete_1Yr_1.5T\ADNI\027_S_1213\MPR-R__GradWarp__B1_Correction__N3__Scaled\2007-01-19_14_52_38.0\I47223\ADNI_027_S_1213_MR_MPR-R__GradWarp__B1_Correction__N3__Scaled_Br_20070327164604315_S25492_I47223.nii,,75.05882352941177
057_S_0464,MCI,1,bl,2006-06-20,Male,16.0,Not Hispanic or Latino,White,29.0,0.5,C:\Users\arine\Downloads\ADNI1_Complete_1Yr_1.5T\ADNI\057_S_0464\MPR__GradWarp__B1_Correction__N3__Scaled\2006-05-17_14_08_28.0\I34707\ADNI_057_S_0464_MR_MPR__GradWarp__B1_Correction__N3__Scaled_Br_20061229151624691_S14736_I34707.nii,1923.0,83.0
057_S_1007,MCI,1,bl,2006-11-14,Male,17.0,Not Hispanic or Latino,White,30.0,1.0,C:\Users\arine\Downloads\ADNI1_Complete_1Yr_1.5T\ADNI\057_S_1007\MPR__GradWarp__B1_Correction__N3__Scaled\2006-10-25_13_41_01.0\I47765\ADNI_057_S_1007_MR_MPR__GradWarp__B1_Correction__N3__Scaled_Br_20070402183852331_S21339_I47765.nii,1934.0,72.0
057_S_1007,MCI,1,bl,2006-11-14,Male,17.0,Not Hispanic or Latino,White,30.0,1.0,C:\Users\arine\Downloads\ADNI1_Complete_1Yr_1.5T\ADNI\057_S_1007\MPR__GradWarp__B1_Correction__N3__Scaled\2006-10-25_13_41_01.0\I47765\ADNI_057_S_1007_MR_MPR__GradWarp__B1_Correction__N3__Scaled_Br_20070402183852331_S21339_I47765.nii,1934.0,72.0
941_S_1194,CN,0,bl,2007-02-06,Male,18.0,Not Hispanic or Latino,White,30.0,0.0,C:\Users\arine\Downloads\ADNI1_Complete_1Yr_1.5T\ADNI\941_S_1194\MPR__GradWarp__B1_Correction__N3__Scaled\2007-01-20_13_14_30.0\I63847\ADNI_941_S_1194_MR_MPR__GradWarp__B1_Correction__N3__Scaled_Br_20070801195551880_S25323_I63847.nii,1922.0,85.0
941_S_1194,CN,0,bl,2007-02-06,Male,18.0,Not Hispanic or Latino,White,30.0,0.0,C:\Users\arine\Downloads\ADNI1_Complete_1Yr_1.5T\ADNI\941_S_1194\MPR__GradWarp__B1_Correction__N3__Scaled\2007-01-20_13_14_30.0\I63847\ADNI_941_S_1194_MR_MPR__GradWarp__B1_Correction__N3__Scaled_Br_20070801195551880_S25323_I63847.nii,,75.71323529411765
941_S_1194,CN,0,bl,2007-02-06,Male,18.0,Not Hispanic or Latino,White,30.0,0.0,C:\Users\arine\Downloads\ADNI1_Complete_1Yr_1.5T\ADNI\941_S_1194\MPR__GradWarp__B1_Correction__N3__Scaled\2007-01-20_13_14_30.0\I63847\ADNI_941_S_1194_MR_MPR__GradWarp__B1_Correction__N3__Scaled_Br_20070801195551880_S25323_I63847.nii,1922.0,85.0
007_S_1206,CN,0,bl,2007-02-01,Male,14.0,Not Hispanic or Latino,White,29.0,0.0,C:\Users\arine\Downloads\ADNI1_Complete_1Yr_1.5T\ADNI\007_S_1206\MPR-R__GradWarp__B1_Correction__N3__Scaled\2007-01-17_09_31_23.0\I59981\ADNI_007_S_1206_MR_MPR-R__GradWarp__B1_Correction__N3__Scaled_Br_20070713115137903_S25173_I59981.nii,1934.0,73.0
007_S_1206,CN,0,bl,2007-02-01,Male,14.0,Not Hispanic or Latino,White,29.0,0.0,C:\Users\arine\Downloads\ADNI1_Complete_1Yr_1.5T\ADNI\007_S_1206\MPR-R__GradWarp__B1_Correction__N3__Scaled\2007-01-17_09_31_23.0\I59981\ADNI_007_S_1206_MR_MPR-R__GradWarp__B1_Correction__N3__Scaled_Br_20070713115137903_S25173_I59981.nii,1934.0,73.0
007_S_1222,CN,0,bl,2007-02-06,Female,16.0,Not Hispanic or Latino,Black or African American,30.0,0.0,C:\Users\arine\Downloads\ADNI1_Complete_1Yr_1.5T\ADNI\007_S_1222\MPR-R__GradWarp__B1_Correction__N3__Scaled\2007-01-19_11_16_02.0\I60003\ADNI_007_S_1222_MR_MPR-R__GradWarp__B1_Correction__N3__Scaled_Br_20070713120847216_S25402_I60003.nii,1933.0,74.0
007_S_1222,CN,0,bl,2007-02-06,Female,16.0,Not Hispanic or Latino,Black or African American,30.0,0.0,C:\Users\arine\Downloads\ADNI1_Complete_1Yr_1.5T\ADNI\007_S_1222\MPR-R__GradWarp__B1_Correction__N3__Scaled\2007-01-19_11_16_02.0\I60003\ADNI_007_S_1222_MR_MPR-R__GradWarp__B1_Correction__N3__Scaled_Br_20070713120847216_S25402_I60003.nii,1933.0,74.0
007_S_1222,CN,0,bl,2007-02-06,Female,16.0,Not Hispanic or Latino,Black or African American,30.0,0.0,C:\Users\arine\Downloads\ADNI1_Complete_1Yr_1.5T\ADNI\007_S_1222\MPR-R__GradWarp__B1_Correction__N3__Scaled\2007-01-19_11_16_02.0\I60003\ADNI_007_S_1222_MR_MPR-R__GradWarp__B1_Correction__N3__Scaled_Br_20070713120847216_S25402_I60003.nii,1933.0,74.0
130_S_1200,CN,0,bl,2007-01-30,Male,16.0,Not Hispanic or Latino,White,30.0,0.0,C:\Users\arine\Downloads\ADNI1_Complete_1Yr_1.5T\ADNI\130_S_1200\MPR-R__GradWarp__B1_Correction__N3__Scaled\2007-01-15_13_22_48.0\I63752\ADNI_130_S_1200_MR_MPR-R__GradWarp__B1_Correction__N3__Scaled_Br_20070801182138028_S25090_I63752.nii,1922.0,85.0
130_S_1200,CN,0,bl,2007-01-30,Male,16.0,Not Hispanic or Latino,White,30.0,0.0,C:\Users\arine\Downloads\ADNI1_Complete_1Yr_1.5T\ADNI\130_S_1200\MPR-R__GradWarp__B1_Correction__N3__Scaled\2007-01-15_13_22_48.0\I63752\ADNI_130_S_1200_MR_MPR-R__GradWarp__B1_Correction__N3__Scaled_Br_20070801182138028_S25090_I63752.nii,,75.71323529411765
126_S_1221,Dementia,2,bl,2007-02-07,Male,6.0,Not Hispanic or Latino,White,21.0,3.5,C:\Users\arine\Downloads\ADNI1_Complete_1Yr_1.5T\ADNI\126_S_1221\MPR-R__GradWarp__B1_Correction__N3__Scaled\2007-01-23_10_20_24.0\I48976\ADNI_126_S_1221_MR_MPR-R__GradWarp__B1_Correction__N3__Scaled_Br_20070412185437959_S25457_I48976.nii,1935.0,72.0
029_S_1215,MCI,1,bl,2007-02-07,Male,16.0,Not Hispanic or Latino,White,30.0,1.5,C:\Users\arine\Downloads\ADNI1_Complete_1Yr_1.5T\ADNI\029_S_1215\MPR__GradWarp__B1_Correction__N3__Scaled\2007-01-19_17_30_03.0\I60746\ADNI_029_S_1215_MR_MPR__GradWarp__B1_Correction__N3__Scaled_Br_20070718151927704_S25348_I60746.nii,1928.0,79.0
130_S_1201,Dementia,2,bl,2007-02-02,Female,16.0,Not Hispanic or Latino,Asian,26.0,6.0,C:\Users\arine\Downloads\ADNI1_Complete_1Yr_1.5T\ADNI\130_S_1201\MPR__GradWarp__B1_Correction__N3__Scaled\2007-01-15_07_20_32.0\I63757\ADNI_130_S_1201_MR_MPR__GradWarp__B1_Correction__N3__Scaled_Br_20070801182711594_S25082_I63757.nii,1931.0,76.0
126_S_1187,MCI,1,bl,2007-02-08,Male,12.0,Not Hispanic or Latino,White,28.0,0.5,C:\Users\arine\Downloads\ADNI1_Complete_1Yr_1.5T\ADNI\126_S_1187\MPR__GradWarp__B1_Correction__N3__Scaled\2007-01-17_11_13_08.0\I48959\ADNI_126_S_1187_MR_MPR__GradWarp__B1_Correction__N3__Scaled_Br_20070412184108117_S25143_I48959.nii,1930.0,77.0
126_S_1187,MCI,1,bl,2007-02-08,Male,12.0,Not Hispanic or Latino,White,28.0,0.5,C:\Users\arine\Downloads\ADNI1_Complete_1Yr_1.5T\ADNI\126_S_1187\MPR__GradWarp__B1_Correction__N3__Scaled\2007-01-17_11_13_08.0\I48959\ADNI_126_S_1187_MR_MPR__GradWarp__B1_Correction__N3__Scaled_Br_20070412184108117_S25143_I48959.nii,1930.0,77.0
126_S_1187,MCI,1,bl,2007-02-08,Male,12.0,Not Hispanic or Latino,White,28.0,0.5,C:\Users\arine\Downloads\ADNI1_Complete_1Yr_1.5T\ADNI\126_S_1187\MPR__GradWarp__B1_Correction__N3__Scaled\2007-01-17_11_13_08.0\I48959\ADNI_126_S_1187_MR_MPR__GradWarp__B1_Correction__N3__Scaled_Br_20070412184108117_S25143_I48959.nii,1930.0,77.0
133_S_0913,MCI,1,bl,2007-02-01,Female,15.0,Not Hispanic or Latino,White,26.0,2.0,C:\Users\arine\Downloads\ADNI1_Complete_1Yr_1.5T\ADNI\133_S_0913\MPR__GradWarp__B1_Correction__N3__Scaled\2006-12-27_13_31_52.0\I63819\ADNI_133_S_0913_MR_MPR__GradWarp__B1_Correction__N3__Scaled_Br_20070801192845987_S24646_I63819.nii,1950.0,57.0
023_S_1247,MCI,1,bl,2007-02-08,Female,9.0,Not Hispanic or Latino,White,24.0,2.0,C:\Users\arine\Downloads\ADNI1_Complete_1Yr_1.5T\ADNI\023_S_1247\MPR__GradWarp__B1_Correction__N3__Scaled\2007-01-31_11_57_06.0\I48857\ADNI_023_S_1247_MR_MPR__GradWarp__B1_Correction__N3__Scaled_Br_20070412172006512_S25741_I48857.nii,1934.0,73.0
141_S_1245,MCI,1,bl,2007-02-07,Female,14.0,Not Hispanic or Latino,White,27.0,0.5,C:\Users\arine\Downloads\ADNI1_Complete_1Yr_1.5T\ADNI\141_S_1245\MPR__GradWarp__B1_Correction__N3__Scaled\2007-01-29_14_57_53.0\I48599\ADNI_141_S_1245_MR_MPR__GradWarp__B1_Correction__N3__Scaled_Br_20070411123838725_S25653_I48599.nii,1935.0,72.0
013_S_1205,Dementia,2,bl,2007-02-08,Male,19.0,Not Hispanic or Latino,White,23.0,1.5,C:\Users\arine\Downloads\ADNI1_Complete_1Yr_1.5T\ADNI\013_S_1205\MPR__GradWarp__B1_Correction__N3__Scaled\2007-01-11_13_55_08.0\I51542\ADNI_013_S_1205_MR_MPR__GradWarp__B1_Correction__N3__Scaled_Br_20070426173828172_S25024_I51542.nii,1923.0,84.0
941_S_1202,CN,0,bl,2007-02-12,Male,18.0,Not Hispanic or Latino,White,28.0,0.0,C:\Users\arine\Downloads\ADNI1_Complete_1Yr_1.5T\ADNI\941_S_1202\MPR-R__GradWarp__B1_Correction__N3__Scaled\2007-01-30_09_16_45.0\I63874\ADNI_941_S_1202_MR_MPR-R__GradWarp__B1_Correction__N3__Scaled_Br_20070801201337815_S25680_I63874.nii,1929.0,78.0
941_S_1202,CN,0,bl,2007-02-12,Male,18.0,Not Hispanic or Latino,White,28.0,0.0,C:\Users\arine\Downloads\ADNI1_Complete_1Yr_1.5T\ADNI\941_S_1202\MPR-R__GradWarp__B1_Correction__N3__Scaled\2007-01-30_09_16_45.0\I63874\ADNI_941_S_1202_MR_MPR-R__GradWarp__B1_Correction__N3__Scaled_Br_20070801201337815_S25680_I63874.nii,1929.0,78.0
941_S_1202,CN,0,bl,2007-02-12,Male,18.0,Not Hispanic or Latino,White,28.0,0.0,C:\Users\arine\Downloads\ADNI1_Complete_1Yr_1.5T\ADNI\941_S_1202\MPR-R__GradWarp__B1_Correction__N3__Scaled\2007-01-30_09_16_45.0\I63874\ADNI_941_S_1202_MR_MPR-R__GradWarp__B1_Correction__N3__Scaled_Br_20070801201337815_S25680_I63874.nii,,75.71323529411765
003_S_1057,MCI,1,bl,2007-02-09,Female,18.0,Not Hispanic or Latino,Black or African American,26.0,3.0,C:\Users\arine\Downloads\ADNI1_Complete_1Yr_1.5T\ADNI\003_S_1057\MPR__GradWarp__B1_Correction__N3__Scaled\2006-12-04_10_43_48.0\I52821\ADNI_003_S_1057_MR_MPR__GradWarp__B1_Correction__N3__Scaled_Br_20070501174016338_S23345_I52821.nii,1945.0,62.0
003_S_1057,MCI,1,bl,2007-02-09,Female,18.0,Not Hispanic or Latino,Black or African American,26.0,3.0,C:\Users\arine\Downloads\ADNI1_Complete_1Yr_1.5T\ADNI\003_S_1057\MPR__GradWarp__B1_Correction__N3__Scaled\2006-12-04_10_43_48.0\I52821\ADNI_003_S_1057_MR_MPR__GradWarp__B1_Correction__N3__Scaled_Br_20070501174016338_S23345_I52821.nii,1945.0,62.0
003_S_1057,MCI,1,bl,2007-02-09,Female,18.0,Not Hispanic or Latino,Black or African American,26.0,3.0,C:\Users\arine\Downloads\ADNI1_Complete_1Yr_1.5T\ADNI\003_S_1057\MPR__GradWarp__B1_Correction__N3__Scaled\2006-12-04_10_43_48.0\I52821\ADNI_003_S_1057_MR_MPR__GradWarp__B1_Correction__N3__Scaled_Br_20070501174016338_S23345_I52821.nii,,75.05882352941177
003_S_1057,MCI,1,bl,2007-02-09,Female,18.0,Not Hispanic or Latino,Black or African American,26.0,3.0,C:\Users\arine\Downloads\ADNI1_Complete_1Yr_1.5T\ADNI\003_S_1057\MPR__GradWarp__B1_Correction__N3__Scaled\2006-12-04_10_43_48.0\I52821\ADNI_003_S_1057_MR_MPR__GradWarp__B1_Correction__N3__Scaled_Br_20070501174016338_S23345_I52821.nii,1945.0,62.0
031_S_1209,Dementia,2,bl,2007-02-14,Female,18.0,Not Hispanic or Latino,White,26.0,3.5,C:\Users\arine\Downloads\ADNI1_Complete_1Yr_1.5T\ADNI\031_S_1209\MPR__GradWarp__N3__Scaled\2007-01-12_12_27_05.0\I67441\ADNI_031_S_1209_MR_MPR__GradWarp__N3__Scaled_Br_20070813153725713_S25028_I67441.nii,1935.0,72.0
941_S_1197,CN,0,bl,2007-02-16,Female,20.0,Unknown,White,30.0,0.0,C:\Users\arine\Downloads\ADNI1_Complete_1Yr_1.5T\ADNI\941_S_1197\MPR__GradWarp__B1_Correction__N3__Scaled\2007-01-20_10_25_24.0\I66462\ADNI_941_S_1197_MR_MPR__GradWarp__B1_Correction__N3__Scaled_Br_20070809164131486_S25332_I66462.nii,1924.0,83.0
005_S_1224,MCI,1,bl,2007-02-13,Male,16.0,Not Hispanic or Latino,White,26.0,1.0,C:\Users\arine\Downloads\ADNI1_Complete_1Yr_1.5T\ADNI\005_S_1224\MPR__GradWarp__B1_Correction__N3__Scaled\2007-01-23_13_44_33.0\I60406\ADNI_005_S_1224_MR_MPR__GradWarp__B1_Correction__N3__Scaled_Br_20070717175330338_S25412_I60406.nii,1925.0,82.0
136_S_1227,MCI,1,bl,2007-02-19,Female,12.0,Not Hispanic or Latino,White,29.0,1.0,C:\Users\arine\Downloads\ADNI1_Complete_1Yr_1.5T\ADNI\136_S_1227\MPR__GradWarp__B1_Correction__N3__Scaled\2007-02-06_15_41_39.0\I63838\ADNI_136_S_1227_MR_MPR__GradWarp__B1_Correction__N3__Scaled_Br_20070801194727811_S26399_I63838.nii,1942.0,65.0
128_S_1242,CN,0,bl,2007-02-16,Female,19.0,Not Hispanic or Latino,Asian,26.0,0.0,C:\Users\arine\Downloads\ADNI1_Complete_1Yr_1.5T\ADNI\128_S_1242\MPR__GradWarp__N3__Scaled\2007-02-05_16_41_25.0\I134505\ADNI_128_S_1242_MR_MPR__GradWarp__N3__Scaled_Br_20090126165647083_S25934_I134505.nii,1935.0,72.0
128_S_1242,CN,0,bl,2007-02-16,Female,19.0,Not Hispanic or Latino,Asian,26.0,0.0,C:\Users\arine\Downloads\ADNI1_Complete_1Yr_1.5T\ADNI\128_S_1242\MPR__GradWarp__N3__Scaled\2007-02-05_16_41_25.0\I134505\ADNI_128_S_1242_MR_MPR__GradWarp__N3__Scaled_Br_20090126165647083_S25934_I134505.nii,1935.0,72.0
116_S_1249,CN,0,bl,2007-02-20,Female,15.0,Not Hispanic or Latino,White,30.0,0.0,C:\Users\arine\Downloads\ADNI1_Complete_1Yr_1.5T\ADNI\116_S_1249\MPR-R__GradWarp__N3__Scaled\2007-02-07_11_29_37.0\I59647\ADNI_116_S_1249_MR_MPR-R__GradWarp__N3__Scaled_Br_20070712173422187_S26084_I59647.nii,1936.0,71.0
116_S_1249,CN,0,bl,2007-02-20,Female,15.0,Not Hispanic or Latino,White,30.0,0.0,C:\Users\arine\Downloads\ADNI1_Complete_1Yr_1.5T\ADNI\116_S_1249\MPR-R__GradWarp__N3__Scaled\2007-02-07_11_29_37.0\I59647\ADNI_116_S_1249_MR_MPR-R__GradWarp__N3__Scaled_Br_20070712173422187_S26084_I59647.nii,1936.0,71.0
116_S_1249,CN,0,bl,2007-02-20,Female,15.0,Not Hispanic or Latino,White,30.0,0.0,C:\Users\arine\Downloads\ADNI1_Complete_1Yr_1.5T\ADNI\116_S_1249\MPR-R__GradWarp__N3__Scaled\2007-02-07_11_29_37.0\I59647\ADNI_116_S_1249_MR_MPR-R__GradWarp__N3__Scaled_Br_20070712173422187_S26084_I59647.nii,1936.0,71.0
027_S_1081,Dementia,2,bl,2007-02-05,Male,20.0,Not Hispanic or Latino,White,23.0,7.0,C:\Users\arine\Downloads\ADNI1_Complete_1Yr_1.5T\ADNI\027_S_1081\MPR__GradWarp__B1_Correction__N3__Scaled\2007-01-22_11_05_45.0\I47168\ADNI_027_S_1081_MR_MPR__GradWarp__B1_Correction__N3__Scaled_Br_20070327152141858_S25357_I47168.nii,1922.0,85.0
027_S_1254,Dementia,2,bl,2007-02-12,Male,11.0,Not Hispanic or Latino,White,21.0,8.0,C:\Users\arine\Downloads\ADNI1_Complete_1Yr_1.5T\ADNI\027_S_1254\MPR__GradWarp__B1_Correction__N3__Scaled\2007-01-31_11_15_39.0\I47228\ADNI_027_S_1254_MR_MPR__GradWarp__B1_Correction__N3__Scaled_Br_20070327165452524_S25764_I47228.nii,1922.0,85.0
027_S_1277,MCI,1,bl,2007-02-21,Male,11.0,Not Hispanic or Latino,White,24.0,2.0,C:\Users\arine\Downloads\ADNI1_Complete_1Yr_1.5T\ADNI\027_S_1277\MPR__GradWarp__B1_Correction__N3__Scaled\2007-02-09_14_02_11.0\I47278\ADNI_027_S_1277_MR_MPR__GradWarp__B1_Correction__N3__Scaled_Br_20070328083825155_S26408_I47278.nii,1920.0,87.0
094_S_1241,CN,0,bl,2007-02-22,Male,20.0,Not Hispanic or Latino,White,30.0,0.0,C:\Users\arine\Downloads\ADNI1_Complete_1Yr_1.5T\ADNI\094_S_1241\MPR__GradWarp__B1_Correction__N3__Scaled\2007-02-16_12_07_52.0\I66069\ADNI_094_S_1241_MR_MPR__GradWarp__B1_Correction__N3__Scaled_Br_20070808185957292_S26634_I66069.nii,1934.0,73.0
116_S_1232,CN,0,bl,2007-02-27,Female,14.0,Not Hispanic or Latino,White,28.0,0.0,C:\Users\arine\Downloads\ADNI1_Complete_1Yr_1.5T\ADNI\116_S_1232\MPR__GradWarp__N3__Scaled\2007-01-24_13_21_36.0\I59711\ADNI_116_S_1232_MR_MPR__GradWarp__N3__Scaled_Br_20070713080145603_S25756_I59711.nii,1934.0,73.0
116_S_1232,CN,0,bl,2007-02-27,Female,14.0,Not Hispanic or Latino,White,28.0,0.0,C:\Users\arine\Downloads\ADNI1_Complete_1Yr_1.5T\ADNI\116_S_1232\MPR__GradWarp__N3__Scaled\2007-01-24_13_21_36.0\I59711\ADNI_116_S_1232_MR_MPR__GradWarp__N3__Scaled_Br_20070713080145603_S25756_I59711.nii,1934.0,73.0
116_S_1232,CN,0,bl,2007-02-27,Female,14.0,Not Hispanic or Latino,White,28.0,0.0,C:\Users\arine\Downloads\ADNI1_Complete_1Yr_1.5T\ADNI\116_S_1232\MPR__GradWarp__N3__Scaled\2007-01-24_13_21_36.0\I59711\ADNI_116_S_1232_MR_MPR__GradWarp__N3__Scaled_Br_20070713080145603_S25756_I59711.nii,1934.0,73.0
052_S_1054,MCI,1,bl,2007-02-27,Male,10.0,Not Hispanic or Latino,White,30.0,3.0,C:\Users\arine\Downloads\ADNI1_Complete_1Yr_1.5T\ADNI\052_S_1054\MPR-R__GradWarp__B1_Correction__N3__Scaled\2006-11-28_09_09_07.0\I62234\ADNI_052_S_1054_MR_MPR-R__GradWarp__B1_Correction__N3__Scaled_Br_20070727103957599_S22955_I62234.nii,1936.0,71.0
010_S_0829,Dementia,2,bl,2007-02-27,Female,15.0,Not Hispanic or Latino,White,24.0,3.0,C:\Users\arine\Downloads\ADNI1_Complete_1Yr_1.5T\ADNI\010_S_0829\MPR____N3__Scaled\2007-02-08_14_25_09.0\I63349\ADNI_010_S_0829_MR_MPR____N3__Scaled_Br_20070731163202385_S26117_I63349.nii,1942.0,65.0
002_S_1261,CN,0,bl,2007-02-27,Female,16.0,Not Hispanic or Latino,White,30.0,0.0,C:\Users\arine\Downloads\ADNI1_Complete_1Yr_1.5T\ADNI\002_S_1261\MPR__GradWarp__B1_Correction__N3__Scaled\2007-02-15_11_02_42.0\I62377\ADNI_002_S_1261_MR_MPR__GradWarp__B1_Correction__N3__Scaled_Br_20070727130404463_S26574_I62377.nii,1935.0,72.0
002_S_1261,CN,0,bl,2007-02-27,Female,16.0,Not Hispanic or Latino,White,30.0,0.0,C:\Users\arine\Downloads\ADNI1_Complete_1Yr_1.5T\ADNI\002_S_1261\MPR__GradWarp__B1_Correction__N3__Scaled\2007-02-15_11_02_42.0\I62377\ADNI_002_S_1261_MR_MPR__GradWarp__B1_Correction__N3__Scaled_Br_20070727130404463_S26574_I62377.nii,1935.0,72.0
002_S_1261,CN,0,bl,2007-02-27,Female,16.0,Not Hispanic or Latino,White,30.0,0.0,C:\Users\arine\Downloads\ADNI1_Complete_1Yr_1.5T\ADNI\002_S_1261\MPR__GradWarp__B1_Correction__N3__Scaled\2007-02-15_11_02_42.0\I62377\ADNI_002_S_1261_MR_MPR__GradWarp__B1_Correction__N3__Scaled_Br_20070727130404463_S26574_I62377.nii,,75.71323529411765
002_S_1261,CN,0,bl,2007-02-27,Female,16.0,Not Hispanic or Latino,White,30.0,0.0,C:\Users\arine\Downloads\ADNI1_Complete_1Yr_1.5T\ADNI\002_S_1261\MPR__GradWarp__B1_Correction__N3__Scaled\2007-02-15_11_02_42.0\I62377\ADNI_002_S_1261_MR_MPR__GradWarp__B1_Correction__N3__Scaled_Br_20070727130404463_S26574_I62377.nii,1935.0,72.0
011_S_1282,MCI,1,bl,2007-02-26,Female,12.0,Not Hispanic or Latino,White,26.0,1.0,C:\Users\arine\Downloads\ADNI1_Complete_1Yr_1.5T\ADNI\011_S_1282\MPR__GradWarp__B1_Correction__N3__Scaled\2007-02-09_11_03_38.0\I62636\ADNI_011_S_1282_MR_MPR__GradWarp__B1_Correction__N3__Scaled_Br_20070727182019787_S26225_I62636.nii,1930.0,77.0
011_S_1282,MCI,1,bl,2007-02-26,Female,12.0,Not Hispanic or Latino,White,26.0,1.0,C:\Users\arine\Downloads\ADNI1_Complete_1Yr_1.5T\ADNI\011_S_1282\MPR__GradWarp__B1_Correction__N3__Scaled\2007-02-09_11_03_38.0\I62636\ADNI_011_S_1282_MR_MPR__GradWarp__B1_Correction__N3__Scaled_Br_20070727182019787_S26225_I62636.nii,1930.0,77.0
011_S_1282,MCI,1,bl,2007-02-26,Female,12.0,Not Hispanic or Latino,White,26.0,1.0,C:\Users\arine\Downloads\ADNI1_Complete_1Yr_1.5T\ADNI\011_S_1282\MPR__GradWarp__B1_Correction__N3__Scaled\2007-02-09_11_03_38.0\I62636\ADNI_011_S_1282_MR_MPR__GradWarp__B1_Correction__N3__Scaled_Br_20070727182019787_S26225_I62636.nii,,75.05882352941177
109_S_1014,CN,0,bl,2007-02-01,Female,15.0,Not Hispanic or Latino,Black or African American,30.0,0.5,C:\Users\arine\Downloads\ADNI1_Complete_1Yr_1.5T\ADNI\109_S_1014\MPR__GradWarp__B1_Correction__N3__Scaled\2006-12-28_11_46_23.0\I63479\ADNI_109_S_1014_MR_MPR__GradWarp__B1_Correction__N3__Scaled_Br_20070731183949113_S24818_I63479.nii,1922.0,85.0
023_S_1262,Dementia,2,bl,2007-03-01,Female,12.0,Not Hispanic or Latino,White,21.0,3.5,C:\Users\arine\Downloads\ADNI1_Complete_1Yr_1.5T\ADNI\023_S_1262\MPR__GradWarp__B1_Correction__N3__Scaled\2007-02-09_08_36_16.0\I62433\ADNI_023_S_1262_MR_MPR__GradWarp__B1_Correction__N3__Scaled_Br_20070727133707675_S26314_I62433.nii,1934.0,73.0
033_S_1281,Dementia,2,bl,2007-03-02,Female,16.0,Not Hispanic or Latino,White,25.0,4.5,C:\Users\arine\Downloads\ADNI1_Complete_1Yr_1.5T\ADNI\033_S_1281\MPR-R__GradWarp__B1_Correction__N3__Scaled\2007-02-07_15_00_42.0\I54780\ADNI_033_S_1281_MR_MPR-R__GradWarp__B1_Correction__N3__Scaled_Br_20070517161803030_S26136_I54780.nii,1929.0,78.0
033_S_1279,MCI,1,bl,2007-02-28,Female,16.0,Not Hispanic or Latino,White,24.0,2.0,C:\Users\arine\Downloads\ADNI1_Complete_1Yr_1.5T\ADNI\033_S_1279\MPR__GradWarp__B1_Correction__N3__Scaled\2007-02-12_13_57_30.0\I54757\ADNI_033_S_1279_MR_MPR__GradWarp__B1_Correction__N3__Scaled_Br_20070517160450483_S26694_I54757.nii,1938.0,69.0
033_S_1283,Dementia,2,bl,2007-02-26,Male,16.0,Not Hispanic or Latino,White,25.0,5.5,C:\Users\arine\Downloads\ADNI1_Complete_1Yr_1.5T\ADNI\033_S_1283\MPR__GradWarp__B1_Correction__N3__Scaled\2007-02-07_15_22_20.0\I54785\ADNI_033_S_1283_MR_MPR__GradWarp__B1_Correction__N3__Scaled_Br_20070517162231894_S26144_I54785.nii,1947.0,60.0
033_S_1284,MCI,1,bl,2007-02-26,Male,16.0,Not Hispanic or Latino,White,29.0,1.5,C:\Users\arine\Downloads\ADNI1_Complete_1Yr_1.5T\ADNI\033_S_1284\MPR__GradWarp__B1_Correction__N3__Scaled\2007-02-12_14_28_30.0\I54799\ADNI_033_S_1284_MR_MPR__GradWarp__B1_Correction__N3__Scaled_Br_20070517163057545_S26686_I54799.nii,1921.0,86.0
033_S_1285,Dementia,2,bl,2007-02-26,Female,18.0,Not Hispanic or Latino,White,26.0,4.5,C:\Users\arine\Downloads\ADNI1_Complete_1Yr_1.5T\ADNI\033_S_1285\MPR__GradWarp__B1_Correction__N3__Scaled\2007-02-06_15_03_16.0\I51588\ADNI_033_S_1285_MR_MPR__GradWarp__B1_Correction__N3__Scaled_Br_20070426175923899_S26128_I51588.nii,1927.0,80.0
033_S_1308,Dementia,2,bl,2007-02-28,Male,14.0,Not Hispanic or Latino,White,23.0,3.5,C:\Users\arine\Downloads\ADNI1_Complete_1Yr_1.5T\ADNI\033_S_1308\MPR-R__GradWarp__B1_Correction__N3__Scaled\2007-02-08_16_13_03.0\I54752\ADNI_033_S_1308_MR_MPR-R__GradWarp__B1_Correction__N3__Scaled_Br_20070517160021095_S26600_I54752.nii,1927.0,80.0
033_S_1309,MCI,1,bl,2007-02-28,Female,16.0,Not Hispanic or Latino,White,27.0,1.5,C:\Users\arine\Downloads\ADNI1_Complete_1Yr_1.5T\ADNI\033_S_1309\MPR__GradWarp__B1_Correction__N3__Scaled\2007-02-08_12_12_07.0\I51605\ADNI_033_S_1309_MR_MPR__GradWarp__B1_Correction__N3__Scaled_Br_20070426181345627_S26195_I51605.nii,1937.0,70.0
062_S_1182,MCI,1,bl,2007-02-13,Female,18.0,Not Hispanic or Latino,White,29.0,1.0,C:\Users\arine\Downloads\ADNI1_Complete_1Yr_1.5T\ADNI\062_S_1182\MPR__GradWarp__B1_Correction__N3__Scaled\2007-01-17_13_28_23.0\I50566\ADNI_062_S_1182_MR_MPR__GradWarp__B1_Correction__N3__Scaled_Br_20070424130843636_S25166_I50566.nii,1930.0,77.0
013_S_1186,MCI,1,bl,2007-03-01,Male,12.0,Not Hispanic or Latino,White,28.0,1.5,C:\Users\arine\Downloads\ADNI1_Complete_1Yr_1.5T\ADNI\013_S_1186\MPR__GradWarp__B1_Correction__N3__Scaled\2007-01-29_14_37_33.0\I62656\ADNI_013_S_1186_MR_MPR__GradWarp__B1_Correction__N3__Scaled_Br_20070727183243035_S25689_I62656.nii,1923.0,84.0
013_S_1186,MCI,1,bl,2007-03-01,Male,12.0,Not Hispanic or Latino,White,28.0,1.5,C:\Users\arine\Downloads\ADNI1_Complete_1Yr_1.5T\ADNI\013_S_1186\MPR__GradWarp__B1_Correction__N3__Scaled\2007-01-29_14_37_33.0\I62656\ADNI_013_S_1186_MR_MPR__GradWarp__B1_Correction__N3__Scaled_Br_20070727183243035_S25689_I62656.nii,1923.0,84.0
013_S_1186,MCI,1,bl,2007-03-01,Male,12.0,Not Hispanic or Latino,White,28.0,1.5,C:\Users\arine\Downloads\ADNI1_Complete_1Yr_1.5T\ADNI\013_S_1186\MPR__GradWarp__B1_Correction__N3__Scaled\2007-01-29_14_37_33.0\I62656\ADNI_013_S_1186_MR_MPR__GradWarp__B1_Correction__N3__Scaled_Br_20070727183243035_S25689_I62656.nii,,75.05882352941177
013_S_1186,MCI,1,bl,2007-03-01,Male,12.0,Not Hispanic or Latino,White,28.0,1.5,C:\Users\arine\Downloads\ADNI1_Complete_1Yr_1.5T\ADNI\013_S_1186\MPR__GradWarp__B1_Correction__N3__Scaled\2007-01-29_14_37_33.0\I62656\ADNI_013_S_1186_MR_MPR__GradWarp__B1_Correction__N3__Scaled_Br_20070727183243035_S25689_I62656.nii,1923.0,84.0
062_S_1299,MCI,1,bl,2007-03-06,Male,14.0,Not Hispanic or Latino,White,26.0,1.5,C:\Users\arine\Downloads\ADNI1_Complete_1Yr_1.5T\ADNI\062_S_1299\MPR__GradWarp__B1_Correction__N3__Scaled\2007-02-20_16_08_10.0\I50584\ADNI_062_S_1299_MR_MPR__GradWarp__B1_Correction__N3__Scaled_Br_20070424132742329_S26794_I50584.nii,1935.0,72.0
024_S_1307,Dementia,2,bl,2007-03-06,Female,13.0,Not Hispanic or Latino,White,24.0,2.5,C:\Users\arine\Downloads\ADNI1_Complete_1Yr_1.5T\ADNI\024_S_1307\MPR__GradWarp__B1_Correction__N3__Scaled\2007-02-23_11_17_38.0\I63415\ADNI_024_S_1307_MR_MPR__GradWarp__B1_Correction__N3__Scaled_Br_20070731173131780_S27061_I63415.nii,1931.0,76.0
116_S_1243,MCI,1,bl,2007-03-06,Male,16.0,Not Hispanic or Latino,White,27.0,0.5,C:\Users\arine\Downloads\ADNI1_Complete_1Yr_1.5T\ADNI\116_S_1243\MPR-R__GradWarp__N3__Scaled\2007-02-07_10_30_30.0\I59735\ADNI_116_S_1243_MR_MPR-R__GradWarp__N3__Scaled_Br_20070713082800619_S26080_I59735.nii,1929.0,78.0
116_S_1243,MCI,1,bl,2007-03-06,Male,16.0,Not Hispanic or Latino,White,27.0,0.5,C:\Users\arine\Downloads\ADNI1_Complete_1Yr_1.5T\ADNI\116_S_1243\MPR-R__GradWarp__N3__Scaled\2007-02-07_10_30_30.0\I59735\ADNI_116_S_1243_MR_MPR-R__GradWarp__N3__Scaled_Br_20070713082800619_S26080_I59735.nii,1929.0,78.0
116_S_1243,MCI,1,bl,2007-03-06,Male,16.0,Not Hispanic or Latino,White,27.0,0.5,C:\Users\arine\Downloads\ADNI1_Complete_1Yr_1.5T\ADNI\116_S_1243\MPR-R__GradWarp__N3__Scaled\2007-02-07_10_30_30.0\I59735\ADNI_116_S_1243_MR_MPR-R__GradWarp__N3__Scaled_Br_20070713082800619_S26080_I59735.nii,1929.0,78.0
116_S_1243,MCI,1,bl,2007-03-06,Male,16.0,Not Hispanic or Latino,White,27.0,0.5,C:\Users\arine\Downloads\ADNI1_Complete_1Yr_1.5T\ADNI\116_S_1243\MPR-R__GradWarp__N3__Scaled\2007-02-07_10_30_30.0\I59735\ADNI_116_S_1243_MR_MPR-R__GradWarp__N3__Scaled_Br_20070713082800619_S26080_I59735.nii,,75.05882352941177
131_S_1301,CN,0,bl,2007-03-07,Female,18.0,Not Hispanic or Latino,White,30.0,0.0,C:\Users\arine\Downloads\ADNI1_Complete_1Yr_1.5T\ADNI\131_S_1301\MPR__GradWarp__B1_Correction__N3__Scaled\2007-02-21_11_33_23.0\I63793\ADNI_131_S_1301_MR_MPR__GradWarp__B1_Correction__N3__Scaled_Br_20070801190324220_S26899_I63793.nii,1934.0,73.0
073_S_0746,MCI,1,bl,2007-03-07,Female,18.0,Not Hispanic or Latino,White,30.0,1.5,C:\Users\arine\Downloads\ADNI1_Complete_1Yr_1.5T\ADNI\073_S_0746\MPR-R__GradWarp__B1_Correction__N3__Scaled\2006-11-30_16_47_31.0\I63122\ADNI_073_S_0746_MR_MPR-R__GradWarp__B1_Correction__N3__Scaled_Br_20070731112459149_S23286_I63122.nii,1933.0,74.0
073_S_0746,MCI,1,bl,2007-03-07,Female,18.0,Not Hispanic or Latino,White,30.0,1.5,C:\Users\arine\Downloads\ADNI1_Complete_1Yr_1.5T\ADNI\073_S_0746\MPR-R__GradWarp__B1_Correction__N3__Scaled\2006-11-30_16_47_31.0\I63122\ADNI_073_S_0746_MR_MPR-R__GradWarp__B1_Correction__N3__Scaled_Br_20070731112459149_S23286_I63122.nii,1933.0,74.0
082_S_1256,CN,0,bl,2007-02-23,Female,17.0,Not Hispanic or Latino,White,30.0,0.0,C:\Users\arine\Downloads\ADNI1_Complete_1Yr_1.5T\ADNI\082_S_1256\MPR__GradWarp__B1_Correction__N3__Scaled\2007-02-16_15_10_42.0\I63155\ADNI_082_S_1256_MR_MPR__GradWarp__B1_Correction__N3__Scaled_Br_20070731114338839_S26812_I63155.nii,1935.0,72.0
082_S_1256,CN,0,bl,2007-02-23,Female,17.0,Not Hispanic or Latino,White,30.0,0.0,C:\Users\arine\Downloads\ADNI1_Complete_1Yr_1.5T\ADNI\082_S_1256\MPR__GradWarp__B1_Correction__N3__Scaled\2007-02-16_15_10_42.0\I63155\ADNI_082_S_1256_MR_MPR__GradWarp__B1_Correction__N3__Scaled_Br_20070731114338839_S26812_I63155.nii,1935.0,72.0
002_S_1280,CN,0,bl,2007-03-02,Female,14.0,Hispanic or Latino,White,30.0,0.0,C:\Users\arine\Downloads\ADNI1_Complete_1Yr_1.5T\ADNI\002_S_1280\MPR__GradWarp__B1_Correction__N3__Scaled\2007-02-13_07_59_35.0\I60056\ADNI_002_S_1280_MR_MPR__GradWarp__B1_Correction__N3__Scaled_Br_20070713123810416_S26453_I60056.nii,1936.0,71.0
002_S_1280,CN,0,bl,2007-03-02,Female,14.0,Hispanic or Latino,White,30.0,0.0,C:\Users\arine\Downloads\ADNI1_Complete_1Yr_1.5T\ADNI\002_S_1280\MPR__GradWarp__B1_Correction__N3__Scaled\2007-02-13_07_59_35.0\I60056\ADNI_002_S_1280_MR_MPR__GradWarp__B1_Correction__N3__Scaled_Br_20070713123810416_S26453_I60056.nii,1936.0,71.0
002_S_1280,CN,0,bl,2007-03-02,Female,14.0,Hispanic or Latino,White,30.0,0.0,C:\Users\arine\Downloads\ADNI1_Complete_1Yr_1.5T\ADNI\002_S_1280\MPR__GradWarp__B1_Correction__N3__Scaled\2007-02-13_07_59_35.0\I60056\ADNI_002_S_1280_MR_MPR__GradWarp__B1_Correction__N3__Scaled_Br_20070713123810416_S26453_I60056.nii,,75.71323529411765
002_S_1280,CN,0,bl,2007-03-02,Female,14.0,Hispanic or Latino,White,30.0,0.0,C:\Users\arine\Downloads\ADNI1_Complete_1Yr_1.5T\ADNI\002_S_1280\MPR__GradWarp__B1_Correction__N3__Scaled\2007-02-13_07_59_35.0\I60056\ADNI_002_S_1280_MR_MPR__GradWarp__B1_Correction__N3__Scaled_Br_20070713123810416_S26453_I60056.nii,1936.0,71.0
002_S_1280,CN,0,bl,2007-03-02,Female,14.0,Hispanic or Latino,White,30.0,0.0,C:\Users\arine\Downloads\ADNI1_Complete_1Yr_1.5T\ADNI\002_S_1280\MPR__GradWarp__B1_Correction__N3__Scaled\2007-02-13_07_59_35.0\I60056\ADNI_002_S_1280_MR_MPR__GradWarp__B1_Correction__N3__Scaled_Br_20070713123810416_S26453_I60056.nii,1936.0,71.0
057_S_1217,MCI,1,bl,2007-02-14,Female,16.0,Not Hispanic or Latino,White,29.0,1.0,C:\Users\arine\Downloads\ADNI1_Complete_1Yr_1.5T\ADNI\057_S_1217\MPR__GradWarp__B1_Correction__N3__Scaled\2007-01-31_13_26_03.0\I62984\ADNI_057_S_1217_MR_MPR__GradWarp__B1_Correction__N3__Scaled_Br_20070730190049077_S25854_I62984.nii,1939.0,68.0
099_S_1144,Dementia,2,bl,2007-03-09,Male,13.0,Not Hispanic or Latino,White,21.0,3.5,C:\Users\arine\Downloads\ADNI1_Complete_1Yr_1.5T\ADNI\099_S_1144\MPR-R__GradWarp__B1_Correction__N3__Scaled\2006-12-19_08_21_10.0\I102040\ADNI_099_S_1144_MR_MPR-R__GradWarp__B1_Correction__N3__Scaled_Br_20080410141201622_S24218_I102040.nii,1929.0,78.0
099_S_1034,MCI,1,bl,2006-12-15,Male,18.0,Not Hispanic or Latino,White,26.0,0.5,C:\Users\arine\Downloads\ADNI1_Complete_1Yr_1.5T\ADNI\099_S_1034\MPR__GradWarp__B1_Correction__N3__Scaled\2006-11-02_07_05_39.0\I47953\ADNI_099_S_1034_MR_MPR__GradWarp__B1_Correction__N3__Scaled_Br_20070403124911906_S21759_I47953.nii,1931.0,75.0
099_S_1034,MCI,1,bl,2006-12-15,Male,18.0,Not Hispanic or Latino,White,26.0,0.5,C:\Users\arine\Downloads\ADNI1_Complete_1Yr_1.5T\ADNI\099_S_1034\MPR__GradWarp__B1_Correction__N3__Scaled\2006-11-02_07_05_39.0\I47953\ADNI_099_S_1034_MR_MPR__GradWarp__B1_Correction__N3__Scaled_Br_20070403124911906_S21759_I47953.nii,1931.0,75.0
099_S_1034,MCI,1,bl,2006-12-15,Male,18.0,Not Hispanic or Latino,White,26.0,0.5,C:\Users\arine\Downloads\ADNI1_Complete_1Yr_1.5T\ADNI\099_S_1034\MPR__GradWarp__B1_Correction__N3__Scaled\2006-11-02_07_05_39.0\I47953\ADNI_099_S_1034_MR_MPR__GradWarp__B1_Correction__N3__Scaled_Br_20070403124911906_S21759_I47953.nii,1931.0,75.0
012_S_1321,MCI,1,bl,2007-03-15,Male,20.0,Not Hispanic or Latino,White,28.0,1.0,C:\Users\arine\Downloads\ADNI1_Complete_1Yr_1.5T\ADNI\012_S_1321\MPR____N3__Scaled\2007-02-22_08_05_59.0\I63367\ADNI_012_S_1321_MR_MPR____N3__Scaled_Br_20070731164421634_S26933_I63367.nii,1923.0,84.0
141_S_1255,MCI,1,bl,2007-03-09,Female,16.0,Not Hispanic or Latino,White,28.0,1.0,C:\Users\arine\Downloads\ADNI1_Complete_1Yr_1.5T\ADNI\141_S_1255\MPR__GradWarp__B1_Correction__N3__Scaled\2007-02-03_16_00_27.0\I48608\ADNI_141_S_1255_MR_MPR__GradWarp__B1_Correction__N3__Scaled_Br_20070411124635135_S25887_I48608.nii,1930.0,77.0
141_S_1255,MCI,1,bl,2007-03-09,Female,16.0,Not Hispanic or Latino,White,28.0,1.0,C:\Users\arine\Downloads\ADNI1_Complete_1Yr_1.5T\ADNI\141_S_1255\MPR__GradWarp__B1_Correction__N3__Scaled\2007-02-03_16_00_27.0\I48608\ADNI_141_S_1255_MR_MPR__GradWarp__B1_Correction__N3__Scaled_Br_20070411124635135_S25887_I48608.nii,1930.0,77.0
141_S_1255,MCI,1,bl,2007-03-09,Female,16.0,Not Hispanic or Latino,White,28.0,1.0,C:\Users\arine\Downloads\ADNI1_Complete_1Yr_1.5T\ADNI\141_S_1255\MPR__GradWarp__B1_Correction__N3__Scaled\2007-02-03_16_00_27.0\I48608\ADNI_141_S_1255_MR_MPR__GradWarp__B1_Correction__N3__Scaled_Br_20070411124635135_S25887_I48608.nii,1930.0,77.0
020_S_1288,CN,0,bl,2007-03-20,Male,20.0,Not Hispanic or Latino,White,30.0,0.0,C:\Users\arine\Downloads\ADNI1_Complete_1Yr_1.5T\ADNI\020_S_1288\MPR__GradWarp__B1_Correction__N3__Scaled\2007-02-21_17_15_15.0\I60664\ADNI_020_S_1288_MR_MPR__GradWarp__B1_Correction__N3__Scaled_Br_20070718140740691_S26890_I60664.nii,1947.0,60.0
020_S_1288,CN,0,bl,2007-03-20,Male,20.0,Not Hispanic or Latino,White,30.0,0.0,C:\Users\arine\Downloads\ADNI1_Complete_1Yr_1.5T\ADNI\020_S_1288\MPR__GradWarp__B1_Correction__N3__Scaled\2007-02-21_17_15_15.0\I60664\ADNI_020_S_1288_MR_MPR__GradWarp__B1_Correction__N3__Scaled_Br_20070718140740691_S26890_I60664.nii,1947.0,60.0
020_S_1288,CN,0,bl,2007-03-20,Male,20.0,Not Hispanic or Latino,White,30.0,0.0,C:\Users\arine\Downloads\ADNI1_Complete_1Yr_1.5T\ADNI\020_S_1288\MPR__GradWarp__B1_Correction__N3__Scaled\2007-02-21_17_15_15.0\I60664\ADNI_020_S_1288_MR_MPR__GradWarp__B1_Correction__N3__Scaled_Br_20070718140740691_S26890_I60664.nii,1947.0,60.0
130_S_1290,Dementia,2,bl,2007-02-27,Female,8.0,Not Hispanic or Latino,White,25.0,4.0,C:\Users\arine\Downloads\ADNI1_Complete_1Yr_1.5T\ADNI\130_S_1290\MPR__GradWarp__B1_Correction__N3__Scaled\2007-02-07_10_26_15.0\I63766\ADNI_130_S_1290_MR_MPR__GradWarp__B1_Correction__N3__Scaled_Br_20070801183629045_S26038_I63766.nii,1927.0,80.0
130_S_1290,Dementia,2,bl,2007-02-27,Female,8.0,Not Hispanic or Latino,White,25.0,4.0,C:\Users\arine\Downloads\ADNI1_Complete_1Yr_1.5T\ADNI\130_S_1290\MPR__GradWarp__B1_Correction__N3__Scaled\2007-02-07_10_26_15.0\I63766\ADNI_130_S_1290_MR_MPR__GradWarp__B1_Correction__N3__Scaled_Br_20070801183629045_S26038_I63766.nii,,74.94117647058823
041_S_1368,Dementia,2,bl,2007-03-22,Female,18.0,Not Hispanic or Latino,White,20.0,4.0,C:\Users\arine\Downloads\ADNI1_Complete_1Yr_1.5T\ADNI\041_S_1368\MPR__GradWarp__B1_Correction__N3__Scaled\2007-03-05_10_29_58.0\I65248\ADNI_041_S_1368_MR_MPR__GradWarp__B1_Correction__N3__Scaled_Br_20070806164945601_S27512_I65248.nii,1931.0,76.0
130_S_1337,Dementia,2,bl,2007-03-13,Male,16.0,Not Hispanic or Latino,White,25.0,5.5,C:\Users\arine\Downloads\ADNI1_Complete_1Yr_1.5T\ADNI\130_S_1337\MPR__GradWarp__B1_Correction__N3__Scaled\2007-03-05_15_59_19.0\I63775\ADNI_130_S_1337_MR_MPR__GradWarp__B1_Correction__N3__Scaled_Br_20070801184528226_S27584_I63775.nii,1935.0,72.0
027_S_1385,Dementia,2,bl,2007-03-13,Female,12.0,Not Hispanic or Latino,Black or African American,26.0,4.5,C:\Users\arine\Downloads\ADNI1_Complete_1Yr_1.5T\ADNI\027_S_1385\MPR__GradWarp__B1_Correction__N3__Scaled\2007-02-28_12_40_23.0\I47574\ADNI_027_S_1385_MR_MPR__GradWarp__B1_Correction__N3__Scaled_Br_20070330094058546_S28133_I47574.nii,1937.0,70.0
027_S_1385,Dementia,2,bl,2007-03-13,Female,12.0,Not Hispanic or Latino,Black or African American,26.0,4.5,C:\Users\arine\Downloads\ADNI1_Complete_1Yr_1.5T\ADNI\027_S_1385\MPR__GradWarp__B1_Correction__N3__Scaled\2007-02-28_12_40_23.0\I47574\ADNI_027_S_1385_MR_MPR__GradWarp__B1_Correction__N3__Scaled_Br_20070330094058546_S28133_I47574.nii,,74.94117647058823
016_S_1326,MCI,1,bl,2007-03-27,Male,18.0,Not Hispanic or Latino,White,28.0,2.5,C:\Users\arine\Downloads\ADNI1_Complete_1Yr_1.5T\ADNI\016_S_1326\MPR__GradWarp__B1_Correction__N3__Scaled\2007-03-01_11_09_36.0\I62395\ADNI_016_S_1326_MR_MPR__GradWarp__B1_Correction__N3__Scaled_Br_20070727131057546_S27431_I62395.nii,1940.0,67.0
016_S_1326,MCI,1,bl,2007-03-27,Male,18.0,Not Hispanic or Latino,White,28.0,2.5,C:\Users\arine\Downloads\ADNI1_Complete_1Yr_1.5T\ADNI\016_S_1326\MPR__GradWarp__B1_Correction__N3__Scaled\2007-03-01_11_09_36.0\I62395\ADNI_016_S_1326_MR_MPR__GradWarp__B1_Correction__N3__Scaled_Br_20070727131057546_S27431_I62395.nii,1940.0,67.0
016_S_1326,MCI,1,bl,2007-03-27,Male,18.0,Not Hispanic or Latino,White,28.0,2.5,C:\Users\arine\Downloads\ADNI1_Complete_1Yr_1.5T\ADNI\016_S_1326\MPR__GradWarp__B1_Correction__N3__Scaled\2007-03-01_11_09_36.0\I62395\ADNI_016_S_1326_MR_MPR__GradWarp__B1_Correction__N3__Scaled_Br_20070727131057546_S27431_I62395.nii,,75.05882352941177
016_S_1326,MCI,1,bl,2007-03-27,Male,18.0,Not Hispanic or Latino,White,28.0,2.5,C:\Users\arine\Downloads\ADNI1_Complete_1Yr_1.5T\ADNI\016_S_1326\MPR__GradWarp__B1_Correction__N3__Scaled\2007-03-01_11_09_36.0\I62395\ADNI_016_S_1326_MR_MPR__GradWarp__B1_Correction__N3__Scaled_Br_20070727131057546_S27431_I62395.nii,1940.0,67.0
116_S_1271,MCI,1,bl,2007-03-27,Male,16.0,Not Hispanic or Latino,White,27.0,3.5,C:\Users\arine\Downloads\ADNI1_Complete_1Yr_1.5T\ADNI\116_S_1271\MPR__GradWarp__N3__Scaled\2007-02-21_09_12_06.0\I59652\ADNI_116_S_1271_MR_MPR__GradWarp__N3__Scaled_Br_20070712173906167_S26938_I59652.nii,1935.0,72.0
116_S_1271,MCI,1,bl,2007-03-27,Male,16.0,Not Hispanic or Latino,White,27.0,3.5,C:\Users\arine\Downloads\ADNI1_Complete_1Yr_1.5T\ADNI\116_S_1271\MPR__GradWarp__N3__Scaled\2007-02-21_09_12_06.0\I59652\ADNI_116_S_1271_MR_MPR__GradWarp__N3__Scaled_Br_20070712173906167_S26938_I59652.nii,1935.0,72.0
116_S_1271,MCI,1,bl,2007-03-27,Male,16.0,Not Hispanic or Latino,White,27.0,3.5,C:\Users\arine\Downloads\ADNI1_Complete_1Yr_1.5T\ADNI\116_S_1271\MPR__GradWarp__N3__Scaled\2007-02-21_09_12_06.0\I59652\ADNI_116_S_1271_MR_MPR__GradWarp__N3__Scaled_Br_20070712173906167_S26938_I59652.nii,,75.05882352941177
007_S_1339,Dementia,2,bl,2007-03-28,Female,13.0,Not Hispanic or Latino,White,25.0,5.0,C:\Users\arine\Downloads\ADNI1_Complete_1Yr_1.5T\ADNI\007_S_1339\MPR__GradWarp__B1_Correction__N3__Scaled\2007-02-22_12_03_27.0\I56319\ADNI_007_S_1339_MR_MPR__GradWarp__B1_Correction__N3__Scaled_Br_20070607134807952_S27414_I56319.nii,1927.0,80.0
002_S_1268,MCI,1,bl,2007-03-28,Male,20.0,Not Hispanic or Latino,White,28.0,1.5,C:\Users\arine\Downloads\ADNI1_Complete_1Yr_1.5T\ADNI\002_S_1268\MPR__GradWarp__B1_Correction__N3__Scaled\2007-02-14_07_55_55.0\I64037\ADNI_002_S_1268_MR_MPR__GradWarp__B1_Correction__N3__Scaled_Br_20070802165115484_S26498_I64037.nii,1924.0,83.0
002_S_1268,MCI,1,bl,2007-03-28,Male,20.0,Not Hispanic or Latino,White,28.0,1.5,C:\Users\arine\Downloads\ADNI1_Complete_1Yr_1.5T\ADNI\002_S_1268\MPR__GradWarp__B1_Correction__N3__Scaled\2007-02-14_07_55_55.0\I64037\ADNI_002_S_1268_MR_MPR__GradWarp__B1_Correction__N3__Scaled_Br_20070802165115484_S26498_I64037.nii,1924.0,83.0
002_S_1268,MCI,1,bl,2007-03-28,Male,20.0,Not Hispanic or Latino,White,28.0,1.5,C:\Users\arine\Downloads\ADNI1_Complete_1Yr_1.5T\ADNI\002_S_1268\MPR__GradWarp__B1_Correction__N3__Scaled\2007-02-14_07_55_55.0\I64037\ADNI_002_S_1268_MR_MPR__GradWarp__B1_Correction__N3__Scaled_Br_20070802165115484_S26498_I64037.nii,,75.05882352941177
002_S_1268,MCI,1,bl,2007-03-28,Male,20.0,Not Hispanic or Latino,White,28.0,1.5,C:\Users\arine\Downloads\ADNI1_Complete_1Yr_1.5T\ADNI\002_S_1268\MPR__GradWarp__B1_Correction__N3__Scaled\2007-02-14_07_55_55.0\I64037\ADNI_002_S_1268_MR_MPR__GradWarp__B1_Correction__N3__Scaled_Br_20070802165115484_S26498_I64037.nii,1924.0,83.0
094_S_1293,MCI,1,bl,2007-03-29,Male,16.0,Not Hispanic or Latino,White,25.0,0.5,C:\Users\arine\Downloads\ADNI1_Complete_1Yr_1.5T\ADNI\094_S_1293\MPR__GradWarp__B1_Correction__N3__Scaled\2007-03-12_08_28_54.0\I64374\ADNI_094_S_1293_MR_MPR__GradWarp__B1_Correction__N3__Scaled_Br_20070802212429298_S27865_I64374.nii,1930.0,77.0
094_S_1293,MCI,1,bl,2007-03-29,Male,16.0,Not Hispanic or Latino,White,25.0,0.5,C:\Users\arine\Downloads\ADNI1_Complete_1Yr_1.5T\ADNI\094_S_1293\MPR__GradWarp__B1_Correction__N3__Scaled\2007-03-12_08_28_54.0\I64374\ADNI_094_S_1293_MR_MPR__GradWarp__B1_Correction__N3__Scaled_Br_20070802212429298_S27865_I64374.nii,,75.05882352941177
094_S_1267,CN,0,bl,2007-03-29,Male,16.0,Not Hispanic or Latino,White,30.0,0.0,C:\Users\arine\Downloads\ADNI1_Complete_1Yr_1.5T\ADNI\094_S_1267\MPR__GradWarp__B1_Correction__N3__Scaled\2007-03-16_11_05_19.0\I80718\ADNI_094_S_1267_MR_MPR__GradWarp__B1_Correction__N3__Scaled_Br_20071104115940665_S28217_I80718.nii,1933.0,74.0
116_S_1315,MCI,1,bl,2007-04-03,Female,14.0,Not Hispanic or Latino,White,25.0,1.0,C:\Users\arine\Downloads\ADNI1_Complete_1Yr_1.5T\ADNI\116_S_1315\MPR__GradWarp__N3__Scaled\2007-03-08_09_24_54.0\I59718\ADNI_116_S_1315_MR_MPR__GradWarp__N3__Scaled_Br_20070713080952048_S27811_I59718.nii,1923.0,84.0
005_S_1341,Dementia,2,bl,2007-04-04,Female,12.0,Not Hispanic or Latino,White,24.0,5.0,C:\Users\arine\Downloads\ADNI1_Complete_1Yr_1.5T\ADNI\005_S_1341\MPR__GradWarp__B1_Correction__N3__Scaled\2007-03-07_12_44_49.0\I60417\ADNI_005_S_1341_MR_MPR__GradWarp__B1_Correction__N3__Scaled_Br_20070717180348670_S27673_I60417.nii,1935.0,72.0
052_S_1352,MCI,1,bl,2007-03-19,Male,16.0,Not Hispanic or Latino,White,30.0,1.0,C:\Users\arine\Downloads\ADNI1_Complete_1Yr_1.5T\ADNI\052_S_1352\MPR__GradWarp__B1_Correction__N3__Scaled\2007-03-06_09_11_51.0\I62319\ADNI_052_S_1352_MR_MPR__GradWarp__B1_Correction__N3__Scaled_Br_20070727120722606_S27549_I62319.nii,1921.0,86.0
052_S_1352,MCI,1,bl,2007-03-19,Male,16.0,Not Hispanic or Latino,White,30.0,1.0,C:\Users\arine\Downloads\ADNI1_Complete_1Yr_1.5T\ADNI\052_S_1352\MPR__GradWarp__B1_Correction__N3__Scaled\2007-03-06_09_11_51.0\I62319\ADNI_052_S_1352_MR_MPR__GradWarp__B1_Correction__N3__Scaled_Br_20070727120722606_S27549_I62319.nii,1921.0,86.0
052_S_1352,MCI,1,bl,2007-03-19,Male,16.0,Not Hispanic or Latino,White,30.0,1.0,C:\Users\arine\Downloads\ADNI1_Complete_1Yr_1.5T\ADNI\052_S_1352\MPR__GradWarp__B1_Correction__N3__Scaled\2007-03-06_09_11_51.0\I62319\ADNI_052_S_1352_MR_MPR__GradWarp__B1_Correction__N3__Scaled_Br_20070727120722606_S27549_I62319.nii,1921.0,86.0
052_S_1250,CN,0,bl,2007-02-16,Female,10.0,Not Hispanic or Latino,Black or African American,28.0,0.0,C:\Users\arine\Downloads\ADNI1_Complete_1Yr_1.5T\ADNI\052_S_1250\MPR__GradWarp__B1_Correction__N3__Scaled\2007-02-02_13_18_18.0\I62240\ADNI_052_S_1250_MR_MPR__GradWarp__B1_Correction__N3__Scaled_Br_20070727104806153_S25829_I62240.nii,1933.0,74.0
052_S_1250,CN,0,bl,2007-02-16,Female,10.0,Not Hispanic or Latino,Black or African American,28.0,0.0,C:\Users\arine\Downloads\ADNI1_Complete_1Yr_1.5T\ADNI\052_S_1250\MPR__GradWarp__B1_Correction__N3__Scaled\2007-02-02_13_18_18.0\I62240\ADNI_052_S_1250_MR_MPR__GradWarp__B1_Correction__N3__Scaled_Br_20070727104806153_S25829_I62240.nii,1933.0,74.0
052_S_1250,CN,0,bl,2007-02-16,Female,10.0,Not Hispanic or Latino,Black or African American,28.0,0.0,C:\Users\arine\Downloads\ADNI1_Complete_1Yr_1.5T\ADNI\052_S_1250\MPR__GradWarp__B1_Correction__N3__Scaled\2007-02-02_13_18_18.0\I62240\ADNI_052_S_1250_MR_MPR__GradWarp__B1_Correction__N3__Scaled_Br_20070727104806153_S25829_I62240.nii,1933.0,74.0
052_S_1251,CN,0,bl,2007-02-23,Female,13.0,Not Hispanic or Latino,White,28.0,0.0,C:\Users\arine\Downloads\ADNI1_Complete_1Yr_1.5T\ADNI\052_S_1251\MPR__GradWarp__B1_Correction__N3__Scaled\2007-02-09_13_07_55.0\I62282\ADNI_052_S_1251_MR_MPR__GradWarp__B1_Correction__N3__Scaled_Br_20070727113005318_S26231_I62282.nii,1932.0,75.0
052_S_1346,MCI,1,bl,2007-03-23,Male,12.0,Not Hispanic or Latino,White,29.0,2.5,C:\Users\arine\Downloads\ADNI1_Complete_1Yr_1.5T\ADNI\052_S_1346\MPR__GradWarp__B1_Correction__N3__Scaled\2007-03-13_09_04_18.0\I62299\ADNI_052_S_1346_MR_MPR__GradWarp__B1_Correction__N3__Scaled_Br_20070727115323490_S28024_I62299.nii,1934.0,73.0
052_S_1346,MCI,1,bl,2007-03-23,Male,12.0,Not Hispanic or Latino,White,29.0,2.5,C:\Users\arine\Downloads\ADNI1_Complete_1Yr_1.5T\ADNI\052_S_1346\MPR__GradWarp__B1_Correction__N3__Scaled\2007-03-13_09_04_18.0\I62299\ADNI_052_S_1346_MR_MPR__GradWarp__B1_Correction__N3__Scaled_Br_20070727115323490_S28024_I62299.nii,1934.0,73.0
052_S_1346,MCI,1,bl,2007-03-23,Male,12.0,Not Hispanic or Latino,White,29.0,2.5,C:\Users\arine\Downloads\ADNI1_Complete_1Yr_1.5T\ADNI\052_S_1346\MPR__GradWarp__B1_Correction__N3__Scaled\2007-03-13_09_04_18.0\I62299\ADNI_052_S_1346_MR_MPR__GradWarp__B1_Correction__N3__Scaled_Br_20070727115323490_S28024_I62299.nii,1934.0,73.0
029_S_1384,MCI,1,bl,2007-04-05,Male,16.0,Not Hispanic or Latino,White,25.0,2.5,C:\Users\arine\Downloads\ADNI1_Complete_1Yr_1.5T\ADNI\029_S_1384\MPR-R__GradWarp__B1_Correction__N3__Scaled\2007-03-28_11_37_55.0\I64907\ADNI_029_S_1384_MR_MPR-R__GradWarp__B1_Correction__N3__Scaled_Br_20070805145632687_S29083_I64907.nii,1935.0,72.0
029_S_1318,MCI,1,bl,2007-04-05,Female,18.0,Not Hispanic or Latino,White,29.0,1.0,C:\Users\arine\Downloads\ADNI1_Complete_1Yr_1.5T\ADNI\029_S_1318\MPR-R__GradWarp__B1_Correction__N3__Scaled\2007-02-17_08_53_16.0\I60760\ADNI_029_S_1318_MR_MPR-R__GradWarp__B1_Correction__N3__Scaled_Br_20070718153404161_S26769_I60760.nii,1924.0,83.0
029_S_1318,MCI,1,bl,2007-04-05,Female,18.0,Not Hispanic or Latino,White,29.0,1.0,C:\Users\arine\Downloads\ADNI1_Complete_1Yr_1.5T\ADNI\029_S_1318\MPR-R__GradWarp__B1_Correction__N3__Scaled\2007-02-17_08_53_16.0\I60760\ADNI_029_S_1318_MR_MPR-R__GradWarp__B1_Correction__N3__Scaled_Br_20070718153404161_S26769_I60760.nii,1924.0,83.0
029_S_1318,MCI,1,bl,2007-04-05,Female,18.0,Not Hispanic or Latino,White,29.0,1.0,C:\Users\arine\Downloads\ADNI1_Complete_1Yr_1.5T\ADNI\029_S_1318\MPR-R__GradWarp__B1_Correction__N3__Scaled\2007-02-17_08_53_16.0\I60760\ADNI_029_S_1318_MR_MPR-R__GradWarp__B1_Correction__N3__Scaled_Br_20070718153404161_S26769_I60760.nii,1924.0,83.0
013_S_1275,MCI,1,bl,2007-03-26,Female,20.0,Not Hispanic or Latino,White,30.0,2.0,C:\Users\arine\Downloads\ADNI1_Complete_1Yr_1.5T\ADNI\013_S_1275\MPR__GradWarp__B1_Correction__N3__Scaled\2007-02-22_13_58_00.0\I62666\ADNI_013_S_1275_MR_MPR__GradWarp__B1_Correction__N3__Scaled_Br_20070727183904208_S27069_I62666.nii,1928.0,79.0
057_S_1371,Dementia,2,bl,2007-04-12,Male,10.0,Not Hispanic or Latino,White,26.0,3.0,C:\Users\arine\Downloads\ADNI1_Complete_1Yr_1.5T\ADNI\057_S_1371\MPR-R__GradWarp__B1_Correction__N3__Scaled\2007-03-21_15_43_48.0\I62998\ADNI_057_S_1371_MR_MPR-R__GradWarp__B1_Correction__N3__Scaled_Br_20070730190858034_S28667_I62998.nii,1922.0,85.0
022_S_1351,MCI,1,bl,2007-03-16,Female,12.0,Not Hispanic or Latino,White,30.0,1.0,C:\Users\arine\Downloads\ADNI1_Complete_1Yr_1.5T\ADNI\022_S_1351\MPR__GradWarp__B1_Correction__N3__Scaled\2007-03-16_11_58_59.0\I59615\ADNI_022_S_1351_MR_MPR__GradWarp__B1_Correction__N3__Scaled_Br_20070712162218272_S28484_I59615.nii,1935.0,72.0
022_S_1351,MCI,1,bl,2007-03-16,Female,12.0,Not Hispanic or Latino,White,30.0,1.0,C:\Users\arine\Downloads\ADNI1_Complete_1Yr_1.5T\ADNI\022_S_1351\MPR__GradWarp__B1_Correction__N3__Scaled\2007-03-16_11_58_59.0\I59615\ADNI_022_S_1351_MR_MPR__GradWarp__B1_Correction__N3__Scaled_Br_20070712162218272_S28484_I59615.nii,1935.0,72.0
022_S_1351,MCI,1,bl,2007-03-16,Female,12.0,Not Hispanic or Latino,White,30.0,1.0,C:\Users\arine\Downloads\ADNI1_Complete_1Yr_1.5T\ADNI\022_S_1351\MPR__GradWarp__B1_Correction__N3__Scaled\2007-03-16_11_58_59.0\I59615\ADNI_022_S_1351_MR_MPR__GradWarp__B1_Correction__N3__Scaled_Br_20070712162218272_S28484_I59615.nii,1935.0,72.0
022_S_1351,MCI,1,bl,2007-03-16,Female,12.0,Not Hispanic or Latino,White,30.0,1.0,C:\Users\arine\Downloads\ADNI1_Complete_1Yr_1.5T\ADNI\022_S_1351\MPR__GradWarp__B1_Correction__N3__Scaled\2007-03-16_11_58_59.0\I59615\ADNI_022_S_1351_MR_MPR__GradWarp__B1_Correction__N3__Scaled_Br_20070712162218272_S28484_I59615.nii,,75.05882352941177
057_S_1379,Dementia,2,bl,2007-04-12,Male,8.0,Not Hispanic or Latino,White,24.0,3.5,C:\Users\arine\Downloads\ADNI1_Complete_1Yr_1.5T\ADNI\057_S_1379\MPR__GradWarp__B1_Correction__N3__Scaled\2007-03-21_16_36_57.0\I63014\ADNI_057_S_1379_MR_MPR__GradWarp__B1_Correction__N3__Scaled_Br_20070730191813596_S28761_I63014.nii,1919.0,88.0
057_S_1373,Dementia,2,bl,2007-04-17,Male,20.0,Not Hispanic or Latino,White,21.0,9.0,C:\Users\arine\Downloads\ADNI1_Complete_1Yr_1.5T\ADNI\057_S_1373\MPR-R__GradWarp__B1_Correction__N3__Scaled\2007-03-21_17_31_49.0\I63008\ADNI_057_S_1373_MR_MPR-R__GradWarp__B1_Correction__N3__Scaled_Br_20070730191448410_S28698_I63008.nii,1931.0,76.0
127_S_1382,Dementia,2,bl,2007-04-27,Male,16.0,Not Hispanic or Latino,White,21.0,5.5,C:\Users\arine\Downloads\ADNI1_Complete_1Yr_1.5T\ADNI\127_S_1382\MPR__GradWarp__B1_Correction__N3__Scaled\2007-03-16_17_31_06.0\I66310\ADNI_127_S_1382_MR_MPR__GradWarp__B1_Correction__N3__Scaled_Br_20070809135006478_S28261_I66310.nii,1942.0,65.0
051_S_1040,MCI,1,bl,2006-11-09,Male,11.0,Not Hispanic or Latino,White,29.0,1.0,C:\Users\arine\Downloads\ADNI1_Complete_1Yr_1.5T\ADNI\051_S_1040\MPR-R__GradWarp__B1_Correction__N3__Scaled\2006-10-31_15_10_31.0\I58038\ADNI_051_S_1040_MR_MPR-R__GradWarp__B1_Correction__N3__Scaled_Br_20070628170325267_S21751_I58038.nii,1935.0,71.0
051_S_1040,MCI,1,bl,2006-11-09,Male,11.0,Not Hispanic or Latino,White,29.0,1.0,C:\Users\arine\Downloads\ADNI1_Complete_1Yr_1.5T\ADNI\051_S_1040\MPR-R__GradWarp__B1_Correction__N3__Scaled\2006-10-31_15_10_31.0\I58038\ADNI_051_S_1040_MR_MPR-R__GradWarp__B1_Correction__N3__Scaled_Br_20070628170325267_S21751_I58038.nii,1935.0,71.0
051_S_1072,MCI,1,bl,2006-12-20,Female,13.0,Not Hispanic or Latino,White,30.0,1.0,C:\Users\arine\Downloads\ADNI1_Complete_1Yr_1.5T\ADNI\051_S_1072\MPR__GradWarp__B1_Correction__N3__Scaled\2006-11-24_09_14_20.0\I58011\ADNI_051_S_1072_MR_MPR__GradWarp__B1_Correction__N3__Scaled_Br_20070628164947026_S22884_I58011.nii,1947.0,59.0
051_S_1072,MCI,1,bl,2006-12-20,Female,13.0,Not Hispanic or Latino,White,30.0,1.0,C:\Users\arine\Downloads\ADNI1_Complete_1Yr_1.5T\ADNI\051_S_1072\MPR__GradWarp__B1_Correction__N3__Scaled\2006-11-24_09_14_20.0\I58011\ADNI_051_S_1072_MR_MPR__GradWarp__B1_Correction__N3__Scaled_Br_20070628164947026_S22884_I58011.nii,1947.0,59.0
051_S_1072,MCI,1,bl,2006-12-20,Female,13.0,Not Hispanic or Latino,White,30.0,1.0,C:\Users\arine\Downloads\ADNI1_Complete_1Yr_1.5T\ADNI\051_S_1072\MPR__GradWarp__B1_Correction__N3__Scaled\2006-11-24_09_14_20.0\I58011\ADNI_051_S_1072_MR_MPR__GradWarp__B1_Correction__N3__Scaled_Br_20070628164947026_S22884_I58011.nii,1947.0,59.0
051_S_1123,CN,0,bl,2007-02-06,Female,16.0,Not Hispanic or Latino,White,30.0,0.0,C:\Users\arine\Downloads\ADNI1_Complete_1Yr_1.5T\ADNI\051_S_1123\MPR__GradWarp__B1_Correction__N3__Scaled\2006-12-15_10_20_28.0\I58043\ADNI_051_S_1123_MR_MPR__GradWarp__B1_Correction__N3__Scaled_Br_20070628170623863_S24099_I58043.nii,1931.0,76.0
051_S_1123,CN,0,bl,2007-02-06,Female,16.0,Not Hispanic or Latino,White,30.0,0.0,C:\Users\arine\Downloads\ADNI1_Complete_1Yr_1.5T\ADNI\051_S_1123\MPR__GradWarp__B1_Correction__N3__Scaled\2006-12-15_10_20_28.0\I58043\ADNI_051_S_1123_MR_MPR__GradWarp__B1_Correction__N3__Scaled_Br_20070628170623863_S24099_I58043.nii,,75.71323529411765
051_S_1123,CN,0,bl,2007-02-06,Female,16.0,Not Hispanic or Latino,White,30.0,0.0,C:\Users\arine\Downloads\ADNI1_Complete_1Yr_1.5T\ADNI\051_S_1123\MPR__GradWarp__B1_Correction__N3__Scaled\2006-12-15_10_20_28.0\I58043\ADNI_051_S_1123_MR_MPR__GradWarp__B1_Correction__N3__Scaled_Br_20070628170623863_S24099_I58043.nii,1931.0,76.0
051_S_1123,CN,0,bl,2007-02-06,Female,16.0,Not Hispanic or Latino,White,30.0,0.0,C:\Users\arine\Downloads\ADNI1_Complete_1Yr_1.5T\ADNI\051_S_1123\MPR__GradWarp__B1_Correction__N3__Scaled\2006-12-15_10_20_28.0\I58043\ADNI_051_S_1123_MR_MPR__GradWarp__B1_Correction__N3__Scaled_Br_20070628170623863_S24099_I58043.nii,1931.0,76.0
051_S_1131,MCI,1,bl,2007-01-18,Male,7.0,Not Hispanic or Latino,White,25.0,1.0,C:\Users\arine\Downloads\ADNI1_Complete_1Yr_1.5T\ADNI\051_S_1131\MPR__GradWarp__B1_Correction__N3__Scaled\2006-12-15_09_21_06.0\I62943\ADNI_051_S_1131_MR_MPR__GradWarp__B1_Correction__N3__Scaled_Br_20070730183432214_S24089_I62943.nii,1920.0,87.0
051_S_1131,MCI,1,bl,2007-01-18,Male,7.0,Not Hispanic or Latino,White,25.0,1.0,C:\Users\arine\Downloads\ADNI1_Complete_1Yr_1.5T\ADNI\051_S_1131\MPR__GradWarp__B1_Correction__N3__Scaled\2006-12-15_09_21_06.0\I62943\ADNI_051_S_1131_MR_MPR__GradWarp__B1_Correction__N3__Scaled_Br_20070730183432214_S24089_I62943.nii,1920.0,87.0
051_S_1131,MCI,1,bl,2007-01-18,Male,7.0,Not Hispanic or Latino,White,25.0,1.0,C:\Users\arine\Downloads\ADNI1_Complete_1Yr_1.5T\ADNI\051_S_1131\MPR__GradWarp__B1_Correction__N3__Scaled\2006-12-15_09_21_06.0\I62943\ADNI_051_S_1131_MR_MPR__GradWarp__B1_Correction__N3__Scaled_Br_20070730183432214_S24089_I62943.nii,,75.05882352941177
051_S_1296,Dementia,2,bl,2007-03-01,Male,12.0,Not Hispanic or Latino,White,25.0,4.0,C:\Users\arine\Downloads\ADNI1_Complete_1Yr_1.5T\ADNI\051_S_1296\MPR__GradWarp__B1_Correction__N3__Scaled\2007-02-12_14_52_00.0\I58022\ADNI_051_S_1296_MR_MPR__GradWarp__B1_Correction__N3__Scaled_Br_20070628165536504_S26431_I58022.nii,1930.0,77.0
051_S_1331,MCI,1,bl,2007-05-16,Female,11.0,Not Hispanic or Latino,White,26.0,1.5,C:\Users\arine\Downloads\ADNI1_Complete_1Yr_1.5T\ADNI\051_S_1331\MPR__GradWarp__B1_Correction__N3__Scaled\2007-04-13_09_05_52.0\I64152\ADNI_051_S_1331_MR_MPR__GradWarp__B1_Correction__N3__Scaled_Br_20070802183344983_S29664_I64152.nii,1930.0,77.0
051_S_1331,MCI,1,bl,2007-05-16,Female,11.0,Not Hispanic or Latino,White,26.0,1.5,C:\Users\arine\Downloads\ADNI1_Complete_1Yr_1.5T\ADNI\051_S_1331\MPR__GradWarp__B1_Correction__N3__Scaled\2007-04-13_09_05_52.0\I64152\ADNI_051_S_1331_MR_MPR__GradWarp__B1_Correction__N3__Scaled_Br_20070802183344983_S29664_I64152.nii,1930.0,77.0
051_S_1331,MCI,1,bl,2007-05-16,Female,11.0,Not Hispanic or Latino,White,26.0,1.5,C:\Users\arine\Downloads\ADNI1_Complete_1Yr_1.5T\ADNI\051_S_1331\MPR__GradWarp__B1_Correction__N3__Scaled\2007-04-13_09_05_52.0\I64152\ADNI_051_S_1331_MR_MPR__GradWarp__B1_Correction__N3__Scaled_Br_20070802183344983_S29664_I64152.nii,1930.0,77.0
094_S_1397,Dementia,2,bl,2007-05-17,Female,18.0,Not Hispanic or Latino,White,24.0,4.5,C:\Users\arine\Downloads\ADNI1_Complete_1Yr_1.5T\ADNI\094_S_1397\MPR-R__GradWarp__B1_Correction__N3__Scaled\2007-04-26_13_50_04.0\I95662\ADNI_094_S_1397_MR_MPR-R__GradWarp__B1_Correction__N3__Scaled_Br_20080307104443256_S31011_I95662.nii,1952.0,55.0
094_S_1398,MCI,1,bl,2007-05-17,Female,16.0,Not Hispanic or Latino,White,24.0,2.0,C:\Users\arine\Downloads\ADNI1_Complete_1Yr_1.5T\ADNI\094_S_1398\MPR__GradWarp__B1_Correction__N3__Scaled\2007-05-03_12_48_21.0\I63227\ADNI_094_S_1398_MR_MPR__GradWarp__B1_Correction__N3__Scaled_Br_20070731125345541_S31771_I63227.nii,1929.0,78.0
094_S_1402,Dementia,2,bl,2007-05-25,Male,20.0,Not Hispanic or Latino,White,23.0,4.0,C:\Users\arine\Downloads\ADNI1_Complete_1Yr_1.5T\ADNI\094_S_1402\MPR__GradWarp__B1_Correction__N3__Scaled\2007-05-10_13_13_12.0\I66078\ADNI_094_S_1402_MR_MPR__GradWarp__B1_Correction__N3__Scaled_Br_20070808191131320_S32102_I66078.nii,1937.0,70.0
053_S_1044,Dementia,2,bl,2007-01-15,Male,13.0,Not Hispanic or Latino,White,25.0,5.0,C:\Users\arine\Downloads\ADNI1_Complete_1Yr_1.5T\ADNI\053_S_1044\MPR-R__GradWarp__B1_Correction__N3__Scaled\2006-10-26_15_27_25.0\I64203\ADNI_053_S_1044_MR_MPR-R__GradWarp__B1_Correction__N3__Scaled_Br_20070802192148921_S21256_I64203.nii,1941.0,66.0
082_S_0928,MCI,1,bl,2006-11-02,Female,20.0,Not Hispanic or Latino,White,27.0,2.0,C:\Users\arine\Downloads\ADNI1_Complete_1Yr_1.5T\ADNI\082_S_0928\MPR-R__GradWarp__B1_Correction__N3__Scaled\2006-09-29_11_10_42.0\I39805\ADNI_082_S_0928_MR_MPR-R__GradWarp__B1_Correction__N3__Scaled_Br_20070213190145935_S19648_I39805.nii,1923.0,83.0
082_S_1119,MCI,1,bl,2006-12-18,Male,18.0,Not Hispanic or Latino,White,29.0,3.5,C:\Users\arine\Downloads\ADNI1_Complete_1Yr_1.5T\ADNI\082_S_1119\MPR__GradWarp__B1_Correction__N3__Scaled\2006-12-07_12_55_42.0\I63147\ADNI_082_S_1119_MR_MPR__GradWarp__B1_Correction__N3__Scaled_Br_20070731113830050_S23733_I63147.nii,1930.0,76.0
082_S_1377,Dementia,2,bl,2007-03-26,Male,16.0,Not Hispanic or Latino,White,23.0,4.5,C:\Users\arine\Downloads\ADNI1_Complete_1Yr_1.5T\ADNI\082_S_1377\MPR-R__GradWarp__B1_Correction__N3__Scaled\2007-03-20_11_12_04.0\I63170\ADNI_082_S_1377_MR_MPR-R__GradWarp__B1_Correction__N3__Scaled_Br_20070731115515322_S28495_I63170.nii,1924.0,83.0
137_S_1426,MCI,1,bl,2007-10-19,Male,18.0,Not Hispanic or Latino,White,26.0,0.5,C:\Users\arine\Downloads\ADNI1_Complete_1Yr_1.5T\ADNI\137_S_1426\MPR-R__GradWarp__N3__Scaled\2007-09-07_12_13_42.0\I79102\ADNI_137_S_1426_MR_MPR-R__GradWarp__N3__Scaled_Br_20071028132128065_S39052_I79102.nii,1924.0,83.0
